( pcb2gcode 3.0.4 )
( Software-independent Gcode )

G94 ( Millimeters per minute feed rate. )
G21 ( Units == Millimeters. )

G90 ( Absolute coordinates. )
G00 S10000 ( RPM spindle speed. )
G01 F600.00000 ( Feedrate. )


G00 Z0.00000 (Retract to tool change height)
T1
M5      (Spindle stop.)
G04 P1.00000 (Wait for spindle to stop)
(MSG, Change tool bit to mill diameter 0.40000mm)
M0      (Temporary machine stop.)
M3 ( Spindle on clockwise. )
G04 P1.00000 (Wait for spindle to get up to speed)
G04 P0 ( dwell for no time -- G64 should not smooth over this point )
G00 Z2.00000 ( retract )

G00 X-6.05045 Y110.80000 ( rapid move to begin. )
G01 F300.00000
( Mill infeed pass 1/1 )
G01 Z-0.80000
G04 P0 ( dwell for no time -- G64 should not smooth over this point )
G01 F600.00000
G01 X-6.05045 Y110.80000
G01 X-6.08792 Y111.39528
G01 X-6.19970 Y111.98118
G01 X-6.38400 Y112.54844
G01 X-6.63795 Y113.08814
G01 X-6.95753 Y113.59172
G01 X-7.33775 Y114.05131
G01 X-7.77252 Y114.45959
G01 X-8.25507 Y114.81018
G01 X-8.77772 Y115.09751
G01 X-9.33231 Y115.31706
G01 X-9.91001 Y115.46540
G01 X-10.50175 Y115.54015
G01 X-11.09819 Y115.54015
G01 X-11.68996 Y115.46540
G01 X-12.26766 Y115.31706
G01 X-12.82222 Y115.09751
G01 X-13.34487 Y114.81018
G01 X-13.82742 Y114.45959
G01 X-14.26219 Y114.05131
G01 X-14.64241 Y113.59172
G01 X-14.96199 Y113.08811
G01 X-15.21596 Y112.54844
G01 X-15.40027 Y111.98118
G01 X-15.51203 Y111.39530
G01 X-15.54949 Y110.80000
G01 X-15.51203 Y110.20473
G01 X-15.40027 Y109.61888
G01 X-15.21596 Y109.05162
G01 X-14.96199 Y108.51195
G01 X-14.64241 Y108.00834
G01 X-14.26219 Y107.54875
G01 X-13.82742 Y107.14047
G01 X-13.34487 Y106.78988
G01 X-12.82222 Y106.50255
G01 X-12.26766 Y106.28299
G01 X-11.68994 Y106.13466
G01 X-11.09819 Y106.05988
G01 X-10.50175 Y106.05988
G01 X-9.91003 Y106.13466
G01 X-9.33231 Y106.28299
G01 X-8.77772 Y106.50255
G01 X-8.25507 Y106.78988
G01 X-7.77252 Y107.14047
G01 X-7.33775 Y107.54875
G01 X-6.95753 Y108.00834
G01 X-6.63795 Y108.51192
G01 X-6.38400 Y109.05162
G01 X-6.19970 Y109.61888
G01 X-6.08792 Y110.20475
G01 X-6.05045 Y110.80000
G04 P0 ( dwell for no time -- G64 should not smooth over this point )
G00 Z2.00000 ( retract )

G00 X-5.55007 Y110.80323 ( rapid move to begin. )
G01 F300.00000
( Mill infeed pass 1/1 )
G01 Z-0.80000
G04 P0 ( dwell for no time -- G64 should not smooth over this point )
G01 F600.00000
G01 X-5.55007 Y110.80323
G01 X-5.59185 Y111.46119
G01 X-5.71423 Y112.10252
G01 X-5.91753 Y112.72962
G01 X-6.19790 Y113.32639
G01 X-6.55456 Y113.88839
G01 X-6.97077 Y114.39151
G01 X-7.45108 Y114.84310
G01 X-7.97920 Y115.22730
G01 X-8.56759 Y115.55163
G01 X-9.16286 Y115.78775
G01 X-9.83188 Y115.95951
G01 X-10.47353 Y116.03977
G01 X-11.12649 Y116.03974
G01 X-11.78686 Y115.95633
G01 X-12.43720 Y115.78770
G01 X-13.03822 Y115.54889
G01 X-13.61571 Y115.23096
G01 X-14.14398 Y114.84714
G01 X-14.62912 Y114.39154
G01 X-15.04535 Y113.88844
G01 X-15.39895 Y113.33200
G01 X-15.68238 Y112.72972
G01 X-15.88416 Y112.10871
G01 X-16.00809 Y111.46119
G01 X-16.04987 Y110.79688
G01 X-16.00888 Y110.14522
G01 X-15.88574 Y109.49754
G01 X-15.68007 Y108.86450
G01 X-15.40204 Y108.27367
G01 X-15.04916 Y107.71685
G01 X-14.62922 Y107.20860
G01 X-14.14886 Y106.75696
G01 X-13.61035 Y106.36570
G01 X-13.03817 Y106.05114
G01 X-12.42534 Y105.80807
G01 X-11.78064 Y105.64253
G01 X-11.13281 Y105.56067
G01 X-10.47358 Y105.56026
G01 X-9.81945 Y105.64251
G01 X-9.18072 Y105.80608
G01 X-8.56177 Y106.05114
G01 X-7.98423 Y106.36910
G01 X-7.45596 Y106.75292
G01 X-6.97082 Y107.20852
G01 X-6.55459 Y107.71162
G01 X-6.20100 Y108.26806
G01 X-5.91758 Y108.87034
G01 X-5.71581 Y109.49135
G01 X-5.59383 Y110.12637
G01 X-5.55007 Y110.80323
G01 X-5.24949 Y110.58194
G01 X-5.24949 Y111.01811
G01 X-5.28370 Y111.45291
G01 X-5.35192 Y111.88369
G01 X-5.45375 Y112.30782
G01 X-5.58853 Y112.72263
G01 X-5.75543 Y113.12558
G01 X-5.95345 Y113.51422
G01 X-6.18134 Y113.88610
G01 X-6.43770 Y114.23896
G01 X-6.72096 Y114.57058
G01 X-7.02939 Y114.87902
G01 X-7.36101 Y115.16228
G01 X-7.71390 Y115.41864
G01 X-8.08578 Y115.64653
G01 X-8.47442 Y115.84457
G01 X-8.87737 Y116.01147
G01 X-9.29215 Y116.14625
G01 X-9.71631 Y116.24808
G01 X-10.14709 Y116.31630
G01 X-10.58189 Y116.35051
G01 X-11.01806 Y116.35051
G01 X-11.45285 Y116.31630
G01 X-11.88366 Y116.24808
G01 X-12.30779 Y116.14625
G01 X-12.72257 Y116.01150
G01 X-13.12552 Y115.84455
G01 X-13.51416 Y115.64655
G01 X-13.88605 Y115.41866
G01 X-14.23890 Y115.16230
G01 X-14.57055 Y114.87904
G01 X-14.87898 Y114.57061
G01 X-15.16222 Y114.23899
G01 X-15.41861 Y113.88610
G01 X-15.64649 Y113.51422
G01 X-15.84451 Y113.12558
G01 X-16.01142 Y112.72263
G01 X-16.14619 Y112.30782
G01 X-16.24802 Y111.88369
G01 X-16.31624 Y111.45291
G01 X-16.35046 Y111.01811
G01 X-16.35046 Y110.58194
G01 X-16.31624 Y110.14715
G01 X-16.24802 Y109.71634
G01 X-16.14619 Y109.29221
G01 X-16.01142 Y108.87743
G01 X-15.84451 Y108.47448
G01 X-15.64649 Y108.08584
G01 X-15.41861 Y107.71393
G01 X-15.16222 Y107.36107
G01 X-14.87898 Y107.02942
G01 X-14.57055 Y106.72102
G01 X-14.23890 Y106.43776
G01 X-13.88607 Y106.18139
G01 X-13.51416 Y105.95351
G01 X-13.12552 Y105.75549
G01 X-12.72257 Y105.58858
G01 X-12.30779 Y105.45381
G01 X-11.88366 Y105.35198
G01 X-11.45285 Y105.28376
G01 X-11.01806 Y105.24954
G01 X-10.58189 Y105.24954
G01 X-10.14709 Y105.28376
G01 X-9.71631 Y105.35198
G01 X-9.29218 Y105.45381
G01 X-8.87737 Y105.58858
G01 X-8.47442 Y105.75549
G01 X-8.08578 Y105.95351
G01 X-7.71390 Y106.18139
G01 X-7.36101 Y106.43778
G01 X-7.02939 Y106.72102
G01 X-6.72096 Y107.02945
G01 X-6.43770 Y107.36110
G01 X-6.18134 Y107.71395
G01 X-5.95345 Y108.08584
G01 X-5.75545 Y108.47448
G01 X-5.58850 Y108.87743
G01 X-5.45375 Y109.29221
G01 X-5.35192 Y109.71634
G01 X-5.28370 Y110.14715
G01 X-5.24949 Y110.58194
G04 P0 ( dwell for no time -- G64 should not smooth over this point )
G00 Z2.00000 ( retract )

G00 X-2.85000 Y98.05002 ( rapid move to begin. )
G01 F300.00000
( Mill infeed pass 1/1 )
G01 Z-0.80000
G04 P0 ( dwell for no time -- G64 should not smooth over this point )
G01 F600.00000
G01 X-2.85000 Y98.05002
G01 X-2.85000 Y102.55001
G01 X-2.85437 Y102.59159
G01 X-2.86727 Y102.63136
G01 X-2.88818 Y102.66756
G01 X-2.91617 Y102.69865
G01 X-2.94106 Y102.71775
G01 X-2.97832 Y102.73672
G01 X-3.00839 Y102.74564
G01 X-3.05000 Y102.75001
G01 X-7.56045 Y102.74973
G01 X-7.60176 Y102.74320
G01 X-7.63135 Y102.73271
G01 X-7.65891 Y102.71775
G01 X-7.69142 Y102.69143
G01 X-7.71773 Y102.65895
G01 X-7.73671 Y102.62169
G01 X-7.74562 Y102.59159
G01 X-7.74999 Y102.55001
G01 X-7.74999 Y98.05002
G01 X-7.74562 Y98.00844
G01 X-7.73671 Y97.97834
G01 X-7.71773 Y97.94108
G01 X-7.69142 Y97.90859
G01 X-7.65891 Y97.88227
G01 X-7.63135 Y97.86731
G01 X-7.59157 Y97.85439
G01 X-7.54999 Y97.85002
G01 X-3.02907 Y97.85113
G01 X-2.98818 Y97.85980
G01 X-2.95919 Y97.87181
G01 X-2.93242 Y97.88822
G01 X-2.90136 Y97.91618
G01 X-2.87677 Y97.95002
G01 X-2.86328 Y97.97834
G01 X-2.85244 Y98.01875
G01 X-2.85000 Y98.05002
G01 X-2.54949 Y98.00247
G01 X-2.54949 Y102.59758
G01 X-2.55315 Y102.63799
G01 X-2.59021 Y102.75694
G01 X-2.65310 Y102.86098
G01 X-2.73903 Y102.94691
G01 X-2.84307 Y103.00977
G01 X-2.96204 Y103.04686
G01 X-3.00245 Y103.05051
G01 X-7.59751 Y103.05051
G01 X-7.63790 Y103.04686
G01 X-7.75690 Y103.00977
G01 X-7.86091 Y102.94691
G01 X-7.94686 Y102.86095
G01 X-8.00973 Y102.75694
G01 X-8.04681 Y102.63797
G01 X-8.05047 Y102.59756
G01 X-8.05047 Y98.00252
G01 X-8.04681 Y97.96208
G01 X-8.00973 Y97.84311
G01 X-7.94686 Y97.73912
G01 X-7.86091 Y97.65314
G01 X-7.75690 Y97.59028
G01 X-7.63792 Y97.55319
G01 X-7.59751 Y97.54956
G01 X-3.00245 Y97.54956
G01 X-2.96204 Y97.55319
G01 X-2.84307 Y97.59028
G01 X-2.73903 Y97.65314
G01 X-2.65310 Y97.73907
G01 X-2.59021 Y97.84311
G01 X-2.55315 Y97.96206
G01 X-2.54949 Y98.00247
G04 P0 ( dwell for no time -- G64 should not smooth over this point )
G00 Z2.00000 ( retract )

G00 X-2.54952 Y91.92275 ( rapid move to begin. )
G01 F300.00000
( Mill infeed pass 1/1 )
G01 Z-0.80000
G04 P0 ( dwell for no time -- G64 should not smooth over this point )
G01 F600.00000
G01 X-2.54952 Y91.92275
G01 X-2.55218 Y91.61879
G01 X-2.59361 Y91.33352
G01 X-2.67139 Y91.05519
G01 X-2.78409 Y90.78912
G01 X-2.92993 Y90.53964
G01 X-3.10646 Y90.31087
G01 X-3.31081 Y90.10652
G01 X-3.53958 Y89.92997
G01 X-3.78906 Y89.78417
G01 X-4.05515 Y89.67145
G01 X-4.33346 Y89.59367
G01 X-4.61896 Y89.55219
G01 X-4.88484 Y89.54805
G01 X-4.98411 Y89.52174
G01 X-5.03150 Y89.50083
G01 X-5.07192 Y89.46847
G01 X-5.13742 Y89.39166
G01 X-5.16135 Y89.34574
G01 X-5.17148 Y89.30553
G01 X-5.18335 Y89.21569
G01 X-5.18065 Y89.17429
G01 X-5.17303 Y89.14409
G01 X-5.12599 Y89.04150
G01 X-4.98009 Y88.86515
G01 X-4.90943 Y88.72987
G01 X-4.86709 Y88.58189
G01 X-4.85949 Y88.49629
G01 X-4.85949 Y86.10379
G01 X-4.86709 Y86.01816
G01 X-4.90943 Y85.87018
G01 X-4.98009 Y85.73490
G01 X-5.07656 Y85.61661
G01 X-5.19485 Y85.52015
G01 X-5.33013 Y85.44948
G01 X-5.47811 Y85.40714
G01 X-5.56371 Y85.39955
G01 X-6.76922 Y85.39922
G01 X-6.81415 Y85.39142
G01 X-6.91253 Y85.35959
G01 X-6.94138 Y85.34237
G01 X-6.98690 Y85.30463
G01 X-7.96650 Y84.32500
G01 X-7.99487 Y84.28929
G01 X-8.03411 Y84.21812
G01 X-8.05502 Y84.15970
G01 X-8.05852 Y84.11840
G01 X-8.05052 Y84.01771
G01 X-8.03909 Y83.97786
G01 X-8.01971 Y83.94121
G01 X-7.96541 Y83.86864
G01 X-7.92738 Y83.83346
G01 X-7.89121 Y83.81311
G01 X-7.78618 Y83.77626
G01 X-7.72418 Y83.77346
G01 X-7.62548 Y83.79411
G01 X-7.59650 Y83.80445
G01 X-7.55360 Y83.82795
G01 X-7.34760 Y83.91324
G01 X-7.13234 Y83.97092
G01 X-6.91138 Y84.00001
G01 X-6.68855 Y84.00001
G01 X-6.46762 Y83.97092
G01 X-6.25235 Y83.91324
G01 X-6.04646 Y83.82797
G01 X-5.95896 Y83.77745
G01 X-6.03315 Y83.70323
G01 X-6.12716 Y83.75167
G01 X-6.25609 Y83.80473
G01 X-6.38916 Y83.84636
G01 X-6.52533 Y83.87626
G01 X-6.66361 Y83.89419
G01 X-6.80290 Y83.90001
G01 X-6.94217 Y83.89368
G01 X-7.08037 Y83.87527
G01 X-7.21644 Y83.84486
G01 X-7.34933 Y83.80275
G01 X-7.47808 Y83.74921
G01 X-7.59403 Y83.68888
G01 X-7.72619 Y83.60448
G01 X-7.82969 Y83.52465
G01 X-7.93239 Y83.43036
G01 X-8.02649 Y83.32749
G01 X-8.10612 Y83.22383
G01 X-8.19030 Y83.09152
G01 X-8.25042 Y82.97547
G01 X-8.30371 Y82.84664
G01 X-8.34559 Y82.71365
G01 X-8.37574 Y82.57753
G01 X-8.39391 Y82.43930
G01 X-8.39998 Y82.30001
G01 X-8.39391 Y82.16072
G01 X-8.37574 Y82.02249
G01 X-8.34559 Y81.88637
G01 X-8.30371 Y81.75338
G01 X-8.25042 Y81.62455
G01 X-8.20315 Y81.53323
G01 X-8.27740 Y81.45899
G01 X-8.32792 Y81.54652
G01 X-8.41321 Y81.75241
G01 X-8.47089 Y81.96768
G01 X-8.49995 Y82.18858
G01 X-8.49995 Y82.41147
G01 X-8.47089 Y82.63239
G01 X-8.41321 Y82.84766
G01 X-8.32792 Y83.05355
G01 X-8.29713 Y83.11726
G01 X-8.27379 Y83.21657
G01 X-8.27204 Y83.24766
G01 X-8.27724 Y83.28883
G01 X-8.30950 Y83.38454
G01 X-8.33503 Y83.42960
G01 X-8.37122 Y83.46661
G01 X-8.43447 Y83.51598
G01 X-8.47064 Y83.53625
G01 X-8.52042 Y83.55040
G01 X-8.61064 Y83.55904
G01 X-8.64176 Y83.55797
G01 X-8.69205 Y83.54552
G01 X-8.78212 Y83.49998
G01 X-8.82283 Y83.46861
G01 X-11.45458 Y80.83694
G01 X-11.48295 Y80.80123
G01 X-11.52727 Y80.72008
G01 X-11.54183 Y80.67776
G01 X-11.54833 Y80.62930
G01 X-11.54950 Y51.38056
G01 X-11.54655 Y51.34648
G01 X-11.50955 Y51.22583
G01 X-11.48072 Y51.18082
G01 X-11.39110 Y51.00492
G01 X-11.33027 Y50.81770
G01 X-11.29730 Y50.62834
G01 X-11.25438 Y50.53533
G01 X-11.23263 Y50.50282
G01 X-8.27033 Y47.53887
G01 X-8.24415 Y47.51689
G01 X-8.15423 Y47.46653
G01 X-8.09474 Y47.44862
G01 X-8.06363 Y47.44684
G01 X-7.97323 Y47.45332
G01 X-7.92314 Y47.46627
G01 X-7.88651 Y47.48565
G01 X-7.82213 Y47.53351
G01 X-7.78502 Y47.56968
G01 X-7.75845 Y47.61413
G01 X-7.72677 Y47.69904
G01 X-7.71976 Y47.72937
G01 X-7.72017 Y47.79142
G01 X-7.74237 Y47.88977
G01 X-7.75916 Y47.92731
G01 X-7.82792 Y48.04648
G01 X-7.91321 Y48.25240
G01 X-7.97089 Y48.46767
G01 X-7.99995 Y48.68862
G01 X-7.99995 Y48.91146
G01 X-7.97148 Y49.12802
G01 X-7.88199 Y49.03853
G01 X-7.89416 Y48.93495
G01 X-7.89975 Y48.81890
G01 X-7.89756 Y48.71364
G01 X-7.88677 Y48.59576
G01 X-7.86777 Y48.48113
G01 X-7.84049 Y48.36818
G01 X-7.80996 Y48.27125
G01 X-7.76759 Y48.16302
G01 X-7.72253 Y48.06790
G01 X-7.66602 Y47.96719
G01 X-7.60828 Y47.87910
G01 X-7.53843 Y47.78715
G01 X-7.46914 Y47.70788
G01 X-7.38733 Y47.62642
G01 X-7.28789 Y47.54158
G01 X-7.19396 Y47.47321
G01 X-7.09530 Y47.41181
G01 X-7.00554 Y47.36411
G01 X-6.89947 Y47.31669
G01 X-6.77638 Y47.27270
G01 X-6.67841 Y47.24552
G01 X-6.56460 Y47.22218
G01 X-6.44938 Y47.20717
G01 X-6.33341 Y47.20049
G01 X-6.21723 Y47.20226
G01 X-6.10148 Y47.21250
G01 X-5.98680 Y47.23109
G01 X-5.87377 Y47.25794
G01 X-5.76297 Y47.29294
G01 X-5.67595 Y47.32746
G01 X-5.59886 Y47.25042
G01 X-5.75236 Y47.18682
G01 X-5.96762 Y47.12911
G01 X-6.18855 Y47.10003
G01 X-6.41138 Y47.10003
G01 X-6.63234 Y47.12911
G01 X-6.84760 Y47.18682
G01 X-7.05350 Y47.27209
G01 X-7.19043 Y47.34969
G01 X-7.30092 Y47.37920
G01 X-7.34224 Y47.38260
G01 X-7.39345 Y47.37478
G01 X-7.47912 Y47.34516
G01 X-7.50696 Y47.33122
G01 X-7.55456 Y47.29142
G01 X-7.61633 Y47.21154
G01 X-7.63470 Y47.17440
G01 X-7.64321 Y47.14445
G01 X-7.65291 Y47.05439
G01 X-7.65245 Y47.01204
G01 X-7.63521 Y46.95106
G01 X-7.58055 Y46.85218
G01 X-6.51860 Y45.78759
G01 X-6.49122 Y45.76709
G01 X-6.40234 Y45.71926
G01 X-6.36485 Y45.70753
G01 X-6.31906 Y45.70166
G01 X-5.10372 Y45.70051
G01 X-5.01812 Y45.69295
G01 X-4.87016 Y45.65058
G01 X-4.73486 Y45.57989
G01 X-4.61654 Y45.48345
G01 X-4.52010 Y45.36513
G01 X-4.44941 Y45.22988
G01 X-4.40707 Y45.08190
G01 X-4.39948 Y44.99627
G01 X-4.39948 Y42.60377
G01 X-4.40707 Y42.51817
G01 X-4.44941 Y42.37022
G01 X-4.52010 Y42.23491
G01 X-4.61654 Y42.11660
G01 X-4.73486 Y42.02016
G01 X-4.87016 Y41.94947
G01 X-5.01812 Y41.90713
G01 X-5.10372 Y41.89953
G01 X-7.49624 Y41.89953
G01 X-7.58184 Y41.90713
G01 X-7.72980 Y41.94947
G01 X-7.86510 Y42.02016
G01 X-7.98339 Y42.11660
G01 X-8.07986 Y42.23491
G01 X-8.15052 Y42.37019
G01 X-8.19286 Y42.51817
G01 X-8.20046 Y42.60377
G01 X-8.20079 Y43.80926
G01 X-8.20567 Y43.84314
G01 X-8.23124 Y43.93059
G01 X-8.25850 Y43.98266
G01 X-8.29538 Y44.02693
G01 X-13.50380 Y49.23538
G01 X-13.61950 Y49.39461
G01 X-13.70012 Y49.55286
G01 X-13.70235 Y49.85255
G01 X-13.71754 Y49.94386
G01 X-13.74665 Y50.03198
G01 X-13.78775 Y50.11234
G01 X-13.83349 Y50.17737
G01 X-13.96463 Y50.31265
G01 X-14.01967 Y50.48206
G01 X-14.05046 Y50.67648
G01 X-14.05046 Y81.35846
G01 X-14.01967 Y81.55287
G01 X-13.95884 Y81.74007
G01 X-13.86951 Y81.91543
G01 X-13.75381 Y82.07466
G01 X-8.75537 Y87.07310
G01 X-8.72700 Y87.10884
G01 X-8.67419 Y87.21074
G01 X-8.66599 Y87.24328
G01 X-8.66076 Y87.29144
G01 X-8.66045 Y88.49626
G01 X-8.65286 Y88.58189
G01 X-8.61052 Y88.72987
G01 X-8.53985 Y88.86515
G01 X-8.44338 Y88.98344
G01 X-8.32510 Y89.07990
G01 X-8.15558 Y89.17178
G01 X-8.08032 Y89.24292
G01 X-8.06012 Y89.26855
G01 X-8.04435 Y89.29713
G01 X-8.01715 Y89.38930
G01 X-8.01075 Y89.43020
G01 X-8.01047 Y89.93845
G01 X-7.97968 Y90.13286
G01 X-7.91885 Y90.32006
G01 X-7.82949 Y90.49545
G01 X-7.71379 Y90.65468
G01 X-7.11700 Y91.25194
G01 X-7.09647 Y91.27934
G01 X-7.05253 Y91.35971
G01 X-7.03638 Y91.40860
G01 X-7.03135 Y91.48356
G01 X-7.04821 Y91.62189
G01 X-7.05047 Y91.67822
G01 X-7.04821 Y91.97815
G01 X-7.00633 Y92.26654
G01 X-6.92855 Y92.54485
G01 X-6.81583 Y92.81094
G01 X-6.67003 Y93.06042
G01 X-6.49348 Y93.28919
G01 X-6.28913 Y93.49354
G01 X-6.06036 Y93.67007
G01 X-5.81088 Y93.81591
G01 X-5.54481 Y93.92861
G01 X-5.26648 Y94.00639
G01 X-4.97814 Y94.04827
G01 X-4.61873 Y94.04781
G01 X-4.33346 Y94.00639
G01 X-4.05515 Y93.92861
G01 X-3.78909 Y93.81591
G01 X-3.53958 Y93.67007
G01 X-3.31081 Y93.49354
G01 X-3.10646 Y93.28919
G01 X-2.92993 Y93.06042
G01 X-2.78411 Y92.81091
G01 X-2.67139 Y92.54485
G01 X-2.59361 Y92.26654
G01 X-2.55173 Y91.97820
G01 X-2.54952 Y91.92275
G01 X-2.85028 Y91.83428
G01 X-2.86600 Y92.04756
G01 X-2.89978 Y92.23789
G01 X-2.95574 Y92.43347
G01 X-3.02739 Y92.61269
G01 X-3.11662 Y92.78381
G01 X-3.23445 Y92.96263
G01 X-3.36430 Y93.11962
G01 X-3.50217 Y93.25511
G01 X-3.66943 Y93.38884
G01 X-3.84111 Y93.49798
G01 X-4.00445 Y93.58015
G01 X-4.20387 Y93.65668
G01 X-4.41111 Y93.71060
G01 X-4.60186 Y93.73994
G01 X-4.79257 Y93.75000
G01 X-4.92576 Y93.74586
G01 X-5.06094 Y93.73237
G01 X-5.19485 Y93.70951
G01 X-5.32685 Y93.67738
G01 X-5.45629 Y93.63616
G01 X-5.58256 Y93.58599
G01 X-5.70501 Y93.52717
G01 X-5.82307 Y93.45996
G01 X-5.92480 Y93.39277
G01 X-6.02464 Y93.31739
G01 X-6.12688 Y93.22882
G01 X-6.22314 Y93.13296
G01 X-6.31250 Y93.03062
G01 X-6.39452 Y92.92234
G01 X-6.46879 Y92.80860
G01 X-6.54247 Y92.67489
G01 X-6.61697 Y92.50789
G01 X-6.67783 Y92.32475
G01 X-6.72231 Y92.12595
G01 X-6.74603 Y91.92450
G01 X-6.74880 Y91.73179
G01 X-6.73112 Y91.52940
G01 X-6.69492 Y91.33982
G01 X-6.67410 Y91.26926
G01 X-7.46764 Y90.47383
G01 X-7.53861 Y90.38430
G01 X-7.59322 Y90.29634
G01 X-7.63767 Y90.20355
G01 X-7.66851 Y90.11683
G01 X-7.69759 Y89.99303
G01 X-7.70948 Y89.86982
G01 X-7.70993 Y88.90000
G01 X-7.94354 Y88.89791
G01 X-8.03264 Y88.88293
G01 X-8.11659 Y88.84945
G01 X-8.19949 Y88.79344
G01 X-8.23505 Y88.75997
G01 X-8.29114 Y88.68915
G01 X-8.33488 Y88.59814
G01 X-8.35306 Y88.52847
G01 X-8.36000 Y88.45001
G01 X-8.36000 Y87.04351
G01 X-13.48589 Y81.91721
G01 X-13.54083 Y81.85467
G01 X-13.59306 Y81.78302
G01 X-13.63354 Y81.71573
G01 X-13.67238 Y81.63605
G01 X-13.70047 Y81.56272
G01 X-13.72491 Y81.47680
G01 X-13.74119 Y81.38894
G01 X-13.74866 Y81.31010
G01 X-13.74998 Y50.77490
G01 X-13.73994 Y50.63726
G01 X-13.72476 Y50.55745
G01 X-13.69913 Y50.46832
G01 X-13.64116 Y50.33347
G01 X-13.60004 Y50.26266
G01 X-13.55404 Y50.19736
G01 X-13.49910 Y50.13525
G01 X-13.49699 Y49.97521
G01 X-13.48516 Y49.88298
G01 X-13.46181 Y49.78349
G01 X-13.42765 Y49.68649
G01 X-13.38320 Y49.59370
G01 X-13.33494 Y49.51534
G01 X-13.25757 Y49.41613
G01 X-7.89988 Y44.05645
G01 X-7.89706 Y42.59900
G01 X-7.88118 Y42.52127
G01 X-7.84808 Y42.44020
G01 X-7.81070 Y42.38104
G01 X-7.76221 Y42.32600
G01 X-7.70541 Y42.27959
G01 X-7.63505 Y42.23984
G01 X-7.55210 Y42.21175
G01 X-7.47481 Y42.20070
G01 X-5.14491 Y42.20006
G01 X-5.04984 Y42.21129
G01 X-4.96305 Y42.24068
G01 X-4.90105 Y42.27583
G01 X-4.84044 Y42.32389
G01 X-4.81505 Y42.35036
G01 X-4.77143 Y42.40672
G01 X-4.72998 Y42.48846
G01 X-4.70811 Y42.56588
G01 X-4.70064 Y42.63372
G01 X-4.70036 Y44.96224
G01 X-4.71037 Y45.04471
G01 X-4.72079 Y45.08241
G01 X-4.75520 Y45.16592
G01 X-4.80654 Y45.24032
G01 X-4.87959 Y45.30867
G01 X-4.92378 Y45.33773
G01 X-5.01756 Y45.38007
G01 X-5.11634 Y45.39871
G01 X-6.55642 Y45.40001
G01 X-11.59999 Y50.44356
G01 X-11.60040 Y50.54724
G01 X-11.60568 Y50.62898
G01 X-11.62489 Y50.74102
G01 X-11.65412 Y50.84107
G01 X-11.69890 Y50.94701
G01 X-11.75016 Y51.03698
G01 X-11.81833 Y51.13043
G01 X-11.84998 Y51.16563
G01 X-11.84998 Y80.86651
G01 X-7.01646 Y85.70003
G01 X-5.57633 Y85.70132
G01 X-5.47910 Y85.71951
G01 X-5.38726 Y85.75934
G01 X-5.30671 Y85.81867
G01 X-5.27867 Y85.84593
G01 X-5.22434 Y85.91816
G01 X-5.18652 Y86.00023
G01 X-5.17395 Y86.04067
G01 X-5.16021 Y86.14049
G01 X-5.15998 Y88.45001
G01 X-5.16521 Y88.51808
G01 X-5.19780 Y88.62951
G01 X-5.21873 Y88.67003
G01 X-5.27987 Y88.75575
G01 X-5.37727 Y88.83515
G01 X-5.47133 Y88.87810
G01 X-5.57240 Y88.89730
G01 X-5.80999 Y88.90000
G01 X-5.80999 Y89.44650
G01 X-5.33227 Y89.92423
G01 X-5.22609 Y89.89723
G01 X-5.10433 Y89.87399
G01 X-4.99145 Y89.85951
G01 X-4.86778 Y89.85125
G01 X-4.75454 Y89.85062
G01 X-4.64090 Y89.85659
G01 X-4.51774 Y89.87061
G01 X-4.40567 Y89.89037
G01 X-4.28515 Y89.91927
G01 X-4.17684 Y89.95232
G01 X-4.07067 Y89.99161
G01 X-3.96643 Y90.03723
G01 X-3.85609 Y90.09375
G01 X-3.76851 Y90.14523
G01 X-3.66547 Y90.21412
G01 X-3.57486 Y90.28300
G01 X-3.48536 Y90.36009
G01 X-3.35627 Y90.48958
G01 X-3.22742 Y90.64736
G01 X-3.15455 Y90.75366
G01 X-3.10215 Y90.84104
G01 X-3.05411 Y90.93156
G01 X-3.00796 Y91.03113
G01 X-2.94157 Y91.21018
G01 X-2.90649 Y91.33421
G01 X-2.88475 Y91.43375
G01 X-2.86816 Y91.53487
G01 X-2.85587 Y91.65150
G01 X-2.85028 Y91.83428
G04 P0 ( dwell for no time -- G64 should not smooth over this point )
G00 Z2.00000 ( retract )

G00 X-5.09998 Y82.18861 ( rapid move to begin. )
G01 F300.00000
( Mill infeed pass 1/1 )
G01 Z-0.80000
G04 P0 ( dwell for no time -- G64 should not smooth over this point )
G01 F600.00000
G01 X-5.09998 Y82.18861
G01 X-5.09998 Y82.41144
G01 X-5.12907 Y82.63239
G01 X-5.18675 Y82.84766
G01 X-5.27202 Y83.05353
G01 X-5.32254 Y83.14105
G01 X-5.39617 Y83.06745
G01 X-5.32005 Y82.90753
G01 X-5.26871 Y82.76394
G01 X-5.22955 Y82.60611
G01 X-5.20659 Y82.44509
G01 X-5.20024 Y82.29275
G01 X-5.20923 Y82.13039
G01 X-5.21944 Y82.06300
G01 X-5.12848 Y81.97205
G01 X-5.09998 Y82.18861
G04 P0 ( dwell for no time -- G64 should not smooth over this point )
G00 Z2.00000 ( retract )

G00 X-6.47199 Y80.62854 ( rapid move to begin. )
G01 F300.00000
( Mill infeed pass 1/1 )
G01 Z-0.80000
G04 P0 ( dwell for no time -- G64 should not smooth over this point )
G01 F600.00000
G01 X-6.47199 Y80.62854
G01 X-6.56284 Y80.71939
G01 X-6.62746 Y80.70956
G01 X-6.78982 Y80.70027
G01 X-6.94217 Y80.70634
G01 X-7.10323 Y80.72902
G01 X-7.27148 Y80.77134
G01 X-7.42467 Y80.82699
G01 X-7.56741 Y80.89620
G01 X-7.64100 Y80.82259
G01 X-7.55350 Y80.77207
G01 X-7.34760 Y80.68681
G01 X-7.13234 Y80.62912
G01 X-6.91138 Y80.60004
G01 X-6.68855 Y80.60004
G01 X-6.47199 Y80.62854
G04 P0 ( dwell for no time -- G64 should not smooth over this point )
G00 Z2.00000 ( retract )

G00 X-5.74997 Y79.50195 ( rapid move to begin. )
G01 F300.00000
( Mill infeed pass 1/1 )
G01 Z-0.80000
G04 P0 ( dwell for no time -- G64 should not smooth over this point )
G01 F600.00000
G01 X-5.74997 Y79.50195
G01 X-5.74997 Y79.61769
G01 X-5.81735 Y79.58505
G01 X-6.04618 Y79.43352
G01 X-6.25279 Y79.25282
G01 X-6.43346 Y79.04624
G01 X-6.58499 Y78.81739
G01 X-6.65068 Y78.68186
G01 X-6.60516 Y78.69943
G01 X-6.51497 Y78.72534
G01 X-6.48517 Y78.78084
G01 X-6.39345 Y78.92372
G01 X-6.29541 Y79.05153
G01 X-6.18085 Y79.17688
G01 X-6.05584 Y79.29179
G01 X-5.92833 Y79.39021
G01 X-5.74997 Y79.50195
G04 P0 ( dwell for no time -- G64 should not smooth over this point )
G00 Z2.00000 ( retract )

G00 X-2.79892 Y78.25003 ( rapid move to begin. )
G01 F300.00000
( Mill infeed pass 1/1 )
G01 Z-0.80000
G04 P0 ( dwell for no time -- G64 should not smooth over this point )
G01 F600.00000
G01 X-2.79892 Y78.25003
G01 X-2.90352 Y78.25003
G01 X-2.92074 Y78.32031
G01 X-2.95432 Y78.42905
G01 X-2.99338 Y78.53377
G01 X-3.04390 Y78.64759
G01 X-3.09633 Y78.74858
G01 X-3.15424 Y78.84586
G01 X-3.23158 Y78.95861
G01 X-3.30054 Y79.04657
G01 X-3.38317 Y79.13974
G01 X-3.47265 Y79.22844
G01 X-3.56653 Y79.31025
G01 X-3.65510 Y79.37843
G01 X-3.74911 Y79.44254
G01 X-3.84997 Y79.50266
G01 X-3.84997 Y79.61767
G01 X-3.78261 Y79.58503
G01 X-3.55376 Y79.43352
G01 X-3.34718 Y79.25282
G01 X-3.16648 Y79.04624
G01 X-3.01495 Y78.81739
G01 X-2.89529 Y78.57040
G01 X-2.80977 Y78.31015
G01 X-2.79892 Y78.25003
G04 P0 ( dwell for no time -- G64 should not smooth over this point )
G00 Z2.00000 ( retract )

G00 X-2.79892 Y77.35001 ( rapid move to begin. )
G01 F300.00000
( Mill infeed pass 1/1 )
G01 Z-0.80000
G04 P0 ( dwell for no time -- G64 should not smooth over this point )
G01 F600.00000
G01 X-2.79892 Y77.35001
G01 X-2.90329 Y77.35001
G01 X-2.93821 Y77.22009
G01 X-2.99145 Y77.07081
G01 X-3.05665 Y76.92634
G01 X-3.12927 Y76.79469
G01 X-3.21017 Y76.67107
G01 X-3.30674 Y76.54615
G01 X-3.42455 Y76.41790
G01 X-3.53316 Y76.31775
G01 X-3.65104 Y76.22441
G01 X-3.78279 Y76.13632
G01 X-3.91408 Y76.06301
G01 X-4.07311 Y75.99070
G01 X-4.21464 Y75.93993
G01 X-4.34997 Y75.90315
G01 X-4.34997 Y75.79896
G01 X-4.28982 Y75.80980
G01 X-4.02960 Y75.89532
G01 X-3.78261 Y76.01501
G01 X-3.55376 Y76.16654
G01 X-3.34718 Y76.34722
G01 X-3.16648 Y76.55382
G01 X-3.01495 Y76.78265
G01 X-2.89529 Y77.02966
G01 X-2.80977 Y77.28989
G01 X-2.79892 Y77.35001
G04 P0 ( dwell for no time -- G64 should not smooth over this point )
G00 Z2.00000 ( retract )

G00 X-5.24999 Y75.79896 ( rapid move to begin. )
G01 F300.00000
( Mill infeed pass 1/1 )
G01 Z-0.80000
G04 P0 ( dwell for no time -- G64 should not smooth over this point )
G01 F600.00000
G01 X-5.24999 Y75.79896
G01 X-5.24999 Y75.90360
G01 X-5.48025 Y75.97274
G01 X-5.64852 Y76.04429
G01 X-5.82683 Y76.14226
G01 X-6.00183 Y76.26467
G01 X-6.14052 Y76.38384
G01 X-6.25390 Y76.50259
G01 X-6.32541 Y76.43109
G01 X-6.25246 Y76.34691
G01 X-6.04618 Y76.16654
G01 X-5.81735 Y76.01501
G01 X-5.57034 Y75.89532
G01 X-5.31012 Y75.80980
G01 X-5.24999 Y75.79896
G04 P0 ( dwell for no time -- G64 should not smooth over this point )
G00 Z2.00000 ( retract )

G00 X-2.54949 Y67.00248 ( rapid move to begin. )
G01 F300.00000
( Mill infeed pass 1/1 )
G01 Z-0.80000
G04 P0 ( dwell for no time -- G64 should not smooth over this point )
G01 F600.00000
G01 X-2.54949 Y67.00248
G01 X-2.55315 Y66.96207
G01 X-2.59021 Y66.84312
G01 X-2.65310 Y66.73908
G01 X-2.73903 Y66.65315
G01 X-2.84307 Y66.59026
G01 X-2.96201 Y66.55320
G01 X-3.00242 Y66.54955
G01 X-7.59754 Y66.54955
G01 X-7.63795 Y66.55320
G01 X-7.75690 Y66.59026
G01 X-7.86091 Y66.65315
G01 X-7.94686 Y66.73908
G01 X-8.00973 Y66.84312
G01 X-8.04681 Y66.96209
G01 X-8.05047 Y67.00248
G01 X-8.05047 Y71.59757
G01 X-8.04681 Y71.63795
G01 X-8.00973 Y71.75695
G01 X-7.94686 Y71.86097
G01 X-7.86091 Y71.94692
G01 X-7.75690 Y72.00978
G01 X-7.63795 Y72.04684
G01 X-7.59754 Y72.05050
G01 X-3.00242 Y72.05050
G01 X-2.96199 Y72.04684
G01 X-2.84307 Y72.00978
G01 X-2.73905 Y71.94692
G01 X-2.65310 Y71.86097
G01 X-2.59021 Y71.75695
G01 X-2.55315 Y71.63798
G01 X-2.54949 Y71.59759
G01 X-2.54949 Y67.00248
G01 X-2.85000 Y67.05000
G01 X-2.85244 Y67.01874
G01 X-2.86328 Y66.97835
G01 X-2.87677 Y66.95000
G01 X-2.90136 Y66.91620
G01 X-2.93242 Y66.88820
G01 X-2.96864 Y66.86730
G01 X-3.00839 Y66.85437
G01 X-3.03951 Y66.85028
G01 X-7.54999 Y66.85000
G01 X-7.59157 Y66.85437
G01 X-7.62167 Y66.86329
G01 X-7.65891 Y66.88229
G01 X-7.69142 Y66.90860
G01 X-7.71773 Y66.94109
G01 X-7.73671 Y66.97835
G01 X-7.74562 Y67.00842
G01 X-7.74999 Y67.05000
G01 X-7.74999 Y71.55002
G01 X-7.74562 Y71.59160
G01 X-7.73671 Y71.62170
G01 X-7.71773 Y71.65893
G01 X-7.69142 Y71.69145
G01 X-7.66754 Y71.71182
G01 X-7.63135 Y71.73272
G01 X-7.59157 Y71.74565
G01 X-7.56045 Y71.74974
G01 X-3.05000 Y71.75002
G01 X-3.00839 Y71.74565
G01 X-2.97832 Y71.73673
G01 X-2.95000 Y71.72322
G01 X-2.91617 Y71.69863
G01 X-2.88818 Y71.66757
G01 X-2.86727 Y71.63135
G01 X-2.85437 Y71.59160
G01 X-2.85000 Y71.55002
G01 X-2.85000 Y67.05000
G04 P0 ( dwell for no time -- G64 should not smooth over this point )
G00 Z2.00000 ( retract )

G00 X-16.44949 Y76.74086 ( rapid move to begin. )
G01 F300.00000
( Mill infeed pass 1/1 )
G01 Z-0.80000
G04 P0 ( dwell for no time -- G64 should not smooth over this point )
G01 F600.00000
G01 X-16.44949 Y76.74086
G01 X-16.47255 Y76.62489
G01 X-16.51782 Y76.51559
G01 X-16.58355 Y76.41722
G01 X-16.66717 Y76.33358
G01 X-16.76552 Y76.26787
G01 X-16.87481 Y76.22260
G01 X-16.99081 Y76.19954
G01 X-57.60912 Y76.19954
G01 X-57.72515 Y76.22260
G01 X-57.83442 Y76.26787
G01 X-57.93277 Y76.33360
G01 X-58.01644 Y76.41724
G01 X-58.08212 Y76.51557
G01 X-58.12738 Y76.62486
G01 X-58.15047 Y76.74092
G01 X-58.15047 Y90.85915
G01 X-58.12738 Y90.97520
G01 X-58.08212 Y91.08447
G01 X-58.01641 Y91.18282
G01 X-57.93277 Y91.26646
G01 X-57.83442 Y91.33217
G01 X-57.72512 Y91.37744
G01 X-57.60910 Y91.40053
G01 X-16.99087 Y91.40053
G01 X-16.87481 Y91.37744
G01 X-16.76552 Y91.33217
G01 X-16.66717 Y91.26649
G01 X-16.58355 Y91.18285
G01 X-16.51782 Y91.08447
G01 X-16.47255 Y90.97518
G01 X-16.44949 Y90.85917
G01 X-16.44949 Y76.74086
G01 X-16.74997 Y76.80002
G01 X-16.76468 Y76.70734
G01 X-16.80727 Y76.62369
G01 X-16.87364 Y76.55732
G01 X-16.94741 Y76.51821
G01 X-16.98779 Y76.50739
G01 X-17.05000 Y76.50002
G01 X-57.54999 Y76.50002
G01 X-57.61217 Y76.50739
G01 X-57.65256 Y76.51821
G01 X-57.70877 Y76.54592
G01 X-57.75017 Y76.57772
G01 X-57.79269 Y76.62369
G01 X-57.82779 Y76.68778
G01 X-57.84072 Y76.72755
G01 X-57.84999 Y76.80002
G01 X-57.84999 Y90.80002
G01 X-57.84262 Y90.86222
G01 X-57.83180 Y90.90261
G01 X-57.80409 Y90.95882
G01 X-57.77229 Y91.00022
G01 X-57.72632 Y91.04274
G01 X-57.66223 Y91.07784
G01 X-57.62246 Y91.09077
G01 X-57.54999 Y91.10004
G01 X-17.05000 Y91.10004
G01 X-16.95729 Y91.08534
G01 X-16.87364 Y91.04274
G01 X-16.80727 Y90.97637
G01 X-16.76468 Y90.89273
G01 X-16.74997 Y90.80002
G01 X-16.74997 Y76.80002
G04 P0 ( dwell for no time -- G64 should not smooth over this point )
G00 Z2.00000 ( retract )

G00 X-17.35000 Y77.10005 ( rapid move to begin. )
G01 F300.00000
( Mill infeed pass 1/1 )
G01 Z-0.80000
G04 P0 ( dwell for no time -- G64 should not smooth over this point )
G01 F600.00000
G01 X-17.35000 Y77.10005
G01 X-57.24997 Y77.10005
G01 X-57.24997 Y90.50002
G01 X-17.35000 Y90.50002
G01 X-17.35000 Y77.10005
G01 X-18.16991 Y83.79876
G01 X-18.17252 Y83.76762
G01 X-18.18352 Y83.72744
G01 X-18.19711 Y83.69930
G01 X-18.22172 Y83.66569
G01 X-18.27026 Y83.62660
G01 X-18.29848 Y83.61319
G01 X-18.33874 Y83.60247
G01 X-18.94753 Y83.60031
G01 X-18.97925 Y83.60458
G01 X-19.00989 Y83.61382
G01 X-19.03866 Y83.62787
G01 X-19.06483 Y83.64634
G01 X-19.10084 Y83.68555
G01 X-19.12525 Y83.73290
G01 X-19.36300 Y84.40018
G01 X-19.54550 Y84.89510
G01 X-21.57506 Y84.89510
G01 X-21.75204 Y84.39947
G01 X-21.99718 Y83.73115
G01 X-22.02179 Y83.68436
G01 X-22.05778 Y83.64565
G01 X-22.11242 Y83.61362
G01 X-22.17434 Y83.60031
G01 X-22.80078 Y83.60110
G01 X-22.85133 Y83.61316
G01 X-22.90533 Y83.64415
G01 X-22.94719 Y83.69025
G01 X-22.97284 Y83.74700
G01 X-22.97980 Y83.80887
G01 X-22.96738 Y83.86988
G01 X-22.43797 Y85.28992
G01 X-21.95667 Y86.52969
G01 X-21.48849 Y87.65911
G01 X-20.99761 Y88.74285
G01 X-20.96078 Y88.79301
G01 X-20.91946 Y88.82448
G01 X-20.87145 Y88.84424
G01 X-20.83035 Y88.85072
G01 X-20.30935 Y88.84993
G01 X-20.25936 Y88.83812
G01 X-20.21400 Y88.81397
G01 X-20.17630 Y88.77904
G01 X-20.15334 Y88.74488
G01 X-19.81341 Y88.01801
G01 X-19.49645 Y87.28603
G01 X-18.87567 Y85.71824
G01 X-18.18263 Y83.87024
G01 X-18.17214 Y83.82995
G01 X-18.16991 Y83.79876
G04 P0 ( dwell for no time -- G64 should not smooth over this point )
G00 Z2.00000 ( retract )

G00 X-19.85449 Y85.75705 ( rapid move to begin. )
G01 F300.00000
( Mill infeed pass 1/1 )
G01 Z-0.80000
G04 P0 ( dwell for no time -- G64 should not smooth over this point )
G01 F600.00000
G01 X-19.85449 Y85.75705
G01 X-21.26469 Y85.75705
G01 X-20.86170 Y86.79868
G01 X-20.61829 Y87.39350
G01 X-20.55667 Y87.53500
G01 X-20.25309 Y86.79865
G01 X-20.00579 Y86.16490
G01 X-19.85449 Y85.75705
G04 P0 ( dwell for no time -- G64 should not smooth over this point )
G00 Z2.00000 ( retract )

G00 X-23.02088 Y85.69261 ( rapid move to begin. )
G01 F300.00000
( Mill infeed pass 1/1 )
G01 Z-0.80000
G04 P0 ( dwell for no time -- G64 should not smooth over this point )
G01 F600.00000
G01 X-23.02088 Y85.69261
G01 X-23.04986 Y85.26203
G01 X-23.12946 Y84.91016
G01 X-23.14132 Y84.87438
G01 X-23.26703 Y84.59089
G01 X-23.44407 Y84.33689
G01 X-23.46982 Y84.30699
G01 X-23.68900 Y84.10140
G01 X-23.92395 Y83.95548
G01 X-23.95585 Y83.93943
G01 X-24.22557 Y83.83412
G01 X-24.51907 Y83.76856
G01 X-24.82971 Y83.74697
G01 X-25.20172 Y83.77633
G01 X-25.49710 Y83.85886
G01 X-25.56237 Y83.88987
G01 X-25.55470 Y83.76597
G01 X-25.51902 Y83.59800
G01 X-25.46921 Y83.47590
G01 X-25.39931 Y83.37458
G01 X-25.30939 Y83.29488
G01 X-25.19062 Y83.23120
G01 X-24.95021 Y83.16630
G01 X-24.58356 Y83.13943
G01 X-24.30769 Y83.15327
G01 X-24.03665 Y83.19498
G01 X-23.78120 Y83.25680
G01 X-23.59946 Y83.31771
G01 X-23.55875 Y83.32675
G01 X-23.49644 Y83.32414
G01 X-23.46634 Y83.31558
G01 X-23.42898 Y83.29706
G01 X-23.38209 Y83.25589
G01 X-23.35892 Y83.22124
G01 X-23.34658 Y83.19249
G01 X-23.23386 Y82.70036
G01 X-23.23101 Y82.65922
G01 X-23.23942 Y82.60842
G01 X-23.26047 Y82.56143
G01 X-23.28557 Y82.52871
G01 X-23.32550 Y82.49615
G01 X-23.37241 Y82.47489
G01 X-23.88638 Y82.34601
G01 X-24.20835 Y82.30049
G01 X-24.57363 Y82.28419
G01 X-25.02278 Y82.31131
G01 X-25.40159 Y82.38838
G01 X-25.43525 Y82.39859
G01 X-25.73134 Y82.51873
G01 X-25.96717 Y82.67466
G01 X-25.99735 Y82.69932
G01 X-26.19768 Y82.92234
G01 X-26.33956 Y83.18972
G01 X-26.35582 Y83.23130
G01 X-26.44172 Y83.55314
G01 X-26.44792 Y83.58949
G01 X-26.48000 Y84.01708
G01 X-26.48000 Y87.30000
G01 X-26.47550 Y87.34216
G01 X-26.46222 Y87.38245
G01 X-26.44683 Y87.41031
G01 X-26.41983 Y87.44300
G01 X-26.37741 Y87.47468
G01 X-26.33840 Y87.49129
G01 X-25.79638 Y87.62581
G01 X-25.43644 Y87.67676
G01 X-24.94589 Y87.69599
G01 X-24.58135 Y87.66769
G01 X-24.54696 Y87.66195
G01 X-24.22219 Y87.57706
G01 X-23.92791 Y87.43790
G01 X-23.66466 Y87.24691
G01 X-23.63662 Y87.22192
G01 X-23.42720 Y86.99530
G01 X-23.25199 Y86.71737
G01 X-23.12527 Y86.40874
G01 X-23.04983 Y86.08156
G01 X-23.02088 Y85.69261
G04 P0 ( dwell for no time -- G64 should not smooth over this point )
G00 Z2.00000 ( retract )

G00 X-23.96720 Y85.69127 ( rapid move to begin. )
G01 F300.00000
( Mill infeed pass 1/1 )
G01 Z-0.80000
G04 P0 ( dwell for no time -- G64 should not smooth over this point )
G01 F600.00000
G01 X-23.96720 Y85.69127
G01 X-23.98925 Y85.39370
G01 X-24.04645 Y85.17097
G01 X-24.13807 Y84.98169
G01 X-24.24630 Y84.84400
G01 X-24.37647 Y84.73836
G01 X-24.52019 Y84.66701
G01 X-24.67942 Y84.62426
G01 X-24.84582 Y84.60978
G01 X-25.09344 Y84.62871
G01 X-25.31744 Y84.68357
G01 X-25.51587 Y84.76671
G01 X-25.56189 Y84.79696
G01 X-25.56189 Y86.78138
G01 X-25.44134 Y86.80716
G01 X-24.95938 Y86.83366
G01 X-24.74381 Y86.81626
G01 X-24.56804 Y86.76922
G01 X-24.41983 Y86.69566
G01 X-24.28920 Y86.59411
G01 X-24.17990 Y86.46744
G01 X-24.08879 Y86.30849
G01 X-24.02369 Y86.13122
G01 X-23.98204 Y85.92665
G01 X-23.96720 Y85.69127
G04 P0 ( dwell for no time -- G64 should not smooth over this point )
G00 Z2.00000 ( retract )

G00 X-27.25602 Y83.80001 ( rapid move to begin. )
G01 F300.00000
( Mill infeed pass 1/1 )
G01 Z-0.80000
G04 P0 ( dwell for no time -- G64 should not smooth over this point )
G01 F600.00000
G01 X-27.25602 Y83.80001
G01 X-27.25602 Y87.25789
G01 X-27.26303 Y87.31039
G01 X-27.28358 Y87.35918
G01 X-27.31619 Y87.40089
G01 X-27.36804 Y87.43749
G01 X-27.60199 Y87.52334
G01 X-27.91198 Y87.61044
G01 X-28.26946 Y87.67295
G01 X-28.72406 Y87.69601
G01 X-29.02556 Y87.67795
G01 X-29.31388 Y87.63210
G01 X-29.50555 Y87.58136
G01 X-29.54436 Y87.56408
G01 X-29.59361 Y87.52393
G01 X-29.62328 Y87.47998
G01 X-29.64037 Y87.42977
G01 X-29.64405 Y87.39812
G01 X-29.64263 Y87.36627
G01 X-29.52795 Y86.87719
G01 X-29.51520 Y86.84821
G01 X-29.49137 Y86.81341
G01 X-29.44339 Y86.77244
G01 X-29.38502 Y86.74844
G01 X-29.32208 Y86.74384
G01 X-29.06458 Y86.80531
G01 X-28.89831 Y86.82568
G01 X-28.65388 Y86.83396
G01 X-28.41726 Y86.82408
G01 X-28.25462 Y86.79980
G01 X-28.18117 Y86.77861
G01 X-28.18117 Y83.80001
G01 X-28.17433 Y83.74827
G01 X-28.15437 Y83.70001
G01 X-28.12978 Y83.66620
G01 X-28.09872 Y83.63821
G01 X-28.05282 Y83.61329
G01 X-28.01243 Y83.60247
G01 X-27.43512 Y83.60112
G01 X-27.39422 Y83.60981
G01 X-27.36524 Y83.62183
G01 X-27.33847 Y83.63821
G01 X-27.30741 Y83.66620
G01 X-27.28282 Y83.70001
G01 X-27.26931 Y83.72835
G01 X-27.26024 Y83.75924
G01 X-27.25602 Y83.80001
G01 X-27.79323 Y78.63182
G01 X-27.80456 Y78.59118
G01 X-27.83026 Y78.54520
G01 X-27.85894 Y78.51427
G01 X-27.90286 Y78.48513
G01 X-28.04876 Y78.41429
G01 X-28.33235 Y78.30906
G01 X-28.56478 Y78.24747
G01 X-28.83445 Y78.20952
G01 X-29.15625 Y78.19603
G01 X-29.45924 Y78.21180
G01 X-29.71347 Y78.25458
G01 X-29.95787 Y78.32875
G01 X-30.17138 Y78.43276
G01 X-30.20336 Y78.45247
G01 X-30.37585 Y78.58379
G01 X-30.52818 Y78.75674
G01 X-30.63079 Y78.93946
G01 X-30.64776 Y78.98005
G01 X-30.70925 Y79.19301
G01 X-30.73275 Y79.46463
G01 X-30.71332 Y79.71442
G01 X-30.70687 Y79.75137
G01 X-30.65497 Y79.94132
G01 X-30.63856 Y79.98264
G01 X-30.54771 Y80.15097
G01 X-30.42490 Y80.30057
G01 X-30.26018 Y80.44746
G01 X-30.07347 Y80.56679
G01 X-29.78815 Y80.70779
G01 X-29.48058 Y80.83651
G01 X-29.05223 Y81.02620
G01 X-28.90392 Y81.11693
G01 X-28.80867 Y81.20969
G01 X-28.77385 Y81.26659
G01 X-28.74972 Y81.34256
G01 X-28.73999 Y81.44743
G01 X-28.75178 Y81.56661
G01 X-28.77987 Y81.64799
G01 X-28.81965 Y81.70618
G01 X-28.87819 Y81.75503
G01 X-28.99770 Y81.81345
G01 X-29.15439 Y81.85373
G01 X-29.35772 Y81.86918
G01 X-29.58749 Y81.85391
G01 X-29.79701 Y81.80976
G01 X-29.98838 Y81.73958
G01 X-30.15820 Y81.64416
G01 X-30.19681 Y81.62968
G01 X-30.25820 Y81.62351
G01 X-30.29892 Y81.62998
G01 X-30.32810 Y81.64027
G01 X-30.38002 Y81.67360
G01 X-30.40788 Y81.70400
G01 X-30.42434 Y81.73019
G01 X-30.58223 Y82.12279
G01 X-30.59152 Y82.16399
G01 X-30.59196 Y82.20621
G01 X-30.58350 Y82.24758
G01 X-30.56658 Y82.28627
G01 X-30.54189 Y82.32053
G01 X-30.50186 Y82.35485
G01 X-30.29782 Y82.45896
G01 X-30.01819 Y82.55614
G01 X-29.71182 Y82.62129
G01 X-29.35147 Y82.64454
G01 X-29.07974 Y82.62930
G01 X-28.84334 Y82.58731
G01 X-28.61225 Y82.51355
G01 X-28.39635 Y82.40153
G01 X-28.22094 Y82.26079
G01 X-28.07510 Y82.08071
G01 X-27.97964 Y81.89308
G01 X-27.92193 Y81.68696
G01 X-27.91548 Y81.65043
G01 X-27.89732 Y81.39894
G01 X-27.91388 Y81.18899
G01 X-27.96422 Y80.99100
G01 X-28.05483 Y80.80456
G01 X-28.22455 Y80.59780
G01 X-28.25284 Y80.57220
G01 X-28.46989 Y80.41083
G01 X-28.73979 Y80.26679
G01 X-29.51078 Y79.93865
G01 X-29.67905 Y79.84139
G01 X-29.79320 Y79.73618
G01 X-29.83590 Y79.66976
G01 X-29.86592 Y79.57726
G01 X-29.87834 Y79.44383
G01 X-29.86577 Y79.31602
G01 X-29.83511 Y79.22590
G01 X-29.79061 Y79.15930
G01 X-29.72686 Y79.10418
G01 X-29.60067 Y79.04165
G01 X-29.41578 Y78.99567
G01 X-29.15523 Y78.97728
G01 X-28.81777 Y79.00101
G01 X-28.56953 Y79.06288
G01 X-28.34812 Y79.15049
G01 X-28.18947 Y79.22554
G01 X-28.12795 Y79.23443
G01 X-28.06666 Y79.22402
G01 X-28.02889 Y79.20675
G01 X-27.99549 Y79.18206
G01 X-27.97418 Y79.15930
G01 X-27.95175 Y79.12432
G01 X-27.80344 Y78.73575
G01 X-27.79460 Y78.70535
G01 X-27.79049 Y78.66336
G04 P0 ( dwell for no time -- G64 should not smooth over this point )
G00 Z2.00000 ( retract )

G00 X-30.87257 Y80.42328 ( rapid move to begin. )
G01 F300.00000
( Mill infeed pass 1/1 )
G01 Z-0.80000
G04 P0 ( dwell for no time -- G64 should not smooth over this point )
G01 F600.00000
G01 X-30.87257 Y80.42328
G01 X-30.89282 Y80.05414
G01 X-30.94502 Y79.74685
G01 X-31.02711 Y79.47556
G01 X-31.15307 Y79.20286
G01 X-31.36556 Y78.89207
G01 X-31.60834 Y78.64749
G01 X-31.88088 Y78.46039
G01 X-31.91222 Y78.44289
G01 X-32.21908 Y78.30761
G01 X-32.53191 Y78.22806
G01 X-32.56500 Y78.22257
G01 X-32.89830 Y78.19608
G01 X-33.24593 Y78.22270
G01 X-33.27907 Y78.22819
G01 X-33.59281 Y78.30792
G01 X-33.89807 Y78.44302
G01 X-33.92957 Y78.46067
G01 X-34.20033 Y78.64759
G01 X-34.44414 Y78.89438
G01 X-34.65430 Y79.20291
G01 X-34.78031 Y79.47553
G01 X-34.86251 Y79.74683
G01 X-34.91476 Y80.05412
G01 X-34.93503 Y80.42320
G01 X-34.91476 Y80.79232
G01 X-34.86251 Y81.09963
G01 X-34.78031 Y81.37093
G01 X-34.65425 Y81.64357
G01 X-34.44178 Y81.95442
G01 X-34.19972 Y82.19805
G01 X-33.92883 Y82.38332
G01 X-33.89728 Y82.40085
G01 X-33.59236 Y82.53425
G01 X-33.27867 Y82.61307
G01 X-33.24585 Y82.61842
G01 X-32.90097 Y82.64481
G01 X-32.63556 Y82.62881
G01 X-32.39068 Y82.58385
G01 X-32.12645 Y82.50034
G01 X-31.89033 Y82.38840
G01 X-31.68791 Y82.25612
G01 X-31.47326 Y82.06996
G01 X-31.29998 Y81.86773
G01 X-31.16112 Y81.64997
G01 X-31.02978 Y81.36674
G01 X-30.94491 Y81.08998
G01 X-30.89282 Y80.78688
G01 X-30.87257 Y80.42328
G04 P0 ( dwell for no time -- G64 should not smooth over this point )
G00 Z2.00000 ( retract )

G00 X-31.73214 Y80.42320 ( rapid move to begin. )
G01 F300.00000
( Mill infeed pass 1/1 )
G01 Z-0.80000
G04 P0 ( dwell for no time -- G64 should not smooth over this point )
G01 F600.00000
G01 X-31.73214 Y80.42320
G01 X-31.75073 Y80.11597
G01 X-31.80227 Y79.85602
G01 X-31.88184 Y79.63624
G01 X-31.99454 Y79.43758
G01 X-32.12792 Y79.28015
G01 X-32.28428 Y79.15590
G01 X-32.46175 Y79.06545
G01 X-32.66503 Y79.00896
G01 X-32.90369 Y78.98874
G01 X-33.14232 Y79.00896
G01 X-33.34560 Y79.06545
G01 X-33.52304 Y79.15590
G01 X-33.67938 Y79.28013
G01 X-33.81265 Y79.43753
G01 X-33.92527 Y79.63624
G01 X-34.00500 Y79.85610
G01 X-34.05659 Y80.11602
G01 X-34.07521 Y80.42320
G01 X-34.05659 Y80.73042
G01 X-34.00498 Y80.99023
G01 X-33.92530 Y81.20992
G01 X-33.81268 Y81.40839
G01 X-33.67981 Y81.56453
G01 X-33.52395 Y81.68703
G01 X-33.34661 Y81.77624
G01 X-33.14290 Y81.83209
G01 X-32.90369 Y81.85211
G01 X-32.66444 Y81.83209
G01 X-32.46074 Y81.77624
G01 X-32.28339 Y81.68703
G01 X-32.12749 Y81.56450
G01 X-31.99452 Y81.40834
G01 X-31.88182 Y81.20989
G01 X-31.80227 Y80.99031
G01 X-31.75073 Y80.73047
G01 X-31.73214 Y80.42320
G04 P0 ( dwell for no time -- G64 should not smooth over this point )
G00 Z2.00000 ( retract )

G00 X-29.68873 Y85.60846 ( rapid move to begin. )
G01 F300.00000
( Mill infeed pass 1/1 )
G01 Z-0.80000
G04 P0 ( dwell for no time -- G64 should not smooth over this point )
G01 F600.00000
G01 X-29.68873 Y85.60846
G01 X-29.71672 Y85.20216
G01 X-29.79666 Y84.84021
G01 X-29.92584 Y84.51730
G01 X-30.09485 Y84.24072
G01 X-30.11665 Y84.21149
G01 X-30.31322 Y83.99277
G01 X-30.34105 Y83.96714
G01 X-30.58845 Y83.78053
G01 X-30.86567 Y83.64220
G01 X-30.90138 Y83.62858
G01 X-31.20430 Y83.54608
G01 X-31.56020 Y83.51614
G01 X-31.92015 Y83.54751
G01 X-32.22022 Y83.62912
G01 X-32.25654 Y83.64293
G01 X-32.51509 Y83.77143
G01 X-32.54760 Y83.79170
G01 X-32.79170 Y83.97956
G01 X-33.00028 Y84.21166
G01 X-33.02185 Y84.24072
G01 X-33.19043 Y84.51746
G01 X-33.32284 Y84.85058
G01 X-33.40109 Y85.21192
G01 X-33.42776 Y85.61740
G01 X-33.39965 Y86.02383
G01 X-33.31565 Y86.39502
G01 X-33.19015 Y86.70523
G01 X-33.02162 Y86.97999
G01 X-33.00013 Y87.00881
G01 X-32.80371 Y87.22776
G01 X-32.77643 Y87.25298
G01 X-32.52881 Y87.44148
G01 X-32.23363 Y87.58953
G01 X-31.90989 Y87.67948
G01 X-31.54890 Y87.70998
G01 X-31.20402 Y87.67955
G01 X-30.90087 Y87.59578
G01 X-30.86478 Y87.58184
G01 X-30.60389 Y87.45062
G01 X-30.57217 Y87.43073
G01 X-30.32584 Y87.24102
G01 X-30.11626 Y87.00884
G01 X-30.09475 Y86.98006
G01 X-29.92607 Y86.70526
G01 X-29.79366 Y86.37420
G01 X-29.71540 Y86.01397
G01 X-29.68873 Y85.60846
G04 P0 ( dwell for no time -- G64 should not smooth over this point )
G00 Z2.00000 ( retract )

G00 X-30.63488 Y85.61291 ( rapid move to begin. )
G01 F300.00000
( Mill infeed pass 1/1 )
G01 Z-0.80000
G04 P0 ( dwell for no time -- G64 should not smooth over this point )
G01 F600.00000
G01 X-30.63488 Y85.61291
G01 X-30.64987 Y85.87590
G01 X-30.69142 Y86.09980
G01 X-30.75546 Y86.28982
G01 X-30.84631 Y86.46228
G01 X-30.95213 Y86.59645
G01 X-31.07390 Y86.70041
G01 X-31.21263 Y86.77651
G01 X-31.36978 Y86.82345
G01 X-31.55487 Y86.84031
G01 X-31.74473 Y86.82324
G01 X-31.90392 Y86.77610
G01 X-32.04237 Y86.70033
G01 X-32.16424 Y86.59637
G01 X-32.26996 Y86.46231
G01 X-32.36071 Y86.28984
G01 X-32.42477 Y86.09980
G01 X-32.46632 Y85.87592
G01 X-32.48128 Y85.61293
G01 X-32.46632 Y85.35014
G01 X-32.42474 Y85.12622
G01 X-32.36068 Y84.93597
G01 X-32.26996 Y84.76353
G01 X-32.16424 Y84.62947
G01 X-32.04245 Y84.52556
G01 X-31.90407 Y84.44997
G01 X-31.74479 Y84.40288
G01 X-31.55484 Y84.38583
G01 X-31.36968 Y84.40267
G01 X-31.21250 Y84.44956
G01 X-31.07384 Y84.52548
G01 X-30.95213 Y84.62939
G01 X-30.84631 Y84.76356
G01 X-30.75546 Y84.93602
G01 X-30.69142 Y85.12622
G01 X-30.64984 Y85.35014
G01 X-30.63488 Y85.61291
G04 P0 ( dwell for no time -- G64 should not smooth over this point )
G00 Z2.00000 ( retract )

G00 X-34.02733 Y83.80001 ( rapid move to begin. )
G01 F300.00000
( Mill infeed pass 1/1 )
G01 Z-0.80000
G04 P0 ( dwell for no time -- G64 should not smooth over this point )
G01 F600.00000
G01 X-34.02733 Y83.80001
G01 X-34.02979 Y83.76874
G01 X-34.04062 Y83.72835
G01 X-34.05413 Y83.70001
G01 X-34.07872 Y83.66620
G01 X-34.10978 Y83.63821
G01 X-34.14600 Y83.61730
G01 X-34.17559 Y83.60684
G01 X-34.21687 Y83.60029
G01 X-34.76622 Y83.60001
G01 X-34.80780 Y83.60440
G01 X-34.85700 Y83.62183
G01 X-34.90002 Y83.65139
G01 X-34.93942 Y83.70001
G01 X-34.95938 Y83.74827
G01 X-34.96622 Y83.80001
G01 X-34.96622 Y87.21565
G01 X-35.15722 Y86.97836
G01 X-35.77554 Y86.13759
G01 X-36.39192 Y85.23940
G01 X-36.94124 Y84.39101
G01 X-37.35232 Y83.69798
G01 X-37.37698 Y83.66480
G01 X-37.39966 Y83.64362
G01 X-37.43449 Y83.62134
G01 X-37.46321 Y83.60958
G01 X-37.50368 Y83.60110
G01 X-37.97924 Y83.60001
G01 X-38.02082 Y83.60440
G01 X-38.06057 Y83.61730
G01 X-38.09679 Y83.63821
G01 X-38.13466 Y83.67415
G01 X-38.16596 Y83.72835
G01 X-38.17678 Y83.76874
G01 X-38.17924 Y83.80001
G01 X-38.17924 Y88.65098
G01 X-38.17485 Y88.69258
G01 X-38.16194 Y88.73233
G01 X-38.14104 Y88.76855
G01 X-38.10510 Y88.80642
G01 X-38.05089 Y88.83772
G01 X-37.98971 Y88.85072
G01 X-37.41945 Y88.84988
G01 X-37.36870 Y88.83772
G01 X-37.31450 Y88.80642
G01 X-37.27264 Y88.75992
G01 X-37.24719 Y88.70274
G01 X-37.24035 Y88.65098
G01 X-37.24035 Y85.53940
G01 X-37.18247 Y85.63371
G01 X-36.63992 Y86.43879
G01 X-36.02690 Y87.28588
G01 X-35.40744 Y88.08730
G01 X-34.80582 Y88.78913
G01 X-34.78171 Y88.81061
G01 X-34.75443 Y88.82794
G01 X-34.72474 Y88.84064
G01 X-34.68270 Y88.84983
G01 X-34.22736 Y88.85100
G01 X-34.18575 Y88.84661
G01 X-34.14600 Y88.83370
G01 X-34.10978 Y88.81280
G01 X-34.07191 Y88.77686
G01 X-34.04062 Y88.72265
G01 X-34.02979 Y88.68227
G01 X-34.02733 Y88.65098
G01 X-34.02733 Y83.80001
G04 P0 ( dwell for no time -- G64 should not smooth over this point )
G00 Z2.00000 ( retract )

G00 X-37.98186 Y78.35450 ( rapid move to begin. )
G01 F300.00000
( Mill infeed pass 1/1 )
G01 Z-0.80000
G04 P0 ( dwell for no time -- G64 should not smooth over this point )
G01 F600.00000
G01 X-37.98186 Y78.35450
G01 X-37.95201 Y78.32458
G01 X-37.91693 Y78.30182
G01 X-37.87789 Y78.28684
G01 X-37.83662 Y78.28028
G01 X-35.57498 Y78.28000
G01 X-35.52321 Y78.28684
G01 X-35.47495 Y78.30680
G01 X-35.43355 Y78.33860
G01 X-35.40175 Y78.38000
G01 X-35.38179 Y78.42826
G01 X-35.37495 Y78.48000
G01 X-35.37495 Y82.36079
G01 X-35.38179 Y82.41256
G01 X-35.40175 Y82.46082
G01 X-35.43355 Y82.50222
G01 X-35.47495 Y82.53402
G01 X-35.51315 Y82.55101
G01 X-35.56449 Y82.56054
G01 X-36.04295 Y82.55835
G01 X-36.09301 Y82.54352
G01 X-36.14549 Y82.50943
G01 X-36.18488 Y82.46082
G01 X-36.20729 Y82.40240
G01 X-36.21168 Y82.36079
G01 X-36.21168 Y79.06082
G01 X-37.82616 Y79.06082
G01 X-37.88795 Y79.05102
G01 X-37.94371 Y79.02262
G01 X-37.98158 Y78.98668
G01 X-38.00886 Y78.94216
G01 X-38.02369 Y78.89209
G01 X-38.02615 Y78.75252
G01 X-37.98696 Y78.53649
G01 X-37.98186 Y78.48000
G01 X-37.98186 Y78.35450
G01 X-37.98938 Y78.34569
G01 X-38.02039 Y78.31793
G01 X-38.04708 Y78.30164
G01 X-38.07599 Y78.28973
G01 X-38.11673 Y78.28110
G01 X-38.60179 Y78.28031
G01 X-38.65412 Y78.29019
G01 X-38.70197 Y78.31356
G01 X-38.74198 Y78.34871
G01 X-38.77129 Y78.39319
G01 X-39.10591 Y79.31609
G01 X-40.67416 Y79.31609
G01 X-41.00545 Y78.40202
G01 X-41.03242 Y78.35636
G01 X-41.07045 Y78.31940
G01 X-41.12686 Y78.29011
G01 X-41.17898 Y78.28031
G01 X-41.69676 Y78.28244
G01 X-41.75602 Y78.30159
G01 X-41.79097 Y78.32415
G01 X-41.81370 Y78.34556
G01 X-41.84786 Y78.39763
G01 X-41.86437 Y78.45765
G01 X-41.86343 Y78.50959
G01 X-41.85302 Y78.54988
G01 X-41.42930 Y79.68643
G01 X-41.04393 Y80.67906
G01 X-40.67146 Y81.57789
G01 X-40.27024 Y82.46178
G01 X-40.23844 Y82.50283
G01 X-40.19712 Y82.53430
G01 X-40.14911 Y82.55406
G01 X-40.10801 Y82.56054
G01 X-39.67479 Y82.55843
G01 X-39.62547 Y82.54405
G01 X-39.58965 Y82.52378
G01 X-39.55196 Y82.48886
G01 X-39.52900 Y82.45470
G01 X-39.25567 Y81.87032
G01 X-39.00162 Y81.28355
G01 X-38.50472 Y80.02864
G01 X-38.02615 Y78.75252
G01 X-38.77944 Y85.60846
G01 X-38.80611 Y86.01400
G01 X-38.88440 Y86.37420
G01 X-39.01675 Y86.70526
G01 X-39.19207 Y86.99007
G01 X-39.40352 Y87.22779
G01 X-39.43075 Y87.25298
G01 X-39.67830 Y87.44143
G01 X-39.97319 Y87.58969
G01 X-40.27662 Y87.67539
G01 X-40.31315 Y87.68202
G01 X-40.65109 Y87.70998
G01 X-40.98228 Y87.68191
G01 X-41.01866 Y87.67536
G01 X-41.32437 Y87.58953
G01 X-41.61957 Y87.44148
G01 X-41.88137 Y87.24100
G01 X-42.09084 Y87.00881
G01 X-42.11238 Y86.97999
G01 X-42.27519 Y86.71509
G01 X-42.29048 Y86.68463
G01 X-42.41337 Y86.37427
G01 X-42.48845 Y86.03358
G01 X-42.51807 Y85.62634
G01 X-42.49183 Y85.21192
G01 X-42.41037 Y84.84016
G01 X-42.29066 Y84.53800
G01 X-42.27550 Y84.50763
G01 X-42.10595 Y84.23061
G01 X-41.89562 Y83.99300
G01 X-41.86801 Y83.96742
G01 X-41.62254 Y83.78078
G01 X-41.32026 Y83.63191
G01 X-40.99884 Y83.54540
G01 X-40.66217 Y83.51677
G01 X-40.62844 Y83.51680
G01 X-40.29504 Y83.54608
G01 X-39.99211 Y83.62858
G01 X-39.95638 Y83.64220
G01 X-39.67916 Y83.78053
G01 X-39.43177 Y83.96714
G01 X-39.40393 Y83.99277
G01 X-39.19222 Y84.23054
G01 X-39.02227 Y84.50737
G01 X-39.00690 Y84.53808
G01 X-38.88419 Y84.85060
G01 X-38.80929 Y85.19249
G01 X-38.77944 Y85.60846
G04 P0 ( dwell for no time -- G64 should not smooth over this point )
G00 Z2.00000 ( retract )

G00 X-39.72562 Y85.61293 ( rapid move to begin. )
G01 F300.00000
( Mill infeed pass 1/1 )
G01 Z-0.80000
G04 P0 ( dwell for no time -- G64 should not smooth over this point )
G01 F600.00000
G01 X-39.72562 Y85.61293
G01 X-39.74058 Y85.35012
G01 X-39.78213 Y85.12622
G01 X-39.84617 Y84.93602
G01 X-39.93705 Y84.76356
G01 X-40.04284 Y84.62939
G01 X-40.16458 Y84.52548
G01 X-40.30321 Y84.44956
G01 X-40.46041 Y84.40267
G01 X-40.64555 Y84.38583
G01 X-40.83552 Y84.40288
G01 X-40.99475 Y84.44997
G01 X-41.13316 Y84.52556
G01 X-41.25495 Y84.62947
G01 X-41.36069 Y84.76353
G01 X-41.45142 Y84.93597
G01 X-41.51548 Y85.12622
G01 X-41.55703 Y85.35012
G01 X-41.57199 Y85.61293
G01 X-41.55703 Y85.87592
G01 X-41.51548 Y86.09980
G01 X-41.45142 Y86.28987
G01 X-41.36069 Y86.46231
G01 X-41.25495 Y86.59637
G01 X-41.13308 Y86.70033
G01 X-40.99463 Y86.77610
G01 X-40.83545 Y86.82324
G01 X-40.64558 Y86.84031
G01 X-40.46049 Y86.82345
G01 X-40.30337 Y86.77651
G01 X-40.16463 Y86.70041
G01 X-40.04284 Y86.59645
G01 X-39.93705 Y86.46228
G01 X-39.84617 Y86.28979
G01 X-39.78213 Y86.09980
G01 X-39.74058 Y85.87592
G01 X-39.72562 Y85.61293
G04 P0 ( dwell for no time -- G64 should not smooth over this point )
G00 Z2.00000 ( retract )

G00 X-43.08296 Y83.80001 ( rapid move to begin. )
G01 F300.00000
( Mill infeed pass 1/1 )
G01 Z-0.80000
G04 P0 ( dwell for no time -- G64 should not smooth over this point )
G01 F600.00000
G01 X-43.08296 Y83.80001
G01 X-43.08296 Y87.30000
G01 X-43.08964 Y87.35126
G01 X-43.10923 Y87.39906
G01 X-43.14039 Y87.44026
G01 X-43.17230 Y87.46660
G01 X-43.19942 Y87.48174
G01 X-43.23859 Y87.49502
G01 X-43.80758 Y87.62380
G01 X-44.17382 Y87.67589
G01 X-44.67283 Y87.69599
G01 X-45.03823 Y87.66683
G01 X-45.33117 Y87.58760
G01 X-45.36330 Y87.57356
G01 X-45.59922 Y87.44437
G01 X-45.62520 Y87.42522
G01 X-45.69525 Y87.35778
G01 X-45.79533 Y87.42151
G01 X-45.98911 Y87.51783
G01 X-46.24778 Y87.61120
G01 X-46.53846 Y87.67452
G01 X-46.87259 Y87.69594
G01 X-47.26957 Y87.66520
G01 X-47.58026 Y87.58072
G01 X-47.83248 Y87.44056
G01 X-48.01470 Y87.26914
G01 X-48.04447 Y87.23345
G01 X-48.18232 Y87.02037
G01 X-48.27919 Y86.76421
G01 X-48.28849 Y86.73061
G01 X-48.36347 Y86.31534
G01 X-48.38981 Y85.82997
G01 X-48.38981 Y83.80001
G01 X-48.38298 Y83.74827
G01 X-48.36799 Y83.70923
G01 X-48.34523 Y83.67415
G01 X-48.30736 Y83.63821
G01 X-48.26147 Y83.61329
G01 X-48.20028 Y83.60029
G01 X-47.64407 Y83.60112
G01 X-47.59332 Y83.61329
G01 X-47.54742 Y83.63821
G01 X-47.50955 Y83.67415
G01 X-47.48227 Y83.71868
G01 X-47.46937 Y83.75843
G01 X-47.46497 Y83.80001
G01 X-47.46497 Y85.67918
G01 X-47.44798 Y86.10638
G01 X-47.40604 Y86.39845
G01 X-47.35844 Y86.55271
G01 X-47.29919 Y86.65766
G01 X-47.23109 Y86.72908
G01 X-47.14691 Y86.77917
G01 X-47.01570 Y86.81737
G01 X-46.81631 Y86.83358
G01 X-46.59578 Y86.81958
G01 X-46.42218 Y86.78204
G01 X-46.26571 Y86.72446
G01 X-46.15354 Y86.66581
G01 X-46.10655 Y86.63447
G01 X-46.12347 Y86.57371
G01 X-46.16591 Y86.34514
G01 X-46.19896 Y85.85103
G01 X-46.19868 Y83.78954
G01 X-46.19213 Y83.74827
G01 X-46.17714 Y83.70923
G01 X-46.15438 Y83.67415
G01 X-46.12482 Y83.64458
G01 X-46.07061 Y83.61329
G01 X-46.00943 Y83.60029
G01 X-45.45291 Y83.60112
G01 X-45.40216 Y83.61329
G01 X-45.35626 Y83.63821
G01 X-45.31839 Y83.67415
G01 X-45.29111 Y83.71868
G01 X-45.27821 Y83.75843
G01 X-45.27382 Y83.80001
G01 X-45.27382 Y85.67918
G01 X-45.25690 Y86.10645
G01 X-45.21522 Y86.39833
G01 X-45.16757 Y86.55164
G01 X-45.10773 Y86.65611
G01 X-45.03805 Y86.72792
G01 X-44.95167 Y86.77816
G01 X-44.81441 Y86.81707
G01 X-44.60280 Y86.83373
G01 X-44.25708 Y86.81707
G01 X-44.00811 Y86.78199
G01 X-44.00811 Y83.80001
G01 X-44.00128 Y83.74827
G01 X-43.98629 Y83.70923
G01 X-43.96353 Y83.67415
G01 X-43.92566 Y83.63821
G01 X-43.87976 Y83.61329
G01 X-43.83938 Y83.60247
G01 X-43.26206 Y83.60112
G01 X-43.22117 Y83.60981
G01 X-43.19218 Y83.62183
G01 X-43.16541 Y83.63821
G01 X-43.13435 Y83.66620
G01 X-43.10976 Y83.70001
G01 X-43.09625 Y83.72835
G01 X-43.08543 Y83.76874
G01 X-43.08296 Y83.80001
G04 P0 ( dwell for no time -- G64 should not smooth over this point )
G00 Z2.00000 ( retract )

G00 X-39.38274 Y80.08566 ( rapid move to begin. )
G01 F300.00000
( Mill infeed pass 1/1 )
G01 Z-0.80000
G04 P0 ( dwell for no time -- G64 should not smooth over this point )
G01 F600.00000
G01 X-39.38274 Y80.08566
G01 X-40.39420 Y80.08566
G01 X-40.09369 Y80.86445
G01 X-39.88749 Y81.36659
G01 X-39.68124 Y80.86407
G01 X-39.48366 Y80.35770
G01 X-39.38274 Y80.08566
G04 P0 ( dwell for no time -- G64 should not smooth over this point )
G00 Z2.00000 ( retract )

G00 X-42.01835 Y78.48000 ( rapid move to begin. )
G01 F300.00000
( Mill infeed pass 1/1 )
G01 Z-0.80000
G04 P0 ( dwell for no time -- G64 should not smooth over this point )
G01 F600.00000
G01 X-42.01835 Y78.48000
G01 X-42.02081 Y78.44873
G01 X-42.03163 Y78.40835
G01 X-42.06293 Y78.35415
G01 X-42.09249 Y78.32458
G01 X-42.11835 Y78.30680
G01 X-42.17677 Y78.28440
G01 X-42.21837 Y78.28000
G01 X-42.66554 Y78.28028
G01 X-42.72673 Y78.29329
G01 X-42.75508 Y78.30680
G01 X-42.78888 Y78.33139
G01 X-42.81687 Y78.36245
G01 X-42.83778 Y78.39867
G01 X-42.84824 Y78.42826
G01 X-42.85480 Y78.46954
G01 X-42.85508 Y79.83121
G01 X-43.25982 Y79.83121
G01 X-43.48357 Y79.84086
G01 X-43.73453 Y79.50179
G01 X-44.09635 Y78.95783
G01 X-44.27174 Y78.66949
G01 X-44.43394 Y78.37457
G01 X-44.45296 Y78.34879
G01 X-44.47585 Y78.32638
G01 X-44.50201 Y78.30789
G01 X-44.53079 Y78.29385
G01 X-44.56145 Y78.28457
G01 X-44.59320 Y78.28031
G01 X-45.09028 Y78.28028
G01 X-45.14118 Y78.28963
G01 X-45.17912 Y78.30637
G01 X-45.22035 Y78.33764
G01 X-45.24669 Y78.36964
G01 X-45.26587 Y78.40639
G01 X-45.27704 Y78.44632
G01 X-45.27976 Y78.48767
G01 X-45.27389 Y78.52869
G01 X-45.25967 Y78.56763
G01 X-45.14522 Y78.80177
G01 X-45.00549 Y79.05125
G01 X-44.71166 Y79.51874
G01 X-44.41806 Y79.94101
G01 X-44.34092 Y80.04259
G01 X-44.56396 Y80.17903
G01 X-44.59523 Y80.20311
G01 X-44.77382 Y80.37291
G01 X-44.90869 Y80.57535
G01 X-44.93120 Y80.62155
G01 X-45.01311 Y80.86928
G01 X-45.04377 Y81.17106
G01 X-45.04374 Y81.20984
G01 X-45.01204 Y81.52165
G01 X-44.91908 Y81.80194
G01 X-44.75827 Y82.05307
G01 X-44.53795 Y82.25597
G01 X-44.29998 Y82.39470
G01 X-44.01702 Y82.49732
G01 X-43.62970 Y82.57138
G01 X-43.21004 Y82.59450
G01 X-42.67999 Y82.56750
G01 X-42.40570 Y82.53222
G01 X-42.16653 Y82.48116
G01 X-42.13694 Y82.47070
G01 X-42.10077 Y82.44977
G01 X-42.07690 Y82.42940
G01 X-42.05061 Y82.39691
G01 X-42.02518 Y82.33976
G01 X-42.01835 Y82.28800
G01 X-42.01835 Y78.48000
G04 P0 ( dwell for no time -- G64 should not smooth over this point )
G00 Z2.00000 ( retract )

G00 X-42.85508 Y80.59514 ( rapid move to begin. )
G01 F300.00000
( Mill infeed pass 1/1 )
G01 Z-0.80000
G04 P0 ( dwell for no time -- G64 should not smooth over this point )
G01 F600.00000
G01 X-42.85508 Y80.59514
G01 X-43.14385 Y80.59514
G01 X-43.47374 Y80.60865
G01 X-43.73958 Y80.64467
G01 X-43.88581 Y80.68620
G01 X-43.99485 Y80.74263
G01 X-44.07679 Y80.81134
G01 X-44.13272 Y80.89191
G01 X-44.17311 Y81.01208
G01 X-44.19028 Y81.19602
G01 X-44.17410 Y81.36951
G01 X-44.13511 Y81.48729
G01 X-44.07905 Y81.57093
G01 X-43.99706 Y81.64492
G01 X-43.89178 Y81.70720
G01 X-43.75777 Y81.75569
G01 X-43.51964 Y81.80235
G01 X-43.25205 Y81.81886
G01 X-42.92109 Y81.80557
G01 X-42.85508 Y81.79899
G01 X-42.85508 Y80.59514
G04 P0 ( dwell for no time -- G64 should not smooth over this point )
G00 Z2.00000 ( retract )

G00 X-45.51199 Y78.48000 ( rapid move to begin. )
G01 F300.00000
( Mill infeed pass 1/1 )
G01 Z-0.80000
G04 P0 ( dwell for no time -- G64 should not smooth over this point )
G01 F600.00000
G01 X-45.51199 Y78.48000
G01 X-45.51446 Y82.39208
G01 X-45.52929 Y82.44215
G01 X-45.56338 Y82.49462
G01 X-45.61199 Y82.53402
G01 X-45.66025 Y82.55398
G01 X-45.71202 Y82.56082
G01 X-46.17999 Y82.55835
G01 X-46.22037 Y82.54753
G01 X-46.24872 Y82.53402
G01 X-46.29733 Y82.49462
G01 X-46.32192 Y82.46082
G01 X-46.33543 Y82.43247
G01 X-46.34844 Y82.37128
G01 X-46.34625 Y78.44873
G01 X-46.33142 Y78.39867
G01 X-46.29733 Y78.34620
G01 X-46.24872 Y78.30680
G01 X-46.20046 Y78.28684
G01 X-46.14872 Y78.28000
G01 X-45.70153 Y78.28028
G01 X-45.66025 Y78.28684
G01 X-45.63066 Y78.29730
G01 X-45.59444 Y78.31820
G01 X-45.56338 Y78.34620
G01 X-45.53879 Y78.38000
G01 X-45.52528 Y78.40835
G01 X-45.51446 Y78.44873
G01 X-45.51199 Y78.48000
G04 P0 ( dwell for no time -- G64 should not smooth over this point )
G00 Z2.00000 ( retract )

G00 X-46.49975 Y78.47876 ( rapid move to begin. )
G01 F300.00000
( Mill infeed pass 1/1 )
G01 Z-0.80000
G04 P0 ( dwell for no time -- G64 should not smooth over this point )
G01 F600.00000
G01 X-46.49975 Y78.47876
G01 X-46.50198 Y78.50995
G01 X-46.51247 Y78.55023
G01 X-47.06690 Y80.02864
G01 X-47.56378 Y81.28355
G01 X-47.81785 Y81.87034
G01 X-48.09118 Y82.45470
G01 X-48.11415 Y82.48886
G01 X-48.15184 Y82.52378
G01 X-48.19720 Y82.54794
G01 X-48.24719 Y82.55975
G01 X-48.67018 Y82.56054
G01 X-48.71127 Y82.55406
G01 X-48.75928 Y82.53430
G01 X-48.80779 Y82.49531
G01 X-48.84198 Y82.44329
G01 X-49.23363 Y81.57789
G01 X-49.60777 Y80.67487
G01 X-49.99148 Y79.68643
G01 X-50.41861 Y78.54002
G01 X-50.42689 Y78.49926
G01 X-50.42656 Y78.45765
G01 X-50.41765 Y78.41701
G01 X-50.40050 Y78.37911
G01 X-50.37589 Y78.34556
G01 X-50.33626 Y78.31196
G01 X-50.28933 Y78.28971
G01 X-50.23825 Y78.28028
G01 X-49.74117 Y78.28031
G01 X-49.70957 Y78.28452
G01 X-49.67904 Y78.29372
G01 X-49.65036 Y78.30764
G01 X-49.62425 Y78.32595
G01 X-49.58826 Y78.36489
G01 X-49.56375 Y78.41193
G01 X-49.23634 Y79.31609
G01 X-47.66810 Y79.31609
G01 X-47.33782 Y78.40291
G01 X-47.31092 Y78.35694
G01 X-47.27287 Y78.31970
G01 X-47.24577 Y78.30268
G01 X-47.21628 Y78.29019
G01 X-47.16396 Y78.28031
G01 X-46.69975 Y78.28000
G01 X-46.65832 Y78.28435
G01 X-46.62832 Y78.29319
G01 X-46.59119 Y78.31203
G01 X-46.54476 Y78.35361
G01 X-46.51336 Y78.40743
G01 X-46.50236 Y78.44762
G01 X-46.49975 Y78.47876
G04 P0 ( dwell for no time -- G64 should not smooth over this point )
G00 Z2.00000 ( retract )

G00 X-63.20012 Y87.31090 ( rapid move to begin. )
G01 F300.00000
( Mill infeed pass 1/1 )
G01 Z-0.80000
G04 P0 ( dwell for no time -- G64 should not smooth over this point )
G01 F600.00000
G01 X-63.20012 Y87.31090
G01 X-63.20281 Y87.20638
G01 X-63.21236 Y87.10224
G01 X-63.22867 Y86.99893
G01 X-63.25168 Y86.89693
G01 X-63.27726 Y86.80907
G01 X-63.30860 Y86.72078
G01 X-63.34935 Y86.62525
G01 X-63.39651 Y86.53193
G01 X-63.44967 Y86.44189
G01 X-63.50863 Y86.35550
G01 X-63.58104 Y86.26371
G01 X-63.64073 Y86.19726
G01 X-63.75674 Y86.08690
G01 X-63.88389 Y85.98847
G01 X-64.00334 Y85.91245
G01 X-64.12923 Y85.84763
G01 X-64.27802 Y85.78756
G01 X-64.41383 Y85.74750
G01 X-64.58239 Y85.71489
G01 X-64.74261 Y85.70125
G01 X-64.88422 Y85.70224
G01 X-65.02511 Y85.71613
G01 X-65.18302 Y85.74654
G01 X-65.34789 Y85.79698
G01 X-65.48825 Y85.85560
G01 X-65.61348 Y85.92248
G01 X-65.75495 Y86.01649
G01 X-65.86565 Y86.10653
G01 X-65.99587 Y86.23706
G01 X-66.10458 Y86.37371
G01 X-66.19201 Y86.51171
G01 X-66.27832 Y86.68806
G01 X-66.33288 Y86.84242
G01 X-66.37931 Y87.04547
G01 X-66.39818 Y87.22959
G01 X-66.39727 Y87.39329
G01 X-66.37741 Y87.56604
G01 X-66.33364 Y87.75593
G01 X-66.30189 Y87.85138
G01 X-66.26704 Y87.93835
G01 X-66.18028 Y88.10922
G01 X-66.07355 Y88.26840
G01 X-66.01467 Y88.34127
G01 X-65.94690 Y88.41559
G01 X-65.81167 Y88.53957
G01 X-65.74998 Y88.58450
G01 X-65.74998 Y89.40652
G01 X-66.26946 Y89.92600
G01 X-66.35582 Y89.90152
G01 X-66.55632 Y89.86553
G01 X-66.74903 Y89.85067
G01 X-66.96310 Y89.85709
G01 X-67.15470 Y89.88255
G01 X-67.35284 Y89.93002
G01 X-67.54492 Y89.99789
G01 X-67.72683 Y90.08435
G01 X-67.82185 Y90.13926
G01 X-67.90768 Y90.19524
G01 X-68.07308 Y90.32293
G01 X-68.22025 Y90.46382
G01 X-68.34537 Y90.61114
G01 X-68.46663 Y90.78765
G01 X-68.55845 Y90.95775
G01 X-68.63674 Y91.14581
G01 X-68.65370 Y91.20004
G01 X-70.82149 Y91.20047
G01 X-70.91410 Y91.21107
G01 X-71.00437 Y91.23596
G01 X-71.09845 Y91.27965
G01 X-71.17648 Y91.33291
G01 X-84.04849 Y104.20002
G01 X-116.15145 Y104.20002
G01 X-118.94997 Y101.40150
G01 X-118.94997 Y60.81854
G01 X-115.37571 Y57.24428
G01 X-115.32031 Y57.18038
G01 X-115.27106 Y57.10324
G01 X-115.24030 Y57.03626
G01 X-115.22041 Y56.97530
G01 X-115.20715 Y56.91258
G01 X-115.20032 Y56.83966
G01 X-115.19999 Y54.60855
G01 X-112.91572 Y52.32430
G01 X-112.83713 Y52.22659
G01 X-112.79733 Y52.15598
G01 X-112.76251 Y52.06017
G01 X-112.75275 Y52.01953
G01 X-112.74013 Y51.91051
G01 X-112.74000 Y49.47074
G01 X-112.66766 Y49.39832
G01 X-112.60274 Y49.31623
G01 X-112.54780 Y49.22715
G01 X-112.50817 Y49.14298
G01 X-112.46797 Y49.02164
G01 X-112.44950 Y48.93046
G01 X-112.44038 Y48.82695
G01 X-112.44236 Y48.73462
G01 X-112.45367 Y48.64377
G01 X-112.47414 Y48.55451
G01 X-112.50358 Y48.46772
G01 X-112.54201 Y48.38380
G01 X-112.59492 Y48.29518
G01 X-112.65054 Y48.22154
G01 X-112.71343 Y48.15393
G01 X-112.79210 Y48.08601
G01 X-112.86888 Y48.03350
G01 X-112.99433 Y47.96932
G01 X-113.08186 Y47.93782
G01 X-113.18371 Y47.91369
G01 X-113.28765 Y47.90153
G01 X-113.39001 Y47.90150
G01 X-116.73997 Y44.55155
G01 X-116.73997 Y33.00854
G01 X-116.59145 Y32.86003
G01 X-106.43971 Y32.86003
G01 X-106.43547 Y34.33201
G01 X-106.41103 Y34.44415
G01 X-106.38393 Y34.51321
G01 X-106.35370 Y34.57001
G01 X-106.31124 Y34.63140
G01 X-106.26877 Y34.67973
G01 X-106.21334 Y34.72970
G01 X-106.16092 Y34.76698
G01 X-106.08886 Y34.80592
G01 X-106.01342 Y34.83437
G01 X-105.93232 Y34.85289
G01 X-105.85929 Y34.85969
G01 X-102.58851 Y34.86002
G01 X-101.78259 Y35.66594
G01 X-101.78259 Y48.20000
G01 X-106.05144 Y48.20000
G01 X-106.18307 Y48.06840
G01 X-106.17273 Y48.03124
G01 X-106.14842 Y47.89883
G01 X-106.14009 Y47.74687
G01 X-106.15317 Y47.58636
G01 X-106.18881 Y47.42942
G01 X-106.23813 Y47.29475
G01 X-106.30407 Y47.16739
G01 X-106.39320 Y47.03922
G01 X-106.47951 Y46.94359
G01 X-106.60024 Y46.83864
G01 X-106.73107 Y46.75350
G01 X-106.85822 Y46.69246
G01 X-106.97969 Y46.65108
G01 X-107.12851 Y46.61923
G01 X-107.24618 Y46.60869
G01 X-107.41654 Y46.60796
G01 X-107.50801 Y46.61398
G01 X-107.60072 Y46.62759
G01 X-107.68169 Y46.64583
G01 X-107.77798 Y46.67570
G01 X-107.86480 Y46.71103
G01 X-107.94844 Y46.75324
G01 X-108.02840 Y46.80214
G01 X-108.10409 Y46.85741
G01 X-108.16902 Y46.91316
G01 X-108.24082 Y46.98540
G01 X-108.29584 Y47.05093
G01 X-108.35929 Y47.14069
G01 X-108.40270 Y47.21446
G01 X-108.44367 Y47.29876
G01 X-108.47765 Y47.38608
G01 X-108.50625 Y47.48382
G01 X-108.52380 Y47.56759
G01 X-108.53569 Y47.66053
G01 X-108.53998 Y47.75416
G01 X-108.53663 Y47.84781
G01 X-108.52571 Y47.94087
G01 X-108.50724 Y48.03277
G01 X-108.48139 Y48.12284
G01 X-108.44539 Y48.21702
G01 X-108.40973 Y48.29198
G01 X-108.36754 Y48.36642
G01 X-108.31504 Y48.44405
G01 X-108.25639 Y48.51715
G01 X-108.19200 Y48.58524
G01 X-108.12231 Y48.64788
G01 X-108.04773 Y48.70465
G01 X-107.96749 Y48.75593
G01 X-107.85411 Y48.81382
G01 X-107.73407 Y48.85916
G01 X-107.61972 Y48.88893
G01 X-107.50389 Y48.90635
G01 X-107.28334 Y48.91232
G01 X-107.18616 Y48.90765
G01 X-107.05929 Y48.88865
G01 X-106.69262 Y49.25278
G01 X-106.66711 Y49.27419
G01 X-106.60821 Y49.31471
G01 X-106.52472 Y49.35629
G01 X-106.44596 Y49.38191
G01 X-106.36445 Y49.39655
G01 X-99.51077 Y49.39997
G01 X-99.42900 Y49.48049
G01 X-99.34483 Y49.54508
G01 X-99.24391 Y49.60429
G01 X-99.14770 Y49.64541
G01 X-99.01054 Y49.68344
G01 X-98.91770 Y49.69665
G01 X-98.80218 Y49.69921
G01 X-98.70955 Y49.69050
G01 X-98.61971 Y49.67264
G01 X-98.53284 Y49.64597
G01 X-98.45898 Y49.61539
G01 X-98.37869 Y49.57280
G01 X-98.30254 Y49.52192
G01 X-98.23195 Y49.46355
G01 X-98.17462 Y49.40577
G01 X-98.10274 Y49.31623
G01 X-98.05362 Y49.23724
G01 X-98.00005 Y49.12278
G01 X-97.97394 Y49.04486
G01 X-97.95149 Y48.94338
G01 X-97.94084 Y48.83927
G01 X-97.94181 Y48.75037
G01 X-97.55146 Y48.36005
G01 X-93.37057 Y48.36005
G01 X-93.34207 Y48.40577
G01 X-93.28645 Y48.48123
G01 X-93.22490 Y48.55184
G01 X-93.15779 Y48.61730
G01 X-93.08558 Y48.67701
G01 X-93.01555 Y48.72624
G01 X-92.94438 Y48.76891
G01 X-92.86148 Y48.81039
G01 X-92.78464 Y48.84181
G01 X-92.69640 Y48.87021
G01 X-92.59422 Y48.89380
G01 X-92.43687 Y48.91143
G01 X-92.21312 Y48.90960
G01 X-92.11741 Y48.89914
G01 X-92.01406 Y48.87844
G01 X-91.91253 Y48.84808
G01 X-91.80499 Y48.80434
G01 X-91.71116 Y48.75517
G01 X-91.62267 Y48.69789
G01 X-91.53976 Y48.63279
G01 X-91.46318 Y48.56033
G01 X-91.39351 Y48.48123
G01 X-91.33138 Y48.39604
G01 X-91.27728 Y48.30556
G01 X-91.23169 Y48.21052
G01 X-91.19481 Y48.11120
G01 X-91.16504 Y47.99899
G01 X-91.14787 Y47.89447
G01 X-91.14035 Y47.78883
G01 X-91.14337 Y47.67171
G01 X-91.16031 Y47.54450
G01 X-91.19143 Y47.41951
G01 X-91.23631 Y47.29876
G01 X-91.29440 Y47.18377
G01 X-91.36494 Y47.07598
G01 X-91.44672 Y46.97709
G01 X-91.53133 Y46.89462
G01 X-91.63181 Y46.81568
G01 X-91.73197 Y46.75299
G01 X-91.84693 Y46.69716
G01 X-91.95759 Y46.65728
G01 X-92.07123 Y46.62896
G01 X-92.18617 Y46.61243
G01 X-92.28492 Y46.60757
G01 X-92.45932 Y46.60976
G01 X-92.61370 Y46.63000
G01 X-92.76214 Y46.67019
G01 X-92.90311 Y46.72934
G01 X-93.02696 Y46.80163
G01 X-93.15449 Y46.89985
G01 X-93.25513 Y47.00204
G01 X-93.34746 Y47.12294
G01 X-93.37004 Y47.16002
G01 X-97.80000 Y47.16002
G01 X-97.90833 Y47.16990
G01 X-97.98522 Y47.18941
G01 X-98.05888 Y47.21883
G01 X-98.13017 Y47.25906
G01 X-98.18816 Y47.30254
G01 X-98.78999 Y47.90168
G01 X-98.94587 Y47.90668
G01 X-99.06495 Y47.92863
G01 X-99.17991 Y47.96673
G01 X-99.29708 Y48.02479
G01 X-99.39680 Y48.09347
G01 X-99.51046 Y48.20000
G01 X-100.58262 Y48.20000
G01 X-100.58554 Y35.35797
G01 X-100.60398 Y35.25888
G01 X-100.63533 Y35.17153
G01 X-100.67886 Y35.09149
G01 X-100.73568 Y35.01710
G01 X-101.91569 Y33.83582
G01 X-101.97370 Y33.78482
G01 X-102.02760 Y33.74778
G01 X-102.09595 Y33.71192
G01 X-102.16959 Y33.68474
G01 X-102.24612 Y33.66742
G01 X-102.32034 Y33.66038
G01 X-105.23996 Y33.66005
G01 X-105.23996 Y32.26000
G01 X-105.24858 Y32.15922
G01 X-105.26877 Y32.07766
G01 X-105.30964 Y31.98055
G01 X-105.32592 Y31.95134
G01 X-105.37276 Y31.88365
G01 X-105.44416 Y31.80964
G01 X-105.50933 Y31.75939
G01 X-105.59033 Y31.71446
G01 X-105.67725 Y31.68256
G01 X-105.76635 Y31.66458
G01 X-105.83999 Y31.66000
G01 X-116.83999 Y31.66000
G01 X-116.95952 Y31.67204
G01 X-117.05704 Y31.70072
G01 X-117.16232 Y31.75404
G01 X-117.24985 Y31.82208
G01 X-117.80717 Y32.38360
G01 X-117.85955 Y32.46003
G01 X-117.89958 Y32.54377
G01 X-117.92622 Y32.63265
G01 X-117.93908 Y32.72708
G01 X-117.93999 Y44.80001
G01 X-117.93011 Y44.90839
G01 X-117.91060 Y44.98525
G01 X-117.87636 Y45.06882
G01 X-117.82950 Y45.14692
G01 X-117.77131 Y45.21703
G01 X-114.23835 Y48.75019
G01 X-114.23332 Y48.90589
G01 X-114.21137 Y49.02497
G01 X-114.16956 Y49.14892
G01 X-114.11521 Y49.25710
G01 X-114.04653 Y49.35684
G01 X-113.94000 Y49.47048
G01 X-113.94000 Y51.65151
G01 X-116.22425 Y53.93575
G01 X-116.28841 Y54.01162
G01 X-116.33575 Y54.08996
G01 X-116.37954 Y54.20474
G01 X-116.39280 Y54.26745
G01 X-116.39963 Y54.34038
G01 X-116.39996 Y56.57149
G01 X-119.98157 Y60.15327
G01 X-120.04143 Y60.22589
G01 X-120.08921 Y60.30701
G01 X-120.12373 Y60.39462
G01 X-120.14527 Y60.49518
G01 X-120.14999 Y60.57001
G01 X-120.14999 Y101.65001
G01 X-120.13686 Y101.77477
G01 X-120.09863 Y101.89286
G01 X-120.04446 Y101.98986
G01 X-119.97425 Y102.07429
G01 X-116.80870 Y105.23921
G01 X-116.73573 Y105.29720
G01 X-116.65429 Y105.34342
G01 X-116.55688 Y105.37906
G01 X-116.46405 Y105.39659
G01 X-83.79998 Y105.40004
G01 X-83.68916 Y105.38952
G01 X-83.63008 Y105.37530
G01 X-83.55177 Y105.34627
G01 X-83.47219 Y105.30197
G01 X-83.37570 Y105.22430
G01 X-70.55144 Y92.40004
G01 X-68.65482 Y92.40004
G01 X-68.60981 Y92.52567
G01 X-68.55020 Y92.65958
G01 X-68.48581 Y92.77985
G01 X-68.40745 Y92.90375
G01 X-68.32670 Y93.01299
G01 X-68.23813 Y93.11675
G01 X-68.13473 Y93.22148
G01 X-68.03544 Y93.30857
G01 X-67.91814 Y93.39745
G01 X-67.80372 Y93.47174
G01 X-67.66178 Y93.54911
G01 X-67.54139 Y93.60344
G01 X-67.41347 Y93.65089
G01 X-67.27268 Y93.69173
G01 X-67.13925 Y93.72018
G01 X-67.01456 Y93.73811
G01 X-66.90171 Y93.74728
G01 X-66.78851 Y93.74992
G01 X-66.67537 Y93.74596
G01 X-66.56262 Y93.73545
G01 X-66.45071 Y93.71840
G01 X-66.33997 Y93.69491
G01 X-66.23075 Y93.66501
G01 X-66.12348 Y93.62884
G01 X-66.01848 Y93.58650
G01 X-65.91612 Y93.53811
G01 X-65.81673 Y93.48388
G01 X-65.72066 Y93.42399
G01 X-65.62823 Y93.35861
G01 X-65.53974 Y93.28797
G01 X-65.45429 Y93.21109
G01 X-65.35208 Y93.10603
G01 X-65.26466 Y93.00205
G01 X-65.18437 Y92.89173
G01 X-65.10692 Y92.76730
G01 X-65.04345 Y92.64652
G01 X-64.98480 Y92.51218
G01 X-64.93961 Y92.38406
G01 X-64.90347 Y92.25313
G01 X-64.87644 Y92.11940
G01 X-64.85783 Y91.97342
G01 X-64.85028 Y91.82702
G01 X-64.85313 Y91.69118
G01 X-64.86552 Y91.55531
G01 X-64.88935 Y91.41069
G01 X-64.92445 Y91.26791
G01 X-64.10101 Y90.44340
G01 X-64.04411 Y90.37548
G01 X-63.99915 Y90.31109
G01 X-63.95470 Y90.23362
G01 X-63.91744 Y90.15166
G01 X-63.88833 Y90.06720
G01 X-63.86951 Y89.99166
G01 X-63.85694 Y89.91485
G01 X-63.85082 Y89.83522
G01 X-63.85000 Y88.58610
G01 X-63.81269 Y88.55885
G01 X-63.70515 Y88.46675
G01 X-63.59438 Y88.35166
G01 X-63.51221 Y88.24955
G01 X-63.43365 Y88.13218
G01 X-63.36189 Y88.00137
G01 X-63.29918 Y87.85408
G01 X-63.25628 Y87.72067
G01 X-63.23322 Y87.62388
G01 X-63.21371 Y87.50861
G01 X-63.20423 Y87.41539
G01 X-63.20012 Y87.31090
G04 P0 ( dwell for no time -- G64 should not smooth over this point )
G00 Z2.00000 ( retract )

G00 X-65.28998 Y83.90001 ( rapid move to begin. )
G01 F300.00000
( Mill infeed pass 1/1 )
G01 Z-0.80000
G04 P0 ( dwell for no time -- G64 should not smooth over this point )
G01 F600.00000
G01 X-65.28998 Y83.90001
G01 X-66.01411 Y83.89907
G01 X-66.09442 Y83.88746
G01 X-66.13486 Y83.87486
G01 X-66.21774 Y83.83798
G01 X-66.28277 Y83.79099
G01 X-66.31507 Y83.75998
G01 X-66.37603 Y83.68065
G01 X-66.41556 Y83.59622
G01 X-66.43527 Y83.51416
G01 X-66.43811 Y83.48101
G01 X-66.43951 Y82.90003
G01 X-66.53997 Y82.90003
G01 X-66.53997 Y83.48982
G01 X-66.53275 Y83.56059
G01 X-66.49183 Y83.68406
G01 X-66.42435 Y83.79348
G01 X-66.33341 Y83.88439
G01 X-66.22399 Y83.95190
G01 X-66.10057 Y83.99279
G01 X-66.02976 Y84.00001
G01 X-65.28998 Y84.00001
G01 X-65.28998 Y83.90001
G04 P0 ( dwell for no time -- G64 should not smooth over this point )
G00 Z2.00000 ( retract )

G00 X-63.14000 Y82.75005 ( rapid move to begin. )
G01 F300.00000
( Mill infeed pass 1/1 )
G01 Z-0.80000
G04 P0 ( dwell for no time -- G64 should not smooth over this point )
G01 F600.00000
G01 X-63.14000 Y82.75005
G01 X-63.24018 Y82.75005
G01 X-63.24200 Y83.49216
G01 X-63.25481 Y83.56435
G01 X-63.27774 Y83.63044
G01 X-63.32049 Y83.70687
G01 X-63.37000 Y83.76640
G01 X-63.43733 Y83.82238
G01 X-63.49814 Y83.85703
G01 X-63.57401 Y83.88482
G01 X-63.65295 Y83.89836
G01 X-64.38996 Y83.89991
G01 X-64.38996 Y84.00001
G01 X-63.65018 Y84.00001
G01 X-63.57937 Y83.99279
G01 X-63.45595 Y83.95190
G01 X-63.34653 Y83.88439
G01 X-63.25562 Y83.79348
G01 X-63.18811 Y83.68403
G01 X-63.14721 Y83.56059
G01 X-63.14000 Y83.48982
G01 X-63.14000 Y82.75005
G04 P0 ( dwell for no time -- G64 should not smooth over this point )
G00 Z2.00000 ( retract )

G00 X-63.14000 Y81.11025 ( rapid move to begin. )
G01 F300.00000
( Mill infeed pass 1/1 )
G01 Z-0.80000
G04 P0 ( dwell for no time -- G64 should not smooth over this point )
G01 F600.00000
G01 X-63.14000 Y81.11025
G01 X-63.14721 Y81.03943
G01 X-63.18811 Y80.91601
G01 X-63.25562 Y80.80657
G01 X-63.34653 Y80.71566
G01 X-63.45595 Y80.64815
G01 X-63.57937 Y80.60725
G01 X-63.65018 Y80.60004
G01 X-63.88998 Y80.60004
G01 X-63.88998 Y80.70004
G01 X-63.66588 Y80.70098
G01 X-63.57678 Y80.71452
G01 X-63.49235 Y80.74667
G01 X-63.45305 Y80.76814
G01 X-63.38557 Y80.81894
G01 X-63.32453 Y80.88752
G01 X-63.28016 Y80.96621
G01 X-63.26789 Y80.99420
G01 X-63.25089 Y81.05188
G01 X-63.24025 Y81.13981
G01 X-63.24000 Y81.85002
G01 X-63.14000 Y81.85002
G01 X-63.14000 Y81.11025
G04 P0 ( dwell for no time -- G64 should not smooth over this point )
G00 Z2.00000 ( retract )

G00 X-65.78998 Y80.60004 ( rapid move to begin. )
G01 F300.00000
( Mill infeed pass 1/1 )
G01 Z-0.80000
G04 P0 ( dwell for no time -- G64 should not smooth over this point )
G01 F600.00000
G01 X-65.78998 Y80.60004
G01 X-65.78998 Y80.70004
G01 X-66.00733 Y80.70044
G01 X-66.08111 Y80.70946
G01 X-66.11360 Y80.71820
G01 X-66.19780 Y80.75091
G01 X-66.26524 Y80.79506
G01 X-66.29938 Y80.82404
G01 X-66.35516 Y80.88747
G01 X-66.39691 Y80.95856
G01 X-66.40890 Y80.98670
G01 X-66.42706 Y81.04294
G01 X-66.43887 Y81.12079
G01 X-66.43994 Y81.70001
G01 X-66.53997 Y81.70001
G01 X-66.53997 Y81.11025
G01 X-66.53275 Y81.03946
G01 X-66.49183 Y80.91601
G01 X-66.42435 Y80.80657
G01 X-66.33341 Y80.71566
G01 X-66.22399 Y80.64815
G01 X-66.10057 Y80.60725
G01 X-66.02976 Y80.60004
G01 X-65.78998 Y80.60004
G04 P0 ( dwell for no time -- G64 should not smooth over this point )
G00 Z2.00000 ( retract )

G00 X-66.18703 Y79.75645 ( rapid move to begin. )
G01 F300.00000
( Mill infeed pass 1/1 )
G01 Z-0.80000
G04 P0 ( dwell for no time -- G64 should not smooth over this point )
G01 F600.00000
G01 X-66.18703 Y79.75645
G01 X-66.26920 Y79.67431
G01 X-66.34997 Y79.69692
G01 X-66.34997 Y79.80108
G01 X-66.28983 Y79.79024
G01 X-66.18703 Y79.75645
G04 P0 ( dwell for no time -- G64 should not smooth over this point )
G00 Z2.00000 ( retract )

G00 X-67.25000 Y79.69689 ( rapid move to begin. )
G01 F300.00000
( Mill infeed pass 1/1 )
G01 Z-0.80000
G04 P0 ( dwell for no time -- G64 should not smooth over this point )
G01 F600.00000
G01 X-67.25000 Y79.69689
G01 X-67.25000 Y79.80108
G01 X-67.31009 Y79.79024
G01 X-67.57034 Y79.70471
G01 X-67.81733 Y79.58505
G01 X-68.04619 Y79.43352
G01 X-68.25279 Y79.25282
G01 X-68.43346 Y79.04624
G01 X-68.58500 Y78.81739
G01 X-68.70468 Y78.57040
G01 X-68.79018 Y78.31018
G01 X-68.80105 Y78.25003
G01 X-68.69668 Y78.25003
G01 X-68.66178 Y78.37995
G01 X-68.60852 Y78.52923
G01 X-68.54334 Y78.67368
G01 X-68.47070 Y78.80533
G01 X-68.38355 Y78.93769
G01 X-68.29287 Y79.05435
G01 X-68.17499 Y79.18252
G01 X-68.06447 Y79.28447
G01 X-67.94626 Y79.37736
G01 X-67.80097 Y79.47337
G01 X-67.67138 Y79.54434
G01 X-67.53445 Y79.60642
G01 X-67.38533 Y79.66011
G01 X-67.25000 Y79.69689
G04 P0 ( dwell for no time -- G64 should not smooth over this point )
G00 Z2.00000 ( retract )

G00 X-64.79892 Y77.35001 ( rapid move to begin. )
G01 F300.00000
( Mill infeed pass 1/1 )
G01 Z-0.80000
G04 P0 ( dwell for no time -- G64 should not smooth over this point )
G01 F600.00000
G01 X-64.79892 Y77.35001
G01 X-64.80977 Y77.28989
G01 X-64.89529 Y77.02966
G01 X-65.01495 Y76.78265
G01 X-65.16649 Y76.55382
G01 X-65.34716 Y76.34722
G01 X-65.55376 Y76.16654
G01 X-65.78259 Y76.01501
G01 X-66.02960 Y75.89532
G01 X-66.28983 Y75.80980
G01 X-66.34997 Y75.79896
G01 X-66.34997 Y75.90315
G01 X-66.21464 Y75.93993
G01 X-66.06552 Y75.99360
G01 X-65.92127 Y76.05920
G01 X-65.78983 Y76.13223
G01 X-65.64505 Y76.22898
G01 X-65.52940 Y76.32095
G01 X-65.41911 Y76.42314
G01 X-65.30675 Y76.54615
G01 X-65.21017 Y76.67107
G01 X-65.12928 Y76.79469
G01 X-65.05663 Y76.92634
G01 X-64.99145 Y77.07081
G01 X-64.93822 Y77.22009
G01 X-64.90329 Y77.35001
G01 X-64.79892 Y77.35001
G04 P0 ( dwell for no time -- G64 should not smooth over this point )
G00 Z2.00000 ( retract )

G00 X-64.79892 Y78.25003 ( rapid move to begin. )
G01 F300.00000
( Mill infeed pass 1/1 )
G01 Z-0.80000
G04 P0 ( dwell for no time -- G64 should not smooth over this point )
G01 F600.00000
G01 X-64.79892 Y78.25003
G01 X-64.80977 Y78.31015
G01 X-64.84355 Y78.41295
G01 X-64.92557 Y78.33096
G01 X-64.90334 Y78.25003
G01 X-64.79892 Y78.25003
G04 P0 ( dwell for no time -- G64 should not smooth over this point )
G00 Z2.00000 ( retract )

G00 X-67.25000 Y75.79896 ( rapid move to begin. )
G01 F300.00000
( Mill infeed pass 1/1 )
G01 Z-0.80000
G04 P0 ( dwell for no time -- G64 should not smooth over this point )
G01 F600.00000
G01 X-67.25000 Y75.79896
G01 X-67.25000 Y75.90315
G01 X-67.38533 Y75.93993
G01 X-67.53445 Y75.99360
G01 X-67.67872 Y76.05920
G01 X-67.81017 Y76.13223
G01 X-67.95495 Y76.22898
G01 X-68.07057 Y76.32095
G01 X-68.18086 Y76.42314
G01 X-68.28810 Y76.53982
G01 X-68.38065 Y76.65834
G01 X-68.47623 Y76.80391
G01 X-68.54682 Y76.93368
G01 X-68.60852 Y77.07081
G01 X-68.66178 Y77.22009
G01 X-68.69668 Y77.35001
G01 X-68.80102 Y77.35001
G01 X-68.79018 Y77.28989
G01 X-68.70466 Y77.02964
G01 X-68.58500 Y76.78265
G01 X-68.43346 Y76.55382
G01 X-68.25279 Y76.34722
G01 X-68.04619 Y76.16654
G01 X-67.81733 Y76.01501
G01 X-67.57032 Y75.89532
G01 X-67.31012 Y75.80980
G01 X-67.25000 Y75.79896
G04 P0 ( dwell for no time -- G64 should not smooth over this point )
G00 Z2.00000 ( retract )

G00 X-63.84998 Y67.05000 ( rapid move to begin. )
G01 F300.00000
( Mill infeed pass 1/1 )
G01 Z-0.80000
G04 P0 ( dwell for no time -- G64 should not smooth over this point )
G01 F600.00000
G01 X-63.84998 Y67.05000
G01 X-63.84998 Y71.55002
G01 X-63.85435 Y71.59160
G01 X-63.86728 Y71.63135
G01 X-63.88818 Y71.66757
G01 X-63.91617 Y71.69863
G01 X-63.94998 Y71.72322
G01 X-63.97833 Y71.73673
G01 X-64.00840 Y71.74565
G01 X-64.04998 Y71.75002
G01 X-68.56046 Y71.74974
G01 X-68.60176 Y71.74319
G01 X-68.64077 Y71.72823
G01 X-68.66755 Y71.71182
G01 X-68.69861 Y71.68385
G01 X-68.72320 Y71.65002
G01 X-68.73671 Y71.62170
G01 X-68.74563 Y71.59160
G01 X-68.74999 Y71.55002
G01 X-68.74999 Y67.05000
G01 X-68.74563 Y67.00842
G01 X-68.73671 Y66.97835
G01 X-68.71771 Y66.94109
G01 X-68.69140 Y66.90860
G01 X-68.65891 Y66.88229
G01 X-68.62165 Y66.86329
G01 X-68.59157 Y66.85437
G01 X-68.54999 Y66.85000
G01 X-64.03951 Y66.85028
G01 X-64.00840 Y66.85437
G01 X-63.96865 Y66.86730
G01 X-63.93243 Y66.88820
G01 X-63.90136 Y66.91620
G01 X-63.87678 Y66.95000
G01 X-63.86326 Y66.97835
G01 X-63.85435 Y67.00842
G01 X-63.84998 Y67.05000
G01 X-63.54950 Y67.00248
G01 X-63.54950 Y71.59759
G01 X-63.55315 Y71.63798
G01 X-63.59024 Y71.75695
G01 X-63.65310 Y71.86097
G01 X-63.73903 Y71.94692
G01 X-63.84304 Y72.00978
G01 X-63.96199 Y72.04684
G01 X-64.00240 Y72.05050
G01 X-68.59754 Y72.05050
G01 X-68.63796 Y72.04684
G01 X-68.75690 Y72.00978
G01 X-68.86092 Y71.94692
G01 X-68.94684 Y71.86097
G01 X-69.00971 Y71.75695
G01 X-69.04679 Y71.63798
G01 X-69.05045 Y71.59759
G01 X-69.05045 Y67.00245
G01 X-69.04679 Y66.96207
G01 X-69.00971 Y66.84312
G01 X-68.94684 Y66.73908
G01 X-68.86092 Y66.65315
G01 X-68.75690 Y66.59029
G01 X-68.63793 Y66.55320
G01 X-68.59754 Y66.54955
G01 X-64.00240 Y66.54955
G01 X-63.96202 Y66.55320
G01 X-63.84307 Y66.59026
G01 X-63.73903 Y66.65318
G01 X-63.65310 Y66.73908
G01 X-63.59024 Y66.84312
G01 X-63.55315 Y66.96207
G01 X-63.54950 Y67.00248
G04 P0 ( dwell for no time -- G64 should not smooth over this point )
G00 Z2.00000 ( retract )

G00 X-75.03500 Y53.64002 ( rapid move to begin. )
G01 F300.00000
( Mill infeed pass 1/1 )
G01 Z-0.80000
G04 P0 ( dwell for no time -- G64 should not smooth over this point )
G01 F600.00000
G01 X-75.03500 Y53.64002
G01 X-75.03525 Y56.44047
G01 X-75.04828 Y56.50169
G01 X-75.07955 Y56.55587
G01 X-75.12606 Y56.59775
G01 X-75.18321 Y56.62320
G01 X-75.23500 Y56.63001
G01 X-78.02498 Y56.63001
G01 X-78.08678 Y56.62023
G01 X-78.13392 Y56.59775
G01 X-78.17362 Y56.56384
G01 X-78.20319 Y56.52081
G01 X-78.22252 Y56.46130
G01 X-78.22498 Y55.63501
G01 X-82.07511 Y55.63489
G01 X-82.18322 Y55.62300
G01 X-82.25020 Y55.60565
G01 X-82.33221 Y55.57220
G01 X-82.40277 Y55.53072
G01 X-82.48924 Y55.45930
G01 X-86.76423 Y51.18430
G01 X-86.81963 Y51.12039
G01 X-86.86888 Y51.04325
G01 X-86.89964 Y50.97627
G01 X-86.91986 Y50.91407
G01 X-86.93535 Y50.83401
G01 X-86.93998 Y50.76002
G01 X-86.93998 Y46.50854
G01 X-87.58854 Y45.85998
G01 X-88.37147 Y45.85919
G01 X-88.48455 Y45.84212
G01 X-88.55023 Y45.82012
G01 X-91.30926 Y45.82012
G01 X-91.34451 Y45.87547
G01 X-91.40121 Y45.95070
G01 X-91.47101 Y46.02835
G01 X-91.54017 Y46.09310
G01 X-91.62226 Y46.15759
G01 X-91.70151 Y46.20945
G01 X-91.79348 Y46.25888
G01 X-91.87248 Y46.29310
G01 X-91.96882 Y46.32612
G01 X-92.05183 Y46.34697
G01 X-92.16133 Y46.36485
G01 X-92.26285 Y46.37209
G01 X-92.39658 Y46.37247
G01 X-92.48469 Y46.36828
G01 X-92.57664 Y46.35693
G01 X-92.71116 Y46.32612
G01 X-92.84337 Y46.27852
G01 X-92.96879 Y46.21522
G01 X-93.08599 Y46.13671
G01 X-93.19998 Y46.03737
G01 X-93.29374 Y45.93201
G01 X-93.37367 Y45.81644
G01 X-93.43359 Y45.70295
G01 X-93.48853 Y45.56051
G01 X-93.51926 Y45.43592
G01 X-93.53849 Y45.27120
G01 X-93.53625 Y45.12782
G01 X-93.51515 Y44.98205
G01 X-93.47763 Y44.84608
G01 X-93.42404 Y44.71619
G01 X-93.35683 Y44.59666
G01 X-93.26536 Y44.47392
G01 X-93.15866 Y44.36402
G01 X-93.02256 Y44.25833
G01 X-92.88810 Y44.18238
G01 X-92.73745 Y44.12196
G01 X-92.57949 Y44.08368
G01 X-92.43638 Y44.06856
G01 X-92.25376 Y44.06831
G01 X-92.08777 Y44.08589
G01 X-91.93943 Y44.12297
G01 X-91.79762 Y44.17921
G01 X-91.66369 Y44.25467
G01 X-91.53402 Y44.35231
G01 X-91.42554 Y44.46125
G01 X-91.33250 Y44.58294
G01 X-91.30992 Y44.62008
G01 X-88.36949 Y44.62020
G01 X-88.25003 Y44.63450
G01 X-88.17096 Y44.66005
G01 X-87.30012 Y44.66145
G01 X-87.20685 Y44.67524
G01 X-87.14589 Y44.69229
G01 X-87.08727 Y44.71611
G01 X-87.01120 Y44.75812
G01 X-86.93073 Y44.82221
G01 X-85.90249 Y45.84941
G01 X-85.85293 Y45.90971
G01 X-85.80587 Y45.98675
G01 X-85.77422 Y46.06038
G01 X-85.75260 Y46.13760
G01 X-85.73995 Y46.26000
G01 X-85.73995 Y50.51150
G01 X-81.81644 Y54.43502
G01 X-78.22498 Y54.43502
G01 X-78.22252 Y53.60873
G01 X-78.20319 Y53.54922
G01 X-78.18678 Y53.52244
G01 X-78.15882 Y53.49138
G01 X-78.10634 Y53.45729
G01 X-78.04589 Y53.44111
G01 X-75.22451 Y53.44028
G01 X-75.18321 Y53.44683
G01 X-75.15364 Y53.45729
G01 X-75.11742 Y53.47820
G01 X-75.08635 Y53.50619
G01 X-75.06725 Y53.53108
G01 X-75.04828 Y53.56834
G01 X-75.03936 Y53.59844
G01 X-75.03500 Y53.64002
G04 P0 ( dwell for no time -- G64 should not smooth over this point )
G00 Z2.00000 ( retract )

G00 X-75.64206 Y45.23714 ( rapid move to begin. )
G01 F300.00000
( Mill infeed pass 1/1 )
G01 Z-0.80000
G04 P0 ( dwell for no time -- G64 should not smooth over this point )
G01 F600.00000
G01 X-75.64206 Y45.23714
G01 X-75.66809 Y45.04870
G01 X-75.70772 Y44.91088
G01 X-75.76078 Y44.78718
G01 X-75.84223 Y44.64794
G01 X-75.95638 Y44.50732
G01 X-76.06111 Y44.40938
G01 X-76.17012 Y44.33044
G01 X-76.32961 Y44.24459
G01 X-76.46461 Y44.19518
G01 X-76.60441 Y44.16333
G01 X-76.76656 Y44.14822
G01 X-76.93537 Y44.14850
G01 X-77.03888 Y44.15749
G01 X-77.12366 Y44.17212
G01 X-77.23011 Y44.19976
G01 X-77.31089 Y44.22810
G01 X-77.39656 Y44.26605
G01 X-77.47888 Y44.31083
G01 X-77.55059 Y44.35754
G01 X-77.64624 Y44.43270
G01 X-77.70863 Y44.49135
G01 X-77.77192 Y44.56110
G01 X-77.83517 Y44.64418
G01 X-77.87075 Y44.70003
G01 X-82.59145 Y44.70003
G01 X-84.73996 Y42.55150
G01 X-84.73996 Y39.58856
G01 X-84.23071 Y39.07932
G01 X-84.18321 Y39.09352
G01 X-84.01862 Y39.12733
G01 X-83.86401 Y39.13980
G01 X-83.68334 Y39.13020
G01 X-83.53066 Y39.10269
G01 X-83.37036 Y39.05222
G01 X-83.21791 Y38.98153
G01 X-83.08657 Y38.89900
G01 X-82.96505 Y38.80116
G01 X-82.87123 Y38.70690
G01 X-82.78126 Y38.59438
G01 X-82.70427 Y38.47259
G01 X-82.64583 Y38.35313
G01 X-82.59294 Y38.20731
G01 X-82.55997 Y38.06708
G01 X-82.54372 Y37.93507
G01 X-82.54011 Y37.83538
G01 X-82.54400 Y37.73939
G01 X-82.55672 Y37.63302
G01 X-82.57570 Y37.53792
G01 X-82.60145 Y37.44536
G01 X-82.63399 Y37.35496
G01 X-82.67968 Y37.25400
G01 X-82.72614 Y37.16990
G01 X-82.77867 Y37.08948
G01 X-82.83699 Y37.01316
G01 X-82.90079 Y36.94133
G01 X-82.96973 Y36.87442
G01 X-83.03180 Y36.82192
G01 X-83.12487 Y36.75438
G01 X-83.20102 Y36.70803
G01 X-83.28636 Y36.66393
G01 X-83.37473 Y36.62624
G01 X-83.46564 Y36.59520
G01 X-83.56625 Y36.56916
G01 X-83.66406 Y36.55212
G01 X-83.76058 Y36.54254
G01 X-83.85662 Y36.54023
G01 X-83.96729 Y36.54638
G01 X-84.06246 Y36.55931
G01 X-84.14209 Y36.57572
G01 X-84.23465 Y36.60147
G01 X-84.32502 Y36.63401
G01 X-84.41278 Y36.67313
G01 X-84.49739 Y36.71862
G01 X-84.57841 Y36.77023
G01 X-84.65540 Y36.82769
G01 X-84.73597 Y36.89830
G01 X-84.82149 Y36.98776
G01 X-84.88176 Y37.06256
G01 X-84.93632 Y37.14163
G01 X-84.98491 Y37.22451
G01 X-85.02723 Y37.31074
G01 X-85.06083 Y37.39332
G01 X-85.09543 Y37.50297
G01 X-85.11689 Y37.59662
G01 X-85.13145 Y37.69250
G01 X-85.13909 Y37.79151
G01 X-85.13924 Y37.88067
G01 X-85.13269 Y37.97650
G01 X-85.11908 Y38.07160
G01 X-85.09848 Y38.16543
G01 X-85.07915 Y38.23076
G01 X-85.78763 Y38.94056
G01 X-85.83977 Y39.00817
G01 X-85.87551 Y39.07010
G01 X-85.91486 Y39.16974
G01 X-85.93332 Y39.25135
G01 X-85.93998 Y39.34005
G01 X-85.93983 Y42.81017
G01 X-85.92743 Y42.92203
G01 X-85.89185 Y43.03547
G01 X-85.83762 Y43.13509
G01 X-85.77132 Y43.21703
G01 X-83.26424 Y45.72429
G01 X-83.20823 Y45.77372
G01 X-83.15626 Y45.80986
G01 X-83.09048 Y45.84522
G01 X-83.00493 Y45.87651
G01 X-82.92581 Y45.89381
G01 X-82.83998 Y45.90003
G01 X-77.87004 Y45.90003
G01 X-77.84746 Y45.93714
G01 X-77.76687 Y46.04489
G01 X-77.66080 Y46.15454
G01 X-77.53258 Y46.25500
G01 X-77.40019 Y46.33214
G01 X-77.24955 Y46.39411
G01 X-77.10121 Y46.43249
G01 X-76.93774 Y46.45139
G01 X-76.77388 Y46.45230
G01 X-76.64012 Y46.44214
G01 X-76.51455 Y46.41850
G01 X-76.40157 Y46.38390
G01 X-76.26245 Y46.32342
G01 X-76.14188 Y46.25131
G01 X-76.03131 Y46.16539
G01 X-75.94691 Y46.08273
G01 X-75.85234 Y45.96607
G01 X-75.76827 Y45.82840
G01 X-75.70403 Y45.67875
G01 X-75.66174 Y45.52269
G01 X-75.64206 Y45.36292
G01 X-75.63995 Y41.80751
G01 X-75.64112 Y43.73372
G01 X-75.64978 Y43.77431
G01 X-75.66179 Y43.80331
G01 X-75.67817 Y43.83006
G01 X-75.70611 Y43.86115
G01 X-75.73106 Y43.88025
G01 X-75.76832 Y43.89922
G01 X-75.79839 Y43.90814
G01 X-75.84000 Y43.91251
G01 X-77.85046 Y43.91223
G01 X-77.91167 Y43.89922
G01 X-77.94891 Y43.88025
G01 X-77.97380 Y43.86115
G01 X-77.99542 Y43.83836
G01 X-78.01820 Y43.80331
G01 X-78.03316 Y43.76427
G01 X-78.03890 Y43.73341
G01 X-78.03999 Y42.40855
G01 X-78.74213 Y41.70642
G01 X-78.83913 Y41.73146
G01 X-78.92983 Y41.73989
G01 X-82.66952 Y41.74002
G01 X-82.75817 Y41.82661
G01 X-82.84562 Y41.89168
G01 X-82.97166 Y41.96082
G01 X-83.07354 Y41.99963
G01 X-83.18370 Y42.02633
G01 X-83.29685 Y42.03895
G01 X-83.41695 Y42.03631
G01 X-83.53406 Y42.01884
G01 X-83.63401 Y41.99036
G01 X-83.73074 Y41.95046
G01 X-83.81184 Y41.90639
G01 X-83.88845 Y41.85358
G01 X-83.96706 Y41.78559
G01 X-84.04486 Y41.69920
G01 X-84.10501 Y41.61360
G01 X-84.15004 Y41.53220
G01 X-84.18596 Y41.44637
G01 X-84.21849 Y41.33553
G01 X-84.23399 Y41.24378
G01 X-84.23998 Y41.14002
G01 X-84.23493 Y41.04711
G01 X-84.21849 Y40.94452
G01 X-84.19088 Y40.84683
G01 X-84.13005 Y40.70906
G01 X-84.06475 Y40.60649
G01 X-83.98629 Y40.51427
G01 X-83.86330 Y40.40784
G01 X-83.74110 Y40.33489
G01 X-83.62858 Y40.28760
G01 X-83.50104 Y40.25458
G01 X-83.37199 Y40.24066
G01 X-83.26081 Y40.24350
G01 X-83.14519 Y40.26133
G01 X-83.03285 Y40.29405
G01 X-82.93607 Y40.33576
G01 X-82.84481 Y40.38849
G01 X-82.75152 Y40.45905
G01 X-82.66922 Y40.54002
G01 X-79.29999 Y40.54002
G01 X-79.29999 Y37.65016
G01 X-79.39064 Y37.58562
G01 X-79.47293 Y37.50388
G01 X-79.49534 Y37.47668
G01 X-79.55973 Y37.38021
G01 X-79.60745 Y37.27450
G01 X-79.63722 Y37.16241
G01 X-79.64990 Y37.02360
G01 X-79.63773 Y36.89781
G01 X-79.61251 Y36.80000
G01 X-79.57507 Y36.70912
G01 X-79.53044 Y36.63180
G01 X-79.46879 Y36.55052
G01 X-79.40580 Y36.48740
G01 X-79.32909 Y36.42809
G01 X-79.26288 Y36.38888
G01 X-79.16504 Y36.34592
G01 X-79.06331 Y36.31882
G01 X-78.93336 Y36.30518
G01 X-78.44269 Y36.30574
G01 X-78.34241 Y36.31730
G01 X-78.24731 Y36.34173
G01 X-78.12181 Y36.39731
G01 X-78.03862 Y36.45113
G01 X-77.95871 Y36.52108
G01 X-77.88823 Y36.60424
G01 X-77.83639 Y36.68763
G01 X-77.78295 Y36.81405
G01 X-77.75833 Y36.92073
G01 X-77.75005 Y37.03701
G01 X-77.75925 Y37.14519
G01 X-77.78775 Y37.25969
G01 X-77.82519 Y37.35141
G01 X-77.89148 Y37.45964
G01 X-77.96288 Y37.54254
G01 X-78.03471 Y37.60594
G01 X-78.09996 Y37.64905
G01 X-78.09996 Y40.65150
G01 X-77.14396 Y41.60751
G01 X-75.80871 Y41.60997
G01 X-75.74919 Y41.62930
G01 X-75.72242 Y41.64571
G01 X-75.69136 Y41.67368
G01 X-75.66674 Y41.70751
G01 X-75.65328 Y41.73583
G01 X-75.64244 Y41.77622
G01 X-75.63995 Y41.80751
G04 P0 ( dwell for no time -- G64 should not smooth over this point )
G00 Z2.00000 ( retract )

G00 X-71.44008 Y37.55621 ( rapid move to begin. )
G01 F300.00000
( Mill infeed pass 1/1 )
G01 Z-0.80000
G04 P0 ( dwell for no time -- G64 should not smooth over this point )
G01 F600.00000
G01 X-71.44008 Y37.55621
G01 X-71.44242 Y37.63614
G01 X-71.45215 Y37.71623
G01 X-71.47910 Y37.83078
G01 X-71.53094 Y37.96332
G01 X-71.58542 Y38.06050
G01 X-71.65840 Y38.15712
G01 X-71.76711 Y38.26406
G01 X-71.87498 Y38.34053
G01 X-72.00234 Y38.40419
G01 X-72.13810 Y38.44701
G01 X-72.26833 Y38.46708
G01 X-72.39233 Y38.46850
G01 X-72.50914 Y38.45397
G01 X-72.61892 Y38.42565
G01 X-72.73216 Y38.38008
G01 X-72.83083 Y38.32430
G01 X-72.92847 Y38.25097
G01 X-73.01074 Y38.17000
G01 X-74.05092 Y38.16959
G01 X-74.14445 Y38.15895
G01 X-74.22697 Y38.13673
G01 X-74.34495 Y38.08067
G01 X-74.40655 Y38.03713
G01 X-74.45425 Y37.99428
G01 X-76.58849 Y35.86005
G01 X-78.06938 Y35.86005
G01 X-78.10083 Y35.88054
G01 X-78.19727 Y35.92929
G01 X-78.28929 Y35.96081
G01 X-78.39394 Y35.98019
G01 X-78.47144 Y35.98499
G01 X-78.94230 Y35.98471
G01 X-79.05389 Y35.97333
G01 X-79.12777 Y35.95586
G01 X-79.21205 Y35.92576
G01 X-79.27291 Y35.89584
G01 X-79.35736 Y35.84171
G01 X-79.40949 Y35.79937
G01 X-79.45937 Y35.74996
G01 X-79.50890 Y35.68974
G01 X-79.55724 Y35.61440
G01 X-79.58749 Y35.55446
G01 X-79.61286 Y35.48900
G01 X-79.63349 Y35.41379
G01 X-79.64599 Y35.33612
G01 X-79.64997 Y35.25756
G01 X-79.64545 Y35.17902
G01 X-79.63242 Y35.10143
G01 X-79.61431 Y35.03607
G01 X-79.57487 Y34.93869
G01 X-79.52036 Y34.84636
G01 X-79.45221 Y34.76244
G01 X-79.37235 Y34.68954
G01 X-79.28254 Y34.62937
G01 X-79.18477 Y34.58319
G01 X-79.08122 Y34.55210
G01 X-78.97522 Y34.53681
G01 X-78.46824 Y34.53506
G01 X-78.37164 Y34.54245
G01 X-78.27553 Y34.56302
G01 X-78.19148 Y34.59312
G01 X-78.10385 Y34.63760
G01 X-78.06969 Y34.66002
G01 X-76.34000 Y34.66002
G01 X-76.23921 Y34.66863
G01 X-76.14777 Y34.69177
G01 X-76.02501 Y34.74938
G01 X-75.96339 Y34.79292
G01 X-75.91572 Y34.83577
G01 X-73.78146 Y36.97000
G01 X-73.00965 Y36.97000
G01 X-72.98318 Y36.94120
G01 X-72.87602 Y36.84757
G01 X-72.77348 Y36.78136
G01 X-72.63393 Y36.71981
G01 X-72.51628 Y36.68750
G01 X-72.37391 Y36.67071
G01 X-72.24130 Y36.67551
G01 X-72.10917 Y36.70013
G01 X-72.01989 Y36.72885
G01 X-71.94529 Y36.76142
G01 X-71.84915 Y36.81580
G01 X-71.79210 Y36.85601
G01 X-71.73142 Y36.90696
G01 X-71.66767 Y36.97170
G01 X-71.61651 Y37.03503
G01 X-71.55570 Y37.12895
G01 X-71.51887 Y37.20155
G01 X-71.48568 Y37.28692
G01 X-71.45936 Y37.38522
G01 X-71.44608 Y37.46553
G01 X-71.44008 Y37.55621
G04 P0 ( dwell for no time -- G64 should not smooth over this point )
G00 Z2.00000 ( retract )

G00 X-77.65775 Y32.89003 ( rapid move to begin. )
G01 F300.00000
( Mill infeed pass 1/1 )
G01 Z-0.80000
G04 P0 ( dwell for no time -- G64 should not smooth over this point )
G01 F600.00000
G01 X-77.65775 Y32.89003
G01 X-77.68396 Y32.81977
G01 X-77.73568 Y32.75073
G01 X-77.80471 Y32.69902
G01 X-77.88897 Y32.66760
G01 X-77.91287 Y32.66503
G01 X-78.24995 Y32.66503
G01 X-78.24995 Y32.76501
G01 X-77.94998 Y32.76501
G01 X-77.90840 Y32.76938
G01 X-77.85920 Y32.78680
G01 X-77.82412 Y32.80958
G01 X-77.78818 Y32.84745
G01 X-77.76463 Y32.89003
G01 X-77.65775 Y32.89003
G04 P0 ( dwell for no time -- G64 should not smooth over this point )
G00 Z2.00000 ( retract )

G00 X-79.15000 Y32.66503 ( rapid move to begin. )
G01 F300.00000
( Mill infeed pass 1/1 )
G01 Z-0.80000
G04 P0 ( dwell for no time -- G64 should not smooth over this point )
G01 F600.00000
G01 X-79.15000 Y32.66503
G01 X-79.15000 Y32.76501
G01 X-79.45000 Y32.76501
G01 X-79.49158 Y32.76938
G01 X-79.54078 Y32.78680
G01 X-79.57586 Y32.80958
G01 X-79.61180 Y32.84745
G01 X-79.63534 Y32.89003
G01 X-79.74217 Y32.89003
G01 X-79.71596 Y32.81977
G01 X-79.66427 Y32.75071
G01 X-79.59524 Y32.69899
G01 X-79.51101 Y32.66760
G01 X-79.48708 Y32.66503
G01 X-79.15000 Y32.66503
G04 P0 ( dwell for no time -- G64 should not smooth over this point )
G00 Z2.00000 ( retract )

G00 X-105.24949 Y10.58194 ( rapid move to begin. )
G01 F300.00000
( Mill infeed pass 1/1 )
G01 Z-0.80000
G04 P0 ( dwell for no time -- G64 should not smooth over this point )
G01 F600.00000
G01 X-105.24949 Y10.58194
G01 X-105.28370 Y10.14714
G01 X-105.35193 Y9.71634
G01 X-105.45376 Y9.29223
G01 X-105.58853 Y8.87742
G01 X-105.75543 Y8.47448
G01 X-105.95345 Y8.08583
G01 X-106.18134 Y7.71395
G01 X-106.43770 Y7.36109
G01 X-106.72096 Y7.02945
G01 X-107.02939 Y6.72101
G01 X-107.36102 Y6.43778
G01 X-107.71390 Y6.18139
G01 X-108.08578 Y5.95350
G01 X-108.47443 Y5.75548
G01 X-108.87737 Y5.58856
G01 X-109.29218 Y5.45381
G01 X-109.71628 Y5.35198
G01 X-110.14709 Y5.28376
G01 X-110.58189 Y5.24954
G01 X-111.01803 Y5.24954
G01 X-111.45286 Y5.28376
G01 X-111.88367 Y5.35198
G01 X-112.30777 Y5.45381
G01 X-112.72258 Y5.58858
G01 X-113.12552 Y5.75548
G01 X-113.51417 Y5.95350
G01 X-113.88605 Y6.18139
G01 X-114.23891 Y6.43775
G01 X-114.57055 Y6.72101
G01 X-114.87899 Y7.02945
G01 X-115.02062 Y7.19526
G01 X-115.16222 Y7.36107
G01 X-115.41861 Y7.71395
G01 X-115.64650 Y8.08583
G01 X-115.84452 Y8.47448
G01 X-116.01142 Y8.87742
G01 X-116.14619 Y9.29223
G01 X-116.24802 Y9.71634
G01 X-116.31624 Y10.14714
G01 X-116.35046 Y10.58194
G01 X-116.35046 Y11.01811
G01 X-116.31624 Y11.45291
G01 X-116.24802 Y11.88372
G01 X-116.14619 Y12.30782
G01 X-116.01142 Y12.72263
G01 X-115.84452 Y13.12557
G01 X-115.64650 Y13.51422
G01 X-115.41861 Y13.88610
G01 X-115.16222 Y14.23898
G01 X-114.87899 Y14.57061
G01 X-114.57055 Y14.87904
G01 X-114.23891 Y15.16230
G01 X-113.88605 Y15.41866
G01 X-113.51417 Y15.64655
G01 X-113.12552 Y15.84457
G01 X-112.72258 Y16.01147
G01 X-112.30777 Y16.14624
G01 X-111.88364 Y16.24807
G01 X-111.45286 Y16.31630
G01 X-111.01806 Y16.35051
G01 X-110.58189 Y16.35051
G01 X-110.14707 Y16.31630
G01 X-109.71628 Y16.24807
G01 X-109.29215 Y16.14624
G01 X-108.87737 Y16.01147
G01 X-108.47443 Y15.84457
G01 X-108.08578 Y15.64655
G01 X-107.71390 Y15.41863
G01 X-107.36102 Y15.16227
G01 X-107.02939 Y14.87901
G01 X-106.72096 Y14.57058
G01 X-106.43770 Y14.23896
G01 X-106.18134 Y13.88610
G01 X-105.95345 Y13.51422
G01 X-105.75543 Y13.12557
G01 X-105.58853 Y12.72263
G01 X-105.45376 Y12.30782
G01 X-105.35193 Y11.88369
G01 X-105.28370 Y11.45291
G01 X-105.24949 Y11.01811
G01 X-105.24949 Y10.58194
G01 X-105.55007 Y10.80323
G01 X-105.59384 Y10.12639
G01 X-105.71583 Y9.49127
G01 X-105.91992 Y8.86444
G01 X-106.19790 Y8.27367
G01 X-106.55083 Y7.71680
G01 X-106.97517 Y7.20389
G01 X-107.45601 Y6.75287
G01 X-107.98428 Y6.36907
G01 X-108.56759 Y6.04842
G01 X-109.18070 Y5.80608
G01 X-109.81316 Y5.64370
G01 X-110.47346 Y5.56031
G01 X-111.12641 Y5.56029
G01 X-111.78057 Y5.64253
G01 X-112.42535 Y5.80806
G01 X-113.03817 Y6.05114
G01 X-113.61036 Y6.36569
G01 X-114.14886 Y6.75696
G01 X-114.62918 Y7.20854
G01 X-115.04538 Y7.71167
G01 X-115.40205 Y8.27367
G01 X-115.68241 Y8.87044
G01 X-115.88574 Y9.49754
G01 X-116.00809 Y10.13886
G01 X-116.04987 Y10.79680
G01 X-116.00809 Y11.46119
G01 X-115.88416 Y12.10874
G01 X-115.68236 Y12.72974
G01 X-115.39895 Y13.33200
G01 X-115.04536 Y13.88844
G01 X-114.62913 Y14.39154
G01 X-114.14399 Y14.84713
G01 X-113.61572 Y15.23095
G01 X-113.03822 Y15.54889
G01 X-112.43721 Y15.78770
G01 X-111.78687 Y15.95633
G01 X-111.12649 Y16.03974
G01 X-110.47353 Y16.03977
G01 X-109.83185 Y15.95950
G01 X-109.16274 Y15.78770
G01 X-108.56178 Y15.54891
G01 X-107.97920 Y15.22730
G01 X-107.45109 Y14.84310
G01 X-106.97077 Y14.39151
G01 X-106.55457 Y13.88839
G01 X-106.19790 Y13.32639
G01 X-105.91754 Y12.72961
G01 X-105.71423 Y12.10251
G01 X-105.59186 Y11.46119
G01 X-105.55007 Y10.80323
G04 P0 ( dwell for no time -- G64 should not smooth over this point )
G00 Z2.00000 ( retract )

G00 X-106.05045 Y10.80003 ( rapid move to begin. )
G01 F300.00000
( Mill infeed pass 1/1 )
G01 Z-0.80000
G04 P0 ( dwell for no time -- G64 should not smooth over this point )
G01 F600.00000
G01 X-106.05045 Y10.80003
G01 X-106.08792 Y10.20478
G01 X-106.19970 Y9.61888
G01 X-106.38401 Y9.05162
G01 X-106.63796 Y8.51192
G01 X-106.95754 Y8.00834
G01 X-107.33775 Y7.54875
G01 X-107.77252 Y7.14047
G01 X-108.25507 Y6.78987
G01 X-108.77773 Y6.50255
G01 X-109.33229 Y6.28299
G01 X-109.90998 Y6.13466
G01 X-110.50175 Y6.05990
G01 X-111.09820 Y6.05990
G01 X-111.68996 Y6.13466
G01 X-112.26766 Y6.28299
G01 X-112.82222 Y6.50255
G01 X-113.34488 Y6.78987
G01 X-113.82743 Y7.14047
G01 X-114.26220 Y7.54875
G01 X-114.64241 Y8.00834
G01 X-114.96199 Y8.51192
G01 X-115.21594 Y9.05162
G01 X-115.40027 Y9.61888
G01 X-115.51203 Y10.20475
G01 X-115.54949 Y10.80003
G01 X-115.51203 Y11.39530
G01 X-115.40027 Y11.98118
G01 X-115.21594 Y12.54844
G01 X-114.96199 Y13.08813
G01 X-114.64241 Y13.59171
G01 X-114.26220 Y14.05130
G01 X-113.82743 Y14.45958
G01 X-113.34488 Y14.81018
G01 X-112.82222 Y15.09750
G01 X-112.26766 Y15.31706
G01 X-111.68996 Y15.46540
G01 X-111.09820 Y15.54015
G01 X-110.50175 Y15.54015
G01 X-109.90998 Y15.46540
G01 X-109.33229 Y15.31706
G01 X-108.77773 Y15.09750
G01 X-108.25507 Y14.81018
G01 X-107.77252 Y14.45958
G01 X-107.33775 Y14.05130
G01 X-106.95754 Y13.59171
G01 X-106.63796 Y13.08813
G01 X-106.38401 Y12.54844
G01 X-106.19970 Y11.98118
G01 X-106.08792 Y11.39528
G01 X-106.05045 Y10.80003
G04 P0 ( dwell for no time -- G64 should not smooth over this point )
G00 Z2.00000 ( retract )

G00 X-94.42998 Y33.39503 ( rapid move to begin. )
G01 F300.00000
( Mill infeed pass 1/1 )
G01 Z-0.80000
G04 P0 ( dwell for no time -- G64 should not smooth over this point )
G01 F600.00000
G01 X-94.42998 Y33.39503
G01 X-94.76709 Y33.39503
G01 X-94.79099 Y33.39759
G01 X-94.87522 Y33.42901
G01 X-94.94430 Y33.48073
G01 X-94.99597 Y33.54976
G01 X-95.02739 Y33.63399
G01 X-95.02995 Y33.77001
G01 X-94.92998 Y33.77001
G01 X-94.92889 Y33.67410
G01 X-94.91669 Y33.62335
G01 X-94.88543 Y33.56914
G01 X-94.83892 Y33.52729
G01 X-94.79180 Y33.50481
G01 X-94.74044 Y33.49528
G01 X-94.42998 Y33.49500
G01 X-94.42998 Y33.39503
G04 P0 ( dwell for no time -- G64 should not smooth over this point )
G00 Z2.00000 ( retract )

G00 X-93.03001 Y35.99314 ( rapid move to begin. )
G01 F300.00000
( Mill infeed pass 1/1 )
G01 Z-0.80000
G04 P0 ( dwell for no time -- G64 should not smooth over this point )
G01 F600.00000
G01 X-93.03001 Y35.99314
G01 X-93.03575 Y36.07999
G01 X-93.06582 Y36.21461
G01 X-93.11639 Y36.33325
G01 X-93.15645 Y36.39911
G01 X-93.20463 Y36.46172
G01 X-93.24542 Y36.50574
G01 X-93.30308 Y36.55692
G01 X-93.41906 Y36.63249
G01 X-93.54644 Y36.68438
G01 X-93.61390 Y36.70114
G01 X-93.68949 Y36.71204
G01 X-94.20417 Y36.71501
G01 X-94.30742 Y36.70770
G01 X-94.40445 Y36.68699
G01 X-94.48850 Y36.65692
G01 X-94.57613 Y36.61242
G01 X-94.61022 Y36.59004
G01 X-98.12118 Y36.59004
G01 X-98.13365 Y36.71631
G01 X-98.15738 Y36.81674
G01 X-98.18384 Y36.89296
G01 X-98.22134 Y36.97493
G01 X-98.26093 Y37.04359
G01 X-98.30643 Y37.10848
G01 X-98.36535 Y37.17762
G01 X-98.43152 Y37.24097
G01 X-98.50376 Y37.29726
G01 X-98.58138 Y37.34590
G01 X-98.65428 Y37.38214
G01 X-98.75913 Y37.42118
G01 X-98.83800 Y37.44143
G01 X-98.92923 Y37.45542
G01 X-99.03236 Y37.45992
G01 X-99.12448 Y37.45392
G01 X-99.21478 Y37.43868
G01 X-99.30307 Y37.41432
G01 X-99.38844 Y37.38113
G01 X-99.47000 Y37.33944
G01 X-99.54688 Y37.28966
G01 X-99.61054 Y37.23891
G01 X-99.68354 Y37.16805
G01 X-99.74191 Y37.09746
G01 X-99.79278 Y37.02131
G01 X-99.83114 Y36.94948
G01 X-99.87010 Y36.85550
G01 X-99.89314 Y36.77742
G01 X-99.91381 Y36.66523
G01 X-99.91991 Y36.57236
G01 X-99.91534 Y36.46853
G01 X-99.89865 Y36.36523
G01 X-99.87010 Y36.26452
G01 X-99.83004 Y36.16784
G01 X-99.77904 Y36.07645
G01 X-99.71778 Y35.99159
G01 X-99.63957 Y35.90752
G01 X-99.57762 Y35.85360
G01 X-99.49309 Y35.79439
G01 X-99.41216 Y35.74996
G01 X-99.32781 Y35.71430
G01 X-99.23955 Y35.68720
G01 X-99.13817 Y35.66782
G01 X-99.04617 Y35.66040
G01 X-98.97018 Y35.66180
G01 X-98.85194 Y35.54511
G01 X-98.79753 Y35.50102
G01 X-98.73881 Y35.46444
G01 X-98.64635 Y35.42337
G01 X-98.58560 Y35.40556
G01 X-98.51239 Y35.39330
G01 X-94.61070 Y35.39007
G01 X-94.58035 Y35.37013
G01 X-94.49302 Y35.32505
G01 X-94.40831 Y35.29416
G01 X-94.30392 Y35.27183
G01 X-94.20806 Y35.26503
G01 X-93.69846 Y35.26731
G01 X-93.57397 Y35.28804
G01 X-93.45358 Y35.33071
G01 X-93.34253 Y35.39383
G01 X-93.24431 Y35.47549
G01 X-93.16193 Y35.57310
G01 X-93.09798 Y35.68364
G01 X-93.05439 Y35.80371
G01 X-93.03399 Y35.91517
G01 X-93.03001 Y35.99314
G04 P0 ( dwell for no time -- G64 should not smooth over this point )
G00 Z2.00000 ( retract )

G00 X-91.13999 Y41.72752 ( rapid move to begin. )
G01 F300.00000
( Mill infeed pass 1/1 )
G01 Z-0.80000
G04 P0 ( dwell for no time -- G64 should not smooth over this point )
G01 F600.00000
G01 X-91.13999 Y41.72752
G01 X-91.14436 Y41.68592
G01 X-91.15328 Y41.65584
G01 X-91.17225 Y41.61858
G01 X-91.19135 Y41.59369
G01 X-91.22244 Y41.56570
G01 X-91.24919 Y41.54932
G01 X-91.28823 Y41.53433
G01 X-91.31909 Y41.52862
G01 X-93.37128 Y41.52999
G01 X-93.42134 Y41.54480
G01 X-93.47382 Y41.57888
G01 X-93.50773 Y41.61858
G01 X-93.53021 Y41.66570
G01 X-93.53999 Y41.72752
G01 X-93.53999 Y42.08002
G01 X-97.09144 Y42.08002
G01 X-97.39172 Y41.77975
G01 X-97.32416 Y41.77520
G01 X-97.26193 Y41.76364
G01 X-97.16881 Y41.73364
G01 X-97.08489 Y41.69031
G01 X-97.03269 Y41.65447
G01 X-96.98494 Y41.61294
G01 X-93.85607 Y38.48463
G01 X-93.71096 Y38.48366
G01 X-93.63260 Y38.47460
G01 X-93.55459 Y38.45677
G01 X-93.46402 Y38.42408
G01 X-93.38413 Y38.38298
G01 X-93.30430 Y38.32791
G01 X-93.23801 Y38.26830
G01 X-93.17951 Y38.20099
G01 X-93.12777 Y38.12357
G01 X-93.08436 Y38.03538
G01 X-93.05228 Y37.93840
G01 X-93.03562 Y37.85011
G01 X-93.03001 Y37.75331
G01 X-93.03641 Y37.66370
G01 X-93.05569 Y37.56868
G01 X-93.09005 Y37.47191
G01 X-93.13026 Y37.39220
G01 X-93.18253 Y37.31514
G01 X-93.24194 Y37.24775
G01 X-93.32536 Y37.17635
G01 X-93.38952 Y37.13386
G01 X-93.48967 Y37.08567
G01 X-93.58203 Y37.05623
G01 X-93.65690 Y37.04168
G01 X-93.73295 Y37.03561
G01 X-94.20854 Y37.03503
G01 X-94.31291 Y37.04351
G01 X-94.40885 Y37.06431
G01 X-94.51006 Y37.10236
G01 X-94.60448 Y37.15507
G01 X-94.69000 Y37.22118
G01 X-94.75807 Y37.29134
G01 X-94.81174 Y37.36378
G01 X-94.87473 Y37.48331
G01 X-94.90420 Y37.56853
G01 X-94.92353 Y37.66388
G01 X-94.92995 Y37.76332
G01 X-94.92309 Y37.85461
G01 X-97.64849 Y40.58000
G01 X-98.16970 Y40.58000
G01 X-98.22291 Y40.52488
G01 X-98.29342 Y40.46532
G01 X-98.37010 Y40.41267
G01 X-98.46030 Y40.36403
G01 X-98.56665 Y40.32275
G01 X-98.64590 Y40.30119
G01 X-98.73698 Y40.28620
G01 X-98.83927 Y40.28000
G01 X-98.91844 Y40.28343
G01 X-98.98765 Y40.29235
G01 X-99.07363 Y40.31086
G01 X-99.15938 Y40.33860
G01 X-99.22423 Y40.36631
G01 X-99.31978 Y40.41874
G01 X-99.37800 Y40.45854
G01 X-99.44747 Y40.51597
G01 X-99.50353 Y40.57198
G01 X-99.55400 Y40.63212
G01 X-99.59944 Y40.69705
G01 X-99.63947 Y40.76712
G01 X-99.67945 Y40.85590
G01 X-99.70218 Y40.92189
G01 X-99.72138 Y40.99801
G01 X-99.73391 Y41.07553
G01 X-99.73916 Y41.14513
G01 X-99.73766 Y41.24467
G01 X-99.72849 Y41.32338
G01 X-99.71244 Y41.40098
G01 X-99.68255 Y41.49595
G01 X-99.65567 Y41.56037
G01 X-99.61087 Y41.64353
G01 X-99.54137 Y41.74388
G01 X-99.45156 Y41.84025
G01 X-99.33185 Y41.93314
G01 X-99.22557 Y41.99316
G01 X-99.11188 Y42.03753
G01 X-98.95217 Y42.07294
G01 X-98.82979 Y42.07947
G01 X-98.79070 Y42.07779
G01 X-97.75057 Y43.11751
G01 X-97.69510 Y43.16364
G01 X-97.64204 Y43.19816
G01 X-97.56254 Y43.23722
G01 X-97.49035 Y43.26087
G01 X-97.42827 Y43.27324
G01 X-97.33998 Y43.28005
G01 X-93.53999 Y43.28005
G01 X-93.53999 Y43.63252
G01 X-93.53021 Y43.69432
G01 X-93.50179 Y43.75007
G01 X-93.45754 Y43.79432
G01 X-93.41167 Y43.81924
G01 X-93.35045 Y43.83224
G01 X-91.32953 Y43.83224
G01 X-91.29841 Y43.82815
G01 X-91.25864 Y43.81523
G01 X-91.22244 Y43.79432
G01 X-91.19857 Y43.77392
G01 X-91.17225 Y43.74144
G01 X-91.15729 Y43.71385
G01 X-91.14680 Y43.68429
G01 X-91.14027 Y43.64299
G01 X-91.13999 Y41.72752
G04 P0 ( dwell for no time -- G64 should not smooth over this point )
G00 Z2.00000 ( retract )

G00 X-102.12006 Y36.63091 ( rapid move to begin. )
G01 F300.00000
( Mill infeed pass 1/1 )
G01 Z-0.80000
G04 P0 ( dwell for no time -- G64 should not smooth over this point )
G01 F600.00000
G01 X-102.12006 Y36.63091
G01 X-102.12707 Y36.50782
G01 X-102.14970 Y36.39083
G01 X-102.19156 Y36.26845
G01 X-102.24718 Y36.15873
G01 X-102.31401 Y36.06180
G01 X-102.39679 Y35.97077
G01 X-102.48881 Y35.89355
G01 X-102.58988 Y35.82947
G01 X-102.72107 Y35.77112
G01 X-102.79971 Y35.74737
G01 X-102.86804 Y35.73307
G01 X-102.96331 Y35.72195
G01 X-103.03309 Y35.72012
G01 X-103.10276 Y35.72398
G01 X-103.19270 Y35.73678
G01 X-103.32437 Y35.77308
G01 X-103.40034 Y35.80434
G01 X-103.46235 Y35.83640
G01 X-103.54388 Y35.88844
G01 X-103.89727 Y35.53729
G01 X-103.92280 Y35.51585
G01 X-103.98173 Y35.47534
G01 X-104.06359 Y35.43439
G01 X-104.14060 Y35.40899
G01 X-104.22374 Y35.39373
G01 X-107.70966 Y35.39007
G01 X-107.74385 Y35.36759
G01 X-107.83148 Y35.32312
G01 X-107.91552 Y35.29304
G01 X-108.01164 Y35.27244
G01 X-108.10844 Y35.26505
G01 X-108.62599 Y35.26767
G01 X-108.74989 Y35.28903
G01 X-108.86234 Y35.32888
G01 X-108.97338 Y35.39106
G01 X-109.07216 Y35.47204
G01 X-109.15520 Y35.56906
G01 X-109.21992 Y35.67920
G01 X-109.26112 Y35.78763
G01 X-109.28588 Y35.91341
G01 X-109.28758 Y36.04686
G01 X-109.27511 Y36.13513
G01 X-109.25581 Y36.20950
G01 X-109.21438 Y36.31090
G01 X-109.17100 Y36.38799
G01 X-109.11199 Y36.46485
G01 X-109.03483 Y36.54196
G01 X-108.98034 Y36.58405
G01 X-108.89553 Y36.63503
G01 X-108.83452 Y36.66304
G01 X-108.75964 Y36.68821
G01 X-108.62497 Y36.71239
G01 X-108.11235 Y36.71501
G01 X-108.02551 Y36.70914
G01 X-107.91166 Y36.68585
G01 X-107.82695 Y36.65497
G01 X-107.73963 Y36.60991
G01 X-107.70938 Y36.59004
G01 X-104.53849 Y36.59004
G01 X-104.08424 Y37.04430
G01 X-103.99214 Y37.11951
G01 X-103.90956 Y37.16558
G01 X-103.81764 Y37.19837
G01 X-103.78465 Y37.20650
G01 X-103.69143 Y37.21882
G01 X-103.63761 Y37.27465
G01 X-103.56730 Y37.33447
G01 X-103.48190 Y37.39243
G01 X-103.39968 Y37.43599
G01 X-103.29333 Y37.47729
G01 X-103.21406 Y37.49883
G01 X-103.11218 Y37.51529
G01 X-103.01998 Y37.52001
G01 X-102.92851 Y37.51534
G01 X-102.83799 Y37.50142
G01 X-102.74934 Y37.47836
G01 X-102.66352 Y37.44640
G01 X-102.58137 Y37.40589
G01 X-102.50317 Y37.35684
G01 X-102.42222 Y37.29281
G01 X-102.35643 Y37.22804
G01 X-102.29809 Y37.15745
G01 X-102.24683 Y37.08067
G01 X-102.19915 Y36.98913
G01 X-102.16568 Y36.90310
G01 X-102.14132 Y36.81481
G01 X-102.12608 Y36.72449
G01 X-102.12006 Y36.63091
G04 P0 ( dwell for no time -- G64 should not smooth over this point )
G00 Z2.00000 ( retract )

G00 X-106.13999 Y41.72752 ( rapid move to begin. )
G01 F300.00000
( Mill infeed pass 1/1 )
G01 Z-0.80000
G04 P0 ( dwell for no time -- G64 should not smooth over this point )
G01 F600.00000
G01 X-106.13999 Y41.72752
G01 X-106.14027 Y43.64299
G01 X-106.14680 Y43.68429
G01 X-106.15729 Y43.71385
G01 X-106.17225 Y43.74144
G01 X-106.19856 Y43.77392
G01 X-106.22244 Y43.79432
G01 X-106.25863 Y43.81523
G01 X-106.29841 Y43.82815
G01 X-106.32952 Y43.83224
G01 X-108.35045 Y43.83224
G01 X-108.41166 Y43.81924
G01 X-108.43998 Y43.80573
G01 X-108.47382 Y43.78114
G01 X-108.50178 Y43.75007
G01 X-108.51819 Y43.72330
G01 X-108.53020 Y43.69432
G01 X-108.53889 Y43.65343
G01 X-108.53998 Y42.32854
G01 X-109.08850 Y41.78002
G01 X-112.66926 Y41.78002
G01 X-112.74221 Y41.85282
G01 X-112.83396 Y41.92427
G01 X-112.92440 Y41.97832
G01 X-113.02059 Y42.02143
G01 X-113.13172 Y42.05559
G01 X-113.23622 Y42.07400
G01 X-113.34871 Y42.07992
G01 X-113.46611 Y42.07108
G01 X-113.59801 Y42.04187
G01 X-113.69646 Y42.00642
G01 X-113.79750 Y41.95501
G01 X-113.90820 Y41.87754
G01 X-113.98859 Y41.80393
G01 X-114.06189 Y41.71746
G01 X-114.12420 Y41.62158
G01 X-114.17965 Y41.50263
G01 X-114.21792 Y41.37614
G01 X-114.23883 Y41.22460
G01 X-114.23446 Y41.08084
G01 X-114.20723 Y40.93962
G01 X-114.15806 Y40.80497
G01 X-114.08866 Y40.68064
G01 X-113.99438 Y40.56263
G01 X-113.91848 Y40.49057
G01 X-113.83436 Y40.42834
G01 X-113.70967 Y40.35973
G01 X-113.62308 Y40.32570
G01 X-113.52128 Y40.29847
G01 X-113.40538 Y40.28239
G01 X-113.28996 Y40.28145
G01 X-110.34425 Y37.33576
G01 X-110.26838 Y37.27160
G01 X-110.19777 Y37.22829
G01 X-110.12027 Y37.19444
G01 X-110.04813 Y37.17389
G01 X-109.96701 Y37.16228
G01 X-108.96993 Y37.16007
G01 X-108.93960 Y37.13934
G01 X-108.84209 Y37.09012
G01 X-108.74125 Y37.05682
G01 X-108.64367 Y37.03970
G01 X-108.08311 Y37.03599
G01 X-108.00717 Y37.04308
G01 X-107.93249 Y37.05865
G01 X-107.84054 Y37.08933
G01 X-107.74438 Y37.13693
G01 X-107.66312 Y37.19309
G01 X-107.58479 Y37.26561
G01 X-107.52223 Y37.34262
G01 X-107.47123 Y37.42664
G01 X-107.43204 Y37.51681
G01 X-107.40361 Y37.62029
G01 X-107.39124 Y37.71783
G01 X-107.39221 Y37.81613
G01 X-107.40664 Y37.91427
G01 X-107.43696 Y38.01666
G01 X-107.47814 Y38.10642
G01 X-107.53087 Y38.18938
G01 X-107.60087 Y38.27071
G01 X-107.66325 Y38.32707
G01 X-107.72607 Y38.37155
G01 X-107.82756 Y38.42557
G01 X-107.92906 Y38.46042
G01 X-108.00755 Y38.47698
G01 X-108.09650 Y38.48445
G01 X-108.56498 Y38.48501
G01 X-108.68641 Y38.47470
G01 X-108.82101 Y38.43825
G01 X-108.92589 Y38.38874
G01 X-108.96871 Y38.36004
G01 X-109.67145 Y38.36004
G01 X-111.89146 Y40.58000
G01 X-108.83998 Y40.58000
G01 X-108.74412 Y40.58777
G01 X-108.66521 Y40.60606
G01 X-108.58032 Y40.63916
G01 X-108.50211 Y40.68424
G01 X-108.43871 Y40.73393
G01 X-107.64400 Y41.52752
G01 X-106.30870 Y41.52999
G01 X-106.27819 Y41.53730
G01 X-106.23999 Y41.55430
G01 X-106.19135 Y41.59369
G01 X-106.17225 Y41.61858
G01 X-106.15327 Y41.65584
G01 X-106.14436 Y41.68592
G01 X-106.13999 Y41.72752
G04 P0 ( dwell for no time -- G64 should not smooth over this point )
G00 Z2.00000 ( retract )

G00 X-113.04640 Y56.75792 ( rapid move to begin. )
G01 F300.00000
( Mill infeed pass 1/1 )
G01 Z-0.80000
G04 P0 ( dwell for no time -- G64 should not smooth over this point )
G01 F600.00000
G01 X-113.04640 Y56.75792
G01 X-113.11864 Y56.83013
G01 X-113.14097 Y56.80029
G01 X-113.17238 Y56.71606
G01 X-113.17495 Y55.71005
G01 X-113.07498 Y55.71005
G01 X-113.07472 Y56.66549
G01 X-113.06520 Y56.71683
G01 X-113.04640 Y56.75792
G04 P0 ( dwell for no time -- G64 should not smooth over this point )
G00 Z2.00000 ( retract )

G00 X-109.78499 Y55.71005 ( rapid move to begin. )
G01 F300.00000
( Mill infeed pass 1/1 )
G01 Z-0.80000
G04 P0 ( dwell for no time -- G64 should not smooth over this point )
G01 F600.00000
G01 X-109.78499 Y55.71005
G01 X-109.88499 Y55.71005
G01 X-109.88527 Y56.66549
G01 X-109.89180 Y56.70677
G01 X-109.90229 Y56.73636
G01 X-109.91725 Y56.76394
G01 X-109.94356 Y56.79643
G01 X-109.96744 Y56.81683
G01 X-110.00363 Y56.83773
G01 X-110.03322 Y56.84819
G01 X-110.07452 Y56.85475
G01 X-111.02997 Y56.85500
G01 X-111.02997 Y56.95500
G01 X-110.04785 Y56.95500
G01 X-110.02395 Y56.95244
G01 X-109.93973 Y56.92102
G01 X-109.87066 Y56.86933
G01 X-109.81898 Y56.80026
G01 X-109.78756 Y56.71604
G01 X-109.78499 Y56.69214
G01 X-109.78499 Y55.71005
G04 P0 ( dwell for no time -- G64 should not smooth over this point )
G00 Z2.00000 ( retract )

G00 X-109.78499 Y53.82791 ( rapid move to begin. )
G01 F300.00000
( Mill infeed pass 1/1 )
G01 Z-0.80000
G04 P0 ( dwell for no time -- G64 should not smooth over this point )
G01 F600.00000
G01 X-109.78499 Y53.82791
G01 X-109.78756 Y53.80403
G01 X-109.81898 Y53.71975
G01 X-109.87066 Y53.65072
G01 X-109.93973 Y53.59903
G01 X-110.02395 Y53.56761
G01 X-110.73995 Y53.56504
G01 X-110.73995 Y53.66502
G01 X-110.06409 Y53.66611
G01 X-110.02319 Y53.67479
G01 X-109.97605 Y53.69727
G01 X-109.94356 Y53.72359
G01 X-109.91725 Y53.75607
G01 X-109.89477 Y53.80322
G01 X-109.88527 Y53.85455
G01 X-109.88499 Y54.81002
G01 X-109.78499 Y54.81002
G01 X-109.78499 Y53.82791
G04 P0 ( dwell for no time -- G64 should not smooth over this point )
G00 Z2.00000 ( retract )

G00 X-95.52500 Y53.86501 ( rapid move to begin. )
G01 F300.00000
( Mill infeed pass 1/1 )
G01 Z-0.80000
G04 P0 ( dwell for no time -- G64 should not smooth over this point )
G01 F600.00000
G01 X-95.52500 Y53.86501
G01 X-95.52525 Y56.66549
G01 X-95.53828 Y56.72668
G01 X-95.56955 Y56.78088
G01 X-95.59912 Y56.81045
G01 X-95.62500 Y56.82823
G01 X-95.68339 Y56.85063
G01 X-95.72500 Y56.85500
G01 X-98.51498 Y56.85500
G01 X-98.57678 Y56.84522
G01 X-98.62393 Y56.82274
G01 X-98.66363 Y56.78883
G01 X-98.69319 Y56.74581
G01 X-98.71252 Y56.68629
G01 X-98.71498 Y55.86001
G01 X-103.35013 Y55.85988
G01 X-103.44083 Y55.85145
G01 X-103.51950 Y55.83214
G01 X-103.62224 Y55.78945
G01 X-103.69915 Y55.74058
G01 X-103.76425 Y55.68429
G01 X-110.26424 Y49.18430
G01 X-110.33480 Y49.09931
G01 X-110.38082 Y49.01969
G01 X-110.41344 Y48.93642
G01 X-110.43152 Y48.86005
G01 X-110.43983 Y48.77018
G01 X-110.43998 Y46.26003
G01 X-110.43376 Y46.17422
G01 X-110.41643 Y46.09505
G01 X-110.36977 Y45.97849
G01 X-110.32052 Y45.90082
G01 X-110.26421 Y45.83572
G01 X-109.21672 Y44.78848
G01 X-109.14336 Y44.72810
G01 X-109.06038 Y44.68017
G01 X-109.02695 Y44.66526
G01 X-108.93406 Y44.63532
G01 X-108.84958 Y44.62272
G01 X-108.37135 Y44.62018
G01 X-108.27923 Y44.49031
G01 X-108.20000 Y44.40265
G01 X-108.10427 Y44.31792
G01 X-107.97890 Y44.23082
G01 X-107.84280 Y44.16161
G01 X-107.72287 Y44.11738
G01 X-107.60816 Y44.08909
G01 X-107.45881 Y44.06973
G01 X-107.27062 Y44.06793
G01 X-107.16437 Y44.07466
G01 X-107.05876 Y44.09148
G01 X-106.93572 Y44.12411
G01 X-106.83526 Y44.16232
G01 X-106.71162 Y44.22460
G01 X-106.61276 Y44.28929
G01 X-106.52195 Y44.36336
G01 X-106.41593 Y44.47174
G01 X-106.33166 Y44.58358
G01 X-106.26618 Y44.69567
G01 X-106.21035 Y44.82353
G01 X-106.17568 Y44.93648
G01 X-106.14812 Y45.08609
G01 X-106.14001 Y45.21416
G01 X-106.14786 Y45.35449
G01 X-106.17260 Y45.49226
G01 X-106.20661 Y45.60547
G01 X-106.27176 Y45.75462
G01 X-106.33166 Y45.85647
G01 X-106.41560 Y45.96790
G01 X-106.50529 Y46.06178
G01 X-106.61276 Y46.15073
G01 X-106.72132 Y46.22104
G01 X-106.83661 Y46.27852
G01 X-106.95711 Y46.32264
G01 X-107.07123 Y46.35111
G01 X-107.18667 Y46.36765
G01 X-107.29480 Y46.37250
G01 X-107.45942 Y46.37026
G01 X-107.60773 Y46.35129
G01 X-107.73407 Y46.31916
G01 X-107.86480 Y46.26902
G01 X-107.98847 Y46.20343
G01 X-108.08586 Y46.13648
G01 X-108.20806 Y46.02891
G01 X-108.28677 Y45.94085
G01 X-108.37123 Y45.82012
G01 X-108.55144 Y45.82012
G01 X-109.23996 Y46.50854
G01 X-109.23996 Y48.51151
G01 X-103.09146 Y54.66001
G01 X-98.71498 Y54.66001
G01 X-98.71252 Y53.83372
G01 X-98.69319 Y53.77421
G01 X-98.67678 Y53.74746
G01 X-98.64882 Y53.71637
G01 X-98.59634 Y53.68231
G01 X-98.53589 Y53.66611
G01 X-95.71451 Y53.66529
G01 X-95.67323 Y53.67182
G01 X-95.63419 Y53.68681
G01 X-95.60742 Y53.70322
G01 X-95.57636 Y53.73118
G01 X-95.55177 Y53.76501
G01 X-95.53828 Y53.79334
G01 X-95.52937 Y53.82343
G01 X-95.52500 Y53.86501
G04 P0 ( dwell for no time -- G64 should not smooth over this point )
G00 Z2.00000 ( retract )

G00 X-89.29499 Y55.48503 ( rapid move to begin. )
G01 F300.00000
( Mill infeed pass 1/1 )
G01 Z-0.80000
G04 P0 ( dwell for no time -- G64 should not smooth over this point )
G01 F600.00000
G01 X-89.29499 Y55.48503
G01 X-89.29499 Y56.46714
G01 X-89.29755 Y56.49102
G01 X-89.32897 Y56.57530
G01 X-89.38066 Y56.64433
G01 X-89.44972 Y56.69602
G01 X-89.53395 Y56.72744
G01 X-89.55785 Y56.73001
G01 X-90.41995 Y56.73001
G01 X-90.41995 Y56.63001
G01 X-89.58452 Y56.62973
G01 X-89.54322 Y56.62320
G01 X-89.50418 Y56.60821
G01 X-89.47744 Y56.59181
G01 X-89.44635 Y56.56384
G01 X-89.42725 Y56.53895
G01 X-89.40827 Y56.50169
G01 X-89.39527 Y56.44047
G01 X-89.39499 Y55.48503
G01 X-89.29499 Y55.48503
G04 P0 ( dwell for no time -- G64 should not smooth over this point )
G00 Z2.00000 ( retract )

G00 X-78.21497 Y77.02758 ( rapid move to begin. )
G01 F300.00000
( Mill infeed pass 1/1 )
G01 Z-0.80000
G04 P0 ( dwell for no time -- G64 should not smooth over this point )
G01 F600.00000
G01 X-78.21497 Y77.02758
G01 X-78.24319 Y76.97246
G01 X-78.28744 Y76.92821
G01 X-78.34319 Y76.89979
G01 X-78.39453 Y76.89029
G01 X-81.22627 Y76.89248
G01 X-81.28578 Y76.91181
G01 X-81.33641 Y76.94859
G01 X-81.37319 Y76.99921
G01 X-81.39251 Y77.05872
G01 X-81.39498 Y77.88503
G01 X-83.50651 Y77.88546
G01 X-83.61153 Y77.89857
G01 X-83.70203 Y77.92572
G01 X-83.79657 Y77.97236
G01 X-83.87191 Y78.02651
G01 X-105.04850 Y99.20000
G01 X-112.20000 Y99.20000
G01 X-112.20015 Y98.64186
G01 X-112.20520 Y98.58194
G01 X-112.21260 Y98.54918
G01 X-112.24600 Y98.45184
G01 X-112.30876 Y98.35680
G01 X-112.40175 Y98.27468
G01 X-112.50282 Y98.22484
G01 X-112.57454 Y98.20646
G01 X-112.64998 Y98.20000
G01 X-114.94998 Y98.20000
G01 X-115.03682 Y98.20851
G01 X-115.10802 Y98.22873
G01 X-115.17439 Y98.26000
G01 X-115.23476 Y98.30163
G01 X-115.28760 Y98.35253
G01 X-115.33144 Y98.41133
G01 X-115.36514 Y98.47648
G01 X-115.38518 Y98.53569
G01 X-115.39796 Y98.60793
G01 X-115.39976 Y100.95949
G01 X-115.38008 Y101.08224
G01 X-115.32676 Y101.19604
G01 X-115.26181 Y101.27439
G01 X-115.17390 Y101.34031
G01 X-115.07263 Y101.38293
G01 X-114.96461 Y101.39974
G01 X-112.64998 Y101.40002
G01 X-112.58999 Y101.39598
G01 X-112.52029 Y101.38087
G01 X-112.41727 Y101.33515
G01 X-112.32799 Y101.26378
G01 X-112.30505 Y101.23838
G01 X-112.25875 Y101.17003
G01 X-112.23403 Y101.11874
G01 X-112.20706 Y101.02916
G01 X-112.20015 Y100.95816
G01 X-112.20000 Y100.40002
G01 X-104.79999 Y100.40002
G01 X-104.71413 Y100.39380
G01 X-104.63501 Y100.37650
G01 X-104.52455 Y100.33277
G01 X-104.46217 Y100.29571
G01 X-104.37570 Y100.22428
G01 X-83.23645 Y79.08503
G01 X-81.39498 Y79.08503
G01 X-81.39251 Y79.91129
G01 X-81.37771 Y79.96136
G01 X-81.34362 Y80.01383
G01 X-81.29498 Y80.05323
G01 X-81.23656 Y80.07563
G01 X-81.19498 Y80.08002
G01 X-78.37370 Y80.07756
G01 X-78.32364 Y80.06273
G01 X-78.27913 Y80.03545
G01 X-78.24319 Y79.99758
G01 X-78.21497 Y79.94238
G01 X-78.21497 Y77.02758
G01 X-78.19819 Y76.99001
G01 X-78.18040 Y76.96416
G01 X-78.15882 Y76.94137
G01 X-78.12498 Y76.91681
G01 X-78.07675 Y76.89682
G01 X-78.02498 Y76.89001
G01 X-75.23500 Y76.89001
G01 X-75.18321 Y76.89682
G01 X-75.12606 Y76.92227
G01 X-75.08635 Y76.95618
G01 X-75.05227 Y77.00866
G01 X-75.03746 Y77.05872
G01 X-75.03500 Y77.88501
G01 X-74.40000 Y77.88501
G01 X-74.40000 Y68.30001
G01 X-74.38699 Y68.17593
G01 X-74.36459 Y68.09722
G01 X-74.33335 Y68.02524
G01 X-74.28702 Y67.94972
G01 X-74.23741 Y67.88942
G01 X-71.89998 Y65.55150
G01 X-71.89998 Y50.72001
G01 X-71.89010 Y50.61168
G01 X-71.87059 Y50.53480
G01 X-71.83635 Y50.45128
G01 X-71.78949 Y50.37315
G01 X-71.73828 Y50.31036
G01 X-70.23854 Y48.81006
G01 X-70.23846 Y48.70767
G01 X-70.22619 Y48.60302
G01 X-70.19856 Y48.49012
G01 X-70.16556 Y48.40231
G01 X-70.10653 Y48.28890
G01 X-70.05357 Y48.21156
G01 X-69.97638 Y48.12362
G01 X-69.87844 Y48.03919
G01 X-69.80128 Y47.98723
G01 X-69.69769 Y47.93444
G01 X-69.60994 Y47.90150
G01 X-69.49698 Y47.87382
G01 X-69.39231 Y47.86155
G01 X-69.28985 Y47.86147
G01 X-68.74138 Y47.31410
G01 X-68.63999 Y47.24042
G01 X-68.54494 Y47.19691
G01 X-68.43900 Y47.16830
G01 X-68.33999 Y47.16002
G01 X-63.87005 Y47.16002
G01 X-63.84685 Y47.12213
G01 X-63.74739 Y46.99320
G01 X-63.64518 Y46.89165
G01 X-63.50733 Y46.78883
G01 X-63.38143 Y46.71878
G01 X-63.22969 Y46.65954
G01 X-63.08066 Y46.62388
G01 X-62.91612 Y46.60796
G01 X-62.74389 Y46.60854
G01 X-62.61691 Y46.62096
G01 X-62.48008 Y46.65068
G01 X-62.34691 Y46.69716
G01 X-62.21160 Y46.76462
G01 X-62.09398 Y46.84331
G01 X-61.97998 Y46.94265
G01 X-61.88623 Y47.04804
G01 X-61.80657 Y47.16315
G01 X-61.74569 Y47.27785
G01 X-61.69512 Y47.40785
G01 X-61.66256 Y47.53302
G01 X-61.64429 Y47.66053
G01 X-61.64036 Y47.78933
G01 X-61.65090 Y47.91821
G01 X-61.67574 Y48.04359
G01 X-61.71861 Y48.17846
G01 X-61.77185 Y48.29467
G01 X-61.85793 Y48.43401
G01 X-61.93167 Y48.52632
G01 X-62.03055 Y48.62472
G01 X-62.13225 Y48.70465
G01 X-62.23997 Y48.77143
G01 X-62.23997 Y57.51149
G01 X-53.55145 Y66.20002
G01 X-31.04850 Y66.20002
G01 X-28.71467 Y63.86619
G01 X-28.73105 Y63.78300
G01 X-28.74220 Y63.69903
G01 X-28.74926 Y63.59187
G01 X-28.74896 Y62.99896
G01 X-28.73674 Y62.85438
G01 X-28.71172 Y62.71984
G01 X-28.68007 Y62.60521
G01 X-28.63557 Y62.48550
G01 X-28.58089 Y62.37046
G01 X-28.52125 Y62.26835
G01 X-28.45350 Y62.17142
G01 X-28.37194 Y62.07358
G01 X-28.28185 Y61.98303
G01 X-28.17426 Y61.89362
G01 X-28.03801 Y61.80188
G01 X-27.88899 Y61.72504
G01 X-27.72402 Y61.66340
G01 X-27.56113 Y61.62372
G01 X-27.38594 Y61.60257
G01 X-27.20946 Y61.60285
G01 X-27.04302 Y61.62296
G01 X-26.86067 Y61.66845
G01 X-26.71485 Y61.72332
G01 X-26.55803 Y61.80422
G01 X-26.41221 Y61.90358
G01 X-26.27759 Y62.02228
G01 X-26.16763 Y62.14432
G01 X-26.06468 Y62.29134
G01 X-25.98178 Y62.44668
G01 X-25.92526 Y62.58895
G01 X-25.89839 Y62.67889
G01 X-25.87647 Y62.77467
G01 X-25.86001 Y62.88080
G01 X-25.85120 Y62.99464
G01 X-25.85026 Y63.57510
G01 X-25.85734 Y63.69481
G01 X-25.87215 Y63.80188
G01 X-25.89506 Y63.90817
G01 X-25.92605 Y64.01348
G01 X-25.97131 Y64.13037
G01 X-26.01825 Y64.22773
G01 X-26.07266 Y64.32189
G01 X-26.13901 Y64.41851
G01 X-26.20741 Y64.50307
G01 X-26.28277 Y64.58333
G01 X-26.37738 Y64.66863
G01 X-26.47225 Y64.74033
G01 X-26.59496 Y64.81691
G01 X-26.69308 Y64.86687
G01 X-26.81099 Y64.91508
G01 X-26.93268 Y64.95272
G01 X-27.05691 Y64.97932
G01 X-27.17484 Y64.99461
G01 X-27.30245 Y65.00002
G01 X-27.43004 Y64.99418
G01 X-27.55627 Y64.97718
G01 X-27.67205 Y64.95148
G01 X-27.79361 Y64.91341
G01 X-27.91167 Y64.86469
G01 X-27.98051 Y64.82910
G01 X-30.39030 Y67.23834
G01 X-30.46140 Y67.29532
G01 X-30.54032 Y67.34088
G01 X-30.62520 Y67.37398
G01 X-30.70412 Y67.39227
G01 X-30.79998 Y67.40004
G01 X-53.79999 Y67.40004
G01 X-53.89915 Y67.39171
G01 X-53.99722 Y67.36666
G01 X-54.06308 Y67.33926
G01 X-54.11736 Y67.30921
G01 X-54.16824 Y67.27373
G01 X-54.22424 Y67.22430
G01 X-63.26425 Y58.18428
G01 X-63.32107 Y58.11852
G01 X-63.37520 Y58.03102
G01 X-63.40733 Y57.95528
G01 X-63.42445 Y57.89564
G01 X-63.43532 Y57.83455
G01 X-63.44000 Y57.76000
G01 X-63.44000 Y48.77066
G01 X-63.50921 Y48.73043
G01 X-63.59598 Y48.66878
G01 X-63.68358 Y48.59340
G01 X-63.76225 Y48.51011
G01 X-63.82194 Y48.43460
G01 X-63.87098 Y48.36005
G01 X-68.09145 Y48.36005
G01 X-68.44144 Y48.71003
G01 X-68.44151 Y48.81235
G01 X-68.45378 Y48.91702
G01 X-68.48141 Y49.02997
G01 X-68.51441 Y49.11773
G01 X-68.56719 Y49.22131
G01 X-68.61916 Y49.29848
G01 X-68.70359 Y49.39642
G01 X-68.80153 Y49.48085
G01 X-68.87870 Y49.53282
G01 X-68.98228 Y49.58560
G01 X-69.07003 Y49.61857
G01 X-69.18299 Y49.64620
G01 X-69.28766 Y49.65850
G01 X-69.38997 Y49.65855
G01 X-70.69998 Y50.96858
G01 X-70.70341 Y65.86410
G01 X-70.72093 Y65.95694
G01 X-70.75657 Y66.05435
G01 X-70.80280 Y66.13578
G01 X-70.86079 Y66.20875
G01 X-73.19995 Y68.54855
G01 X-73.19995 Y78.17002
G01 X-73.20663 Y78.25872
G01 X-73.22804 Y78.35128
G01 X-73.27333 Y78.45747
G01 X-73.33099 Y78.54310
G01 X-73.35402 Y78.57086
G01 X-73.69995 Y78.91795
G01 X-73.74671 Y78.95872
G01 X-73.78913 Y78.98864
G01 X-73.87615 Y79.03514
G01 X-73.93535 Y79.05750
G01 X-73.99672 Y79.07299
G01 X-74.09469 Y79.08462
G01 X-75.03500 Y79.08500
G01 X-75.03746 Y79.91129
G01 X-75.05227 Y79.96136
G01 X-75.07955 Y80.00588
G01 X-75.11742 Y80.04182
G01 X-75.17317 Y80.07022
G01 X-75.23500 Y80.08002
G01 X-78.03545 Y80.07975
G01 X-78.09666 Y80.06674
G01 X-78.14253 Y80.04182
G01 X-78.18678 Y79.99758
G01 X-78.21497 Y79.94238
G04 P0 ( dwell for no time -- G64 should not smooth over this point )
G00 Z2.00000 ( retract )

G00 X-84.15248 Y83.20001 ( rapid move to begin. )
G01 F300.00000
( Mill infeed pass 1/1 )
G01 Z-0.80000
G04 P0 ( dwell for no time -- G64 should not smooth over this point )
G01 F600.00000
G01 X-84.15248 Y83.20001
G01 X-84.26871 Y83.20001
G01 X-84.34623 Y83.08799
G01 X-84.42373 Y82.99950
G01 X-84.53549 Y82.89770
G01 X-84.65072 Y82.81738
G01 X-84.75395 Y82.76092
G01 X-84.84996 Y82.72094
G01 X-84.84996 Y82.61385
G01 X-84.77168 Y82.63930
G01 X-84.59601 Y82.72879
G01 X-84.43653 Y82.84466
G01 X-84.29711 Y82.98408
G01 X-84.18123 Y83.14357
G01 X-84.15248 Y83.20001
G04 P0 ( dwell for no time -- G64 should not smooth over this point )
G00 Z2.00000 ( retract )

G00 X-84.15245 Y84.40003 ( rapid move to begin. )
G01 F300.00000
( Mill infeed pass 1/1 )
G01 Z-0.80000
G04 P0 ( dwell for no time -- G64 should not smooth over this point )
G01 F600.00000
G01 X-84.15245 Y84.40003
G01 X-84.26871 Y84.40003
G01 X-84.34623 Y84.51202
G01 X-84.42373 Y84.60054
G01 X-84.53549 Y84.70232
G01 X-84.65072 Y84.78263
G01 X-84.75395 Y84.83910
G01 X-84.84996 Y84.87908
G01 X-84.84996 Y84.98621
G01 X-84.77168 Y84.96076
G01 X-84.59604 Y84.87125
G01 X-84.43653 Y84.75535
G01 X-84.29711 Y84.61598
G01 X-84.18123 Y84.45650
G01 X-84.15245 Y84.40003
G04 P0 ( dwell for no time -- G64 should not smooth over this point )
G00 Z2.00000 ( retract )

G00 X-85.74999 Y84.87989 ( rapid move to begin. )
G01 F300.00000
( Mill infeed pass 1/1 )
G01 Z-0.80000
G04 P0 ( dwell for no time -- G64 should not smooth over this point )
G01 F600.00000
G01 X-85.74999 Y84.87989
G01 X-85.74999 Y84.98621
G01 X-85.82827 Y84.96076
G01 X-86.00391 Y84.87125
G01 X-86.16342 Y84.75535
G01 X-86.30284 Y84.61598
G01 X-86.41872 Y84.45650
G01 X-86.50820 Y84.28083
G01 X-86.51821 Y84.25004
G01 X-86.40843 Y84.25004
G01 X-86.34188 Y84.38256
G01 X-86.26157 Y84.50138
G01 X-86.14061 Y84.63615
G01 X-86.03007 Y84.72861
G01 X-85.90018 Y84.81085
G01 X-85.74999 Y84.87989
G04 P0 ( dwell for no time -- G64 should not smooth over this point )
G00 Z2.00000 ( retract )

G00 X-89.40497 Y79.94236 ( rapid move to begin. )
G01 F300.00000
( Mill infeed pass 1/1 )
G01 Z-0.80000
G04 P0 ( dwell for no time -- G64 should not smooth over this point )
G01 F600.00000
G01 X-89.40497 Y79.94236
G01 X-89.38818 Y79.98002
G01 X-89.36992 Y80.00644
G01 X-94.56351 Y85.20000
G01 X-100.79999 Y85.20000
G01 X-100.87452 Y85.20468
G01 X-100.93560 Y85.21555
G01 X-100.99524 Y85.23267
G01 X-101.06949 Y85.26401
G01 X-101.14823 Y85.31151
G01 X-101.22425 Y85.37575
G01 X-110.04849 Y94.20001
G01 X-112.31686 Y94.20001
G01 X-112.37770 Y94.06717
G01 X-112.45313 Y93.93631
G01 X-112.54056 Y93.81317
G01 X-112.63921 Y93.69882
G01 X-112.74823 Y93.59427
G01 X-112.86659 Y93.50047
G01 X-112.99329 Y93.41825
G01 X-113.11869 Y93.35252
G01 X-113.26703 Y93.29138
G01 X-113.41165 Y93.24784
G01 X-113.55973 Y93.21815
G01 X-113.70055 Y93.20329
G01 X-113.86098 Y93.20118
G01 X-114.00208 Y93.21302
G01 X-114.17132 Y93.24401
G01 X-114.33601 Y93.29250
G01 X-114.42966 Y93.32922
G01 X-114.51467 Y93.36857
G01 X-114.60601 Y93.41797
G01 X-114.69280 Y93.47230
G01 X-114.83855 Y93.58289
G01 X-114.97093 Y93.70969
G01 X-115.03708 Y93.78546
G01 X-115.10116 Y93.86902
G01 X-115.15341 Y93.94680
G01 X-115.20441 Y94.03349
G01 X-115.28175 Y94.19646
G01 X-115.31726 Y94.29252
G01 X-115.34624 Y94.38884
G01 X-115.38274 Y94.56587
G01 X-115.39425 Y94.66580
G01 X-115.39966 Y94.76806
G01 X-115.39285 Y94.95089
G01 X-115.36514 Y95.13206
G01 X-115.34111 Y95.22975
G01 X-115.31333 Y95.31921
G01 X-115.27644 Y95.41629
G01 X-115.23786 Y95.50166
G01 X-115.14487 Y95.66676
G01 X-115.08140 Y95.75795
G01 X-115.01561 Y95.84017
G01 X-114.94508 Y95.91736
G01 X-114.86964 Y95.98980
G01 X-114.78963 Y96.05713
G01 X-114.69636 Y96.12520
G01 X-114.60726 Y96.18131
G01 X-114.51531 Y96.23110
G01 X-114.42029 Y96.27479
G01 X-114.31231 Y96.31565
G01 X-114.21150 Y96.34608
G01 X-114.10962 Y96.36968
G01 X-114.00642 Y96.38655
G01 X-113.90233 Y96.39665
G01 X-113.79781 Y96.39991
G01 X-113.68242 Y96.39556
G01 X-113.54112 Y96.37882
G01 X-113.42651 Y96.35566
G01 X-113.30421 Y96.32114
G01 X-113.19512 Y96.28116
G01 X-113.08923 Y96.23336
G01 X-112.98646 Y96.17760
G01 X-112.87970 Y96.10872
G01 X-112.78714 Y96.03846
G01 X-112.69941 Y95.96117
G01 X-112.62100 Y95.88147
G01 X-112.54516 Y95.79249
G01 X-112.47642 Y95.69879
G01 X-112.40929 Y95.59092
G01 X-112.35522 Y95.48726
G01 X-112.31745 Y95.40001
G01 X-109.78095 Y95.39970
G01 X-109.70328 Y95.39214
G01 X-109.61552 Y95.37093
G01 X-109.54107 Y95.34123
G01 X-109.47120 Y95.30194
G01 X-109.37569 Y95.22429
G01 X-100.55145 Y86.40003
G01 X-94.31499 Y86.40003
G01 X-94.22716 Y86.39350
G01 X-94.14794 Y86.37628
G01 X-94.06224 Y86.34412
G01 X-93.98967 Y86.30417
G01 X-93.89071 Y86.22428
G01 X-87.74643 Y80.08002
G01 X-86.41453 Y80.07975
G01 X-86.37323 Y80.07319
G01 X-86.33419 Y80.05821
G01 X-86.29913 Y80.03545
G01 X-86.26957 Y80.00588
G01 X-86.25179 Y79.98002
G01 X-86.23477 Y79.94182
G01 X-86.22499 Y79.88003
G01 X-86.22499 Y77.09001
G01 X-86.22936 Y77.04843
G01 X-86.23828 Y77.01833
G01 X-86.25725 Y76.98107
G01 X-86.28356 Y76.94859
G01 X-86.31605 Y76.92227
G01 X-86.35331 Y76.90330
G01 X-86.38341 Y76.89438
G01 X-86.42499 Y76.89001
G01 X-89.21498 Y76.89001
G01 X-89.25656 Y76.89438
G01 X-89.28666 Y76.90330
G01 X-89.32392 Y76.92227
G01 X-89.34881 Y76.94137
G01 X-89.38272 Y76.98107
G01 X-89.40497 Y77.02755
G01 X-89.40497 Y79.94236
G01 X-89.42725 Y79.98894
G01 X-89.46115 Y80.02864
G01 X-89.49499 Y80.05323
G01 X-89.53319 Y80.07022
G01 X-89.57408 Y80.07891
G01 X-90.53997 Y80.08002
G01 X-90.53997 Y80.26059
G01 X-90.48018 Y80.32950
G01 X-90.45386 Y80.37416
G01 X-90.44165 Y80.41383
G01 X-90.42808 Y80.51391
G01 X-90.43080 Y80.55528
G01 X-90.44195 Y80.59521
G01 X-90.47952 Y80.67748
G01 X-90.50852 Y80.71924
G01 X-94.25924 Y84.47080
G01 X-94.29498 Y84.49917
G01 X-94.36615 Y84.53841
G01 X-94.41441 Y84.55710
G01 X-94.46587 Y84.56282
G01 X-94.56655 Y84.55482
G01 X-94.62523 Y84.53465
G01 X-94.71563 Y84.46970
G01 X-94.75657 Y84.42304
G01 X-94.77115 Y84.39551
G01 X-94.80288 Y84.31034
G01 X-94.81199 Y84.25004
G01 X-94.94255 Y84.25004
G01 X-94.96594 Y84.30384
G01 X-95.01631 Y84.39645
G01 X-95.07494 Y84.48405
G01 X-95.14133 Y84.56594
G01 X-95.21492 Y84.64143
G01 X-95.29510 Y84.70989
G01 X-95.38118 Y84.77072
G01 X-95.46447 Y84.81903
G01 X-95.57676 Y84.87082
G01 X-95.66759 Y84.90277
G01 X-95.77775 Y84.93026
G01 X-95.86223 Y84.94395
G01 X-95.96274 Y84.95172
G01 X-96.10615 Y84.95246
G01 X-96.20986 Y84.94692
G01 X-96.29213 Y84.93582
G01 X-96.36800 Y84.92017
G01 X-96.47257 Y84.88967
G01 X-96.61065 Y84.83186
G01 X-96.70577 Y84.77875
G01 X-96.78248 Y84.72673
G01 X-96.84740 Y84.67499
G01 X-96.91532 Y84.61192
G01 X-96.97097 Y84.55169
G01 X-97.02279 Y84.48685
G01 X-97.07503 Y84.41029
G01 X-97.11638 Y84.33831
G01 X-97.15824 Y84.25004
G01 X-97.26820 Y84.25004
G01 X-97.25819 Y84.28083
G01 X-97.17013 Y84.46013
G01 X-97.15009 Y84.56122
G01 X-97.15146 Y84.62330
G01 X-97.15934 Y84.65342
G01 X-97.19342 Y84.73739
G01 X-97.22812 Y84.78883
G01 X-97.25100 Y84.80991
G01 X-97.32474 Y84.86190
G01 X-97.35121 Y84.87600
G01 X-97.38918 Y84.88835
G01 X-97.47171 Y84.89955
G01 X-100.87086 Y84.89955
G01 X-101.01084 Y84.92170
G01 X-101.14564 Y84.96551
G01 X-101.27193 Y85.02985
G01 X-101.38661 Y85.11316
G01 X-110.07808 Y93.80461
G01 X-110.12360 Y93.83870
G01 X-110.19365 Y93.87672
G01 X-110.22108 Y93.88757
G01 X-110.24978 Y93.89427
G01 X-110.30719 Y93.89953
G01 X-111.93833 Y93.89953
G01 X-111.99466 Y93.89140
G01 X-112.09101 Y93.86057
G01 X-112.14264 Y93.82526
G01 X-112.20482 Y93.75866
G01 X-112.36830 Y93.54398
G01 X-112.54419 Y93.36809
G01 X-112.74183 Y93.21645
G01 X-112.95760 Y93.09189
G01 X-113.18778 Y92.99653
G01 X-113.42842 Y92.93204
G01 X-113.67543 Y92.89953
G01 X-113.92453 Y92.89953
G01 X-114.17154 Y92.93204
G01 X-114.41218 Y92.99653
G01 X-114.64233 Y93.09186
G01 X-114.85811 Y93.21645
G01 X-115.05577 Y93.36809
G01 X-115.23192 Y93.54423
G01 X-115.38356 Y93.74190
G01 X-115.50812 Y93.95767
G01 X-115.60347 Y94.18782
G01 X-115.66796 Y94.42846
G01 X-115.70047 Y94.67547
G01 X-115.70047 Y94.92457
G01 X-115.66796 Y95.17159
G01 X-115.60347 Y95.41223
G01 X-115.50812 Y95.64240
G01 X-115.38356 Y95.85817
G01 X-115.23192 Y96.05581
G01 X-115.05577 Y96.23196
G01 X-114.85811 Y96.38362
G01 X-114.64236 Y96.50819
G01 X-114.41218 Y96.60351
G01 X-114.17152 Y96.66800
G01 X-113.92453 Y96.70051
G01 X-113.67541 Y96.70051
G01 X-113.42842 Y96.66800
G01 X-113.18778 Y96.60351
G01 X-112.95760 Y96.50819
G01 X-112.74185 Y96.38362
G01 X-112.54419 Y96.23196
G01 X-112.36830 Y96.05607
G01 X-112.19822 Y95.83316
G01 X-112.12540 Y95.76254
G01 X-112.07208 Y95.72970
G01 X-111.97612 Y95.70412
G01 X-111.93833 Y95.70052
G01 X-109.72911 Y95.70052
G01 X-109.58911 Y95.67834
G01 X-109.45431 Y95.63455
G01 X-109.32802 Y95.57019
G01 X-109.21334 Y95.48688
G01 X-100.52186 Y86.79543
G01 X-100.49568 Y86.77338
G01 X-100.38425 Y86.71428
G01 X-100.35168 Y86.70605
G01 X-100.29278 Y86.70051
G01 X-94.24410 Y86.70051
G01 X-94.10410 Y86.67834
G01 X-93.96930 Y86.63455
G01 X-93.84301 Y86.57021
G01 X-93.72833 Y86.48690
G01 X-87.70962 Y80.46854
G01 X-87.68597 Y80.45015
G01 X-87.62479 Y80.41355
G01 X-87.57317 Y80.39201
G01 X-87.49728 Y80.38074
G01 X-87.40208 Y80.38345
G01 X-87.30292 Y80.41149
G01 X-87.25669 Y80.43481
G01 X-87.22501 Y80.46153
G01 X-87.17223 Y80.52201
G01 X-87.14366 Y80.56524
G01 X-87.12540 Y80.62458
G01 X-87.11430 Y80.70380
G01 X-87.11602 Y80.75419
G01 X-87.13030 Y80.80255
G01 X-87.16964 Y80.88172
G01 X-87.18628 Y80.90918
G01 X-87.20708 Y80.93362
G01 X-105.07809 Y98.80463
G01 X-105.10428 Y98.82670
G01 X-105.21571 Y98.88578
G01 X-105.24827 Y98.89401
G01 X-105.30720 Y98.89957
G01 X-111.59952 Y98.89822
G01 X-111.70998 Y98.86858
G01 X-111.74750 Y98.85083
G01 X-111.78791 Y98.81847
G01 X-111.85872 Y98.73366
G01 X-111.87671 Y98.69744
G01 X-111.89357 Y98.63762
G01 X-111.90708 Y98.51819
G01 X-111.94943 Y98.37018
G01 X-112.02009 Y98.23490
G01 X-112.11656 Y98.11664
G01 X-112.23485 Y98.02015
G01 X-112.37013 Y97.94951
G01 X-112.51811 Y97.90714
G01 X-112.60370 Y97.89955
G01 X-114.99623 Y97.89955
G01 X-115.08183 Y97.90714
G01 X-115.22981 Y97.94951
G01 X-115.36509 Y98.02015
G01 X-115.48340 Y98.11664
G01 X-115.57985 Y98.23490
G01 X-115.65054 Y98.37021
G01 X-115.69288 Y98.51819
G01 X-115.70047 Y98.60376
G01 X-115.70047 Y100.99629
G01 X-115.69288 Y101.08189
G01 X-115.67213 Y101.15435
G01 X-115.15432 Y101.67218
G01 X-115.08183 Y101.69291
G01 X-115.00167 Y101.70002
G01 X-112.59827 Y101.70002
G01 X-112.51811 Y101.69291
G01 X-112.37013 Y101.65057
G01 X-112.23485 Y101.57991
G01 X-112.11656 Y101.48344
G01 X-112.02009 Y101.36515
G01 X-111.94943 Y101.22987
G01 X-111.90708 Y101.08186
G01 X-111.89349 Y100.96215
G01 X-111.86086 Y100.87544
G01 X-111.84178 Y100.83861
G01 X-111.80002 Y100.79268
G01 X-111.71813 Y100.73447
G01 X-111.67158 Y100.71491
G01 X-111.59934 Y100.70180
G01 X-104.72909 Y100.70051
G01 X-104.58909 Y100.67833
G01 X-104.45429 Y100.63454
G01 X-104.32800 Y100.57020
G01 X-104.21332 Y100.48689
G01 X-87.11386 Y83.38743
G01 X-87.07818 Y83.35909
G01 X-86.99774 Y83.31507
G01 X-86.95870 Y83.30110
G01 X-86.91762 Y83.29546
G01 X-86.79522 Y83.30572
G01 X-86.75466 Y83.32012
G01 X-86.70739 Y83.35002
G01 X-86.40846 Y83.35002
G01 X-86.34188 Y83.21746
G01 X-86.26157 Y83.09866
G01 X-86.14696 Y82.96996
G01 X-86.00630 Y82.85482
G01 X-85.88395 Y82.78002
G01 X-85.74999 Y82.72013
G01 X-85.74999 Y82.44487
G01 X-85.79670 Y82.37306
G01 X-85.81369 Y82.33527
G01 X-85.82342 Y82.28441
G01 X-85.82426 Y82.20418
G01 X-85.81994 Y82.16133
G01 X-85.80655 Y82.12041
G01 X-85.74773 Y82.02274
G01 X-83.20686 Y79.48043
G01 X-83.18067 Y79.45839
G01 X-83.06924 Y79.39928
G01 X-83.03668 Y79.39105
G01 X-82.97778 Y79.38551
G01 X-82.00806 Y79.38584
G01 X-81.96313 Y79.39364
G01 X-81.86701 Y79.42437
G01 X-81.83155 Y79.44586
G01 X-81.80130 Y79.47421
G01 X-81.74321 Y79.54276
G01 X-81.71979 Y79.58678
G01 X-81.69576 Y79.69882
G01 X-81.69546 Y79.92757
G01 X-81.69180 Y79.96799
G01 X-81.65474 Y80.08693
G01 X-81.59185 Y80.19097
G01 X-81.50593 Y80.27690
G01 X-81.40189 Y80.33979
G01 X-81.28294 Y80.37685
G01 X-81.24253 Y80.38051
G01 X-78.35742 Y80.38051
G01 X-78.26656 Y80.36659
G01 X-78.18526 Y80.36494
G01 X-78.07253 Y80.38051
G01 X-75.18740 Y80.38051
G01 X-75.14701 Y80.37685
G01 X-75.02806 Y80.33979
G01 X-74.92400 Y80.27690
G01 X-74.83810 Y80.19097
G01 X-74.77518 Y80.08693
G01 X-74.73815 Y79.96799
G01 X-74.73449 Y79.92757
G01 X-74.73317 Y79.68673
G01 X-74.70350 Y79.57627
G01 X-74.69093 Y79.54779
G01 X-74.66764 Y79.51350
G01 X-74.58521 Y79.43923
G01 X-74.53322 Y79.40985
G01 X-74.44246 Y79.38810
G01 X-74.04407 Y79.38551
G01 X-73.90409 Y79.36334
G01 X-73.76929 Y79.31955
G01 X-73.64297 Y79.25521
G01 X-73.52834 Y79.17190
G01 X-73.11311 Y78.75666
G01 X-73.02979 Y78.64198
G01 X-72.96543 Y78.51569
G01 X-72.92167 Y78.38089
G01 X-72.89949 Y78.24091
G01 X-72.89949 Y68.80723
G01 X-72.89426 Y68.76194
G01 X-72.86134 Y68.65627
G01 X-72.84145 Y68.62241
G01 X-72.80452 Y68.57814
G01 X-70.61311 Y66.38666
G01 X-70.52980 Y66.27197
G01 X-70.46546 Y66.14571
G01 X-70.42164 Y66.01089
G01 X-70.39950 Y65.87091
G01 X-70.39950 Y51.22722
G01 X-70.39655 Y51.19314
G01 X-70.36135 Y51.07627
G01 X-70.34146 Y51.04241
G01 X-70.31192 Y51.00586
G01 X-69.32840 Y50.02380
G01 X-69.23856 Y49.97140
G01 X-69.20275 Y49.95616
G01 X-69.05901 Y49.93101
G01 X-68.87913 Y49.87257
G01 X-68.71075 Y49.78679
G01 X-68.55789 Y49.67574
G01 X-68.42429 Y49.54209
G01 X-68.31322 Y49.38923
G01 X-68.22744 Y49.22085
G01 X-68.16905 Y49.04115
G01 X-68.14720 Y48.91156
G01 X-68.10062 Y48.80709
G01 X-68.07725 Y48.77280
G01 X-68.04730 Y48.74407
G01 X-67.94293 Y48.68077
G01 X-67.90275 Y48.66861
G01 X-67.83204 Y48.66055
G01 X-64.16461 Y48.66086
G01 X-64.13073 Y48.66571
G01 X-64.05265 Y48.68832
G01 X-64.00365 Y48.71019
G01 X-63.96977 Y48.73663
G01 X-63.81759 Y48.88733
G01 X-63.76776 Y48.97391
G01 X-63.75420 Y49.00465
G01 X-63.74599 Y49.03716
G01 X-63.74045 Y49.09606
G01 X-63.74045 Y57.83089
G01 X-63.71831 Y57.97090
G01 X-63.67449 Y58.10570
G01 X-63.61015 Y58.23199
G01 X-63.52684 Y58.34667
G01 X-54.38662 Y67.48688
G01 X-54.27194 Y67.57019
G01 X-54.14565 Y67.63456
G01 X-54.01083 Y67.67835
G01 X-53.87085 Y67.70052
G01 X-30.72909 Y67.70052
G01 X-30.58911 Y67.67835
G01 X-30.45429 Y67.63456
G01 X-30.32800 Y67.57019
G01 X-30.21334 Y67.48688
G01 X-28.05432 Y65.32788
G01 X-28.01863 Y65.29954
G01 X-27.92854 Y65.25120
G01 X-27.89872 Y65.24142
G01 X-27.85726 Y65.23588
G01 X-27.75993 Y65.23997
G01 X-27.64220 Y65.27058
G01 X-27.41472 Y65.30050
G01 X-27.18521 Y65.30050
G01 X-26.95775 Y65.27058
G01 X-26.73608 Y65.21117
G01 X-26.52407 Y65.12336
G01 X-26.32534 Y65.00863
G01 X-26.14330 Y64.86896
G01 X-25.98104 Y64.70670
G01 X-25.84137 Y64.52463
G01 X-25.72664 Y64.32590
G01 X-25.63883 Y64.11391
G01 X-25.57944 Y63.89225
G01 X-25.54950 Y63.66477
G01 X-25.54950 Y62.93530
G01 X-25.57944 Y62.70780
G01 X-25.63883 Y62.48613
G01 X-25.72664 Y62.27414
G01 X-25.84137 Y62.07541
G01 X-25.98104 Y61.89335
G01 X-26.14330 Y61.73112
G01 X-26.32537 Y61.59139
G01 X-26.52407 Y61.47668
G01 X-26.73608 Y61.38888
G01 X-26.95775 Y61.32949
G01 X-27.18526 Y61.29954
G01 X-27.41469 Y61.29954
G01 X-27.64220 Y61.32949
G01 X-27.86387 Y61.38888
G01 X-28.07586 Y61.47668
G01 X-28.27459 Y61.59142
G01 X-28.45665 Y61.73109
G01 X-28.61891 Y61.89335
G01 X-28.75858 Y62.07541
G01 X-28.87332 Y62.27414
G01 X-28.96112 Y62.48613
G01 X-29.02051 Y62.70780
G01 X-29.05045 Y62.93530
G01 X-29.05178 Y63.66563
G01 X-29.08576 Y63.78735
G01 X-29.10763 Y63.82641
G01 X-29.13798 Y63.86416
G01 X-31.07809 Y65.80461
G01 X-31.10425 Y65.82664
G01 X-31.21177 Y65.88440
G01 X-31.24979 Y65.89428
G01 X-31.29653 Y65.89923
G01 X-31.85540 Y65.89920
G01 X-31.88929 Y65.89433
G01 X-31.97727 Y65.86855
G01 X-32.02350 Y65.84523
G01 X-32.06221 Y65.81079
G01 X-32.12642 Y65.73296
G01 X-32.15073 Y65.67589
G01 X-32.16592 Y65.57604
G01 X-32.16391 Y65.52428
G01 X-32.14867 Y65.47477
G01 X-32.11507 Y65.40187
G01 X-32.09221 Y65.36730
G01 X-32.05441 Y65.33190
G01 X-31.95985 Y65.27365
G01 X-31.73607 Y65.21119
G01 X-31.52406 Y65.12336
G01 X-31.32533 Y65.00863
G01 X-31.14331 Y64.86896
G01 X-30.98106 Y64.70670
G01 X-30.84133 Y64.52461
G01 X-30.72663 Y64.32590
G01 X-30.63882 Y64.11391
G01 X-30.57943 Y63.89225
G01 X-30.54949 Y63.66477
G01 X-30.54949 Y62.93530
G01 X-30.57943 Y62.70780
G01 X-30.63882 Y62.48613
G01 X-30.72663 Y62.27414
G01 X-30.84133 Y62.07544
G01 X-30.98106 Y61.89335
G01 X-31.14329 Y61.73112
G01 X-31.32538 Y61.59139
G01 X-31.52406 Y61.47668
G01 X-31.73610 Y61.38888
G01 X-31.95774 Y61.32949
G01 X-32.18525 Y61.29954
G01 X-32.41468 Y61.29954
G01 X-32.64222 Y61.32949
G01 X-32.86386 Y61.38888
G01 X-33.07587 Y61.47668
G01 X-33.27460 Y61.59142
G01 X-33.45664 Y61.73109
G01 X-33.61890 Y61.89335
G01 X-33.75857 Y62.07541
G01 X-33.87331 Y62.27414
G01 X-33.96111 Y62.48613
G01 X-34.02052 Y62.70780
G01 X-34.05047 Y62.93530
G01 X-34.05047 Y63.66474
G01 X-34.02052 Y63.89227
G01 X-33.96111 Y64.11391
G01 X-33.87331 Y64.32593
G01 X-33.75857 Y64.52466
G01 X-33.61890 Y64.70670
G01 X-33.45664 Y64.86896
G01 X-33.27460 Y65.00863
G01 X-33.07587 Y65.12336
G01 X-32.86386 Y65.21117
G01 X-32.63993 Y65.27421
G01 X-32.55141 Y65.32694
G01 X-32.50620 Y65.36949
G01 X-32.48908 Y65.39550
G01 X-32.44948 Y65.47706
G01 X-32.43564 Y65.52697
G01 X-32.43508 Y65.57876
G01 X-32.44489 Y65.65839
G01 X-32.45614 Y65.69829
G01 X-32.48133 Y65.74350
G01 X-32.53904 Y65.81338
G01 X-32.56178 Y65.83461
G01 X-32.61573 Y65.86530
G01 X-32.71202 Y65.89524
G01 X-32.75299 Y65.89951
G01 X-53.29275 Y65.89953
G01 X-53.33806 Y65.89433
G01 X-53.43471 Y65.86530
G01 X-53.46951 Y65.84708
G01 X-53.50601 Y65.81886
G01 X-61.84457 Y57.48192
G01 X-61.87871 Y57.43633
G01 X-61.91727 Y57.36501
G01 X-61.93182 Y57.32274
G01 X-61.93949 Y57.25282
G01 X-61.93916 Y49.08468
G01 X-61.93429 Y49.05080
G01 X-61.91168 Y48.97270
G01 X-61.88859 Y48.92179
G01 X-61.84457 Y48.86698
G01 X-61.68417 Y48.70660
G01 X-61.54976 Y48.52159
G01 X-61.44595 Y48.31778
G01 X-61.37526 Y48.10028
G01 X-61.33949 Y47.87437
G01 X-61.33949 Y47.64567
G01 X-61.37526 Y47.41976
G01 X-61.44595 Y47.20226
G01 X-61.54976 Y46.99848
G01 X-61.68463 Y46.81288
G01 X-61.79799 Y46.69739
G01 X-61.82621 Y46.65647
G01 X-61.86080 Y46.57821
G01 X-61.87239 Y46.51596
G01 X-61.87106 Y46.47039
G01 X-61.86174 Y46.40763
G01 X-61.85298 Y46.37679
G01 X-61.83939 Y46.34773
G01 X-61.79934 Y46.28543
G01 X-61.72476 Y46.20763
G01 X-61.68745 Y46.18134
G01 X-61.59540 Y46.13427
G01 X-61.56284 Y46.12604
G01 X-61.50393 Y46.12050
G01 X-60.96911 Y46.12050
G01 X-60.82911 Y46.09836
G01 X-60.69428 Y46.05454
G01 X-60.56802 Y45.99023
G01 X-60.45334 Y45.90689
G01 X-55.61311 Y41.06667
G01 X-55.52980 Y40.95201
G01 X-55.46546 Y40.82570
G01 X-55.42165 Y40.69087
G01 X-55.39948 Y40.55089
G01 X-55.39948 Y39.32621
G01 X-55.39137 Y39.26990
G01 X-55.36496 Y39.18361
G01 X-55.33999 Y39.13944
G01 X-55.29015 Y39.08422
G01 X-55.24240 Y39.04592
G01 X-55.09407 Y38.89758
G01 X-54.96633 Y38.73111
G01 X-54.86145 Y38.54942
G01 X-54.78116 Y38.35560
G01 X-54.72686 Y38.15293
G01 X-54.69948 Y37.94490
G01 X-54.69948 Y37.73515
G01 X-54.72686 Y37.52713
G01 X-54.78116 Y37.32446
G01 X-54.86145 Y37.13063
G01 X-54.96633 Y36.94894
G01 X-55.09407 Y36.78247
G01 X-55.24240 Y36.63411
G01 X-55.40887 Y36.50643
G01 X-55.59058 Y36.40150
G01 X-55.78441 Y36.32121
G01 X-55.98705 Y36.26690
G01 X-56.19505 Y36.23955
G01 X-56.40488 Y36.23955
G01 X-56.61288 Y36.26690
G01 X-56.81555 Y36.32121
G01 X-57.00935 Y36.40147
G01 X-57.19109 Y36.50643
G01 X-57.35754 Y36.63411
G01 X-57.50587 Y36.78247
G01 X-57.63361 Y36.94894
G01 X-57.73848 Y37.13063
G01 X-57.81877 Y37.32446
G01 X-57.87308 Y37.52713
G01 X-57.90046 Y37.73513
G01 X-57.90046 Y37.94493
G01 X-57.87308 Y38.15293
G01 X-57.81877 Y38.35560
G01 X-57.73848 Y38.54942
G01 X-57.63361 Y38.73111
G01 X-57.50587 Y38.89758
G01 X-57.35754 Y39.04594
G01 X-57.30199 Y39.09225
G01 X-57.24049 Y39.17467
G01 X-57.21527 Y39.23007
G01 X-57.20046 Y39.32621
G01 X-57.20079 Y39.98425
G01 X-57.20859 Y40.02918
G01 X-57.23173 Y40.10688
G01 X-57.24560 Y40.13748
G01 X-57.29538 Y40.20192
G01 X-60.79469 Y43.70077
G01 X-60.82210 Y43.72130
G01 X-60.90251 Y43.76526
G01 X-60.96192 Y43.78312
G01 X-61.00338 Y43.78449
G01 X-61.09367 Y43.77695
G01 X-61.12382 Y43.76915
G01 X-61.16144 Y43.75167
G01 X-61.24277 Y43.69178
G01 X-61.27792 Y43.65376
G01 X-61.30213 Y43.60801
G01 X-61.32987 Y43.53290
G01 X-61.33810 Y43.49305
G01 X-61.33947 Y41.67997
G01 X-61.34315 Y41.63956
G01 X-61.38021 Y41.52061
G01 X-61.44310 Y41.41658
G01 X-61.52903 Y41.33065
G01 X-61.63307 Y41.26778
G01 X-61.74353 Y41.23029
G01 X-61.84587 Y41.16077
G01 X-61.86710 Y41.13799
G01 X-61.88940 Y41.10299
G01 X-61.92565 Y41.02003
G01 X-61.93611 Y40.98033
G01 X-61.93916 Y38.52585
G01 X-61.93429 Y38.49192
G01 X-61.90823 Y38.40317
G01 X-61.88232 Y38.35364
G01 X-61.84457 Y38.30810
G01 X-61.67726 Y38.14081
G01 X-61.65110 Y38.11879
G01 X-61.57043 Y38.07325
G01 X-61.53454 Y38.05796
G01 X-61.37495 Y38.03032
G01 X-61.22131 Y37.98039
G01 X-61.07752 Y37.90711
G01 X-60.94691 Y37.81224
G01 X-60.83276 Y37.69809
G01 X-60.73789 Y37.56749
G01 X-60.66462 Y37.42370
G01 X-60.61473 Y37.27018
G01 X-60.58948 Y37.11074
G01 X-60.58948 Y36.94930
G01 X-60.61473 Y36.78989
G01 X-60.66462 Y36.63637
G01 X-60.73782 Y36.49271
G01 X-60.86098 Y36.31991
G01 X-60.89929 Y36.24333
G01 X-60.90853 Y36.21176
G01 X-60.91252 Y36.17910
G01 X-60.90614 Y36.07684
G01 X-60.88829 Y36.01577
G01 X-60.84953 Y35.95075
G01 X-60.73779 Y35.79733
G01 X-60.66462 Y35.65370
G01 X-60.61473 Y35.50018
G01 X-60.58948 Y35.34074
G01 X-60.58948 Y35.17930
G01 X-60.59253 Y35.16002
G01 X-60.61473 Y35.01992
G01 X-60.66462 Y34.86637
G01 X-60.73789 Y34.72253
G01 X-60.85717 Y34.55616
G01 X-60.89588 Y34.46747
G01 X-60.90581 Y34.42873
G01 X-60.90706 Y34.37880
G01 X-60.88844 Y34.26975
G01 X-60.87218 Y34.23203
G01 X-60.82502 Y34.16312
G01 X-60.79776 Y34.09005
G01 X-60.90467 Y34.09005
G01 X-60.93457 Y34.14087
G01 X-60.98105 Y34.18276
G01 X-61.03822 Y34.20821
G01 X-61.08999 Y34.21502
G01 X-62.60045 Y34.21474
G01 X-62.66167 Y34.20173
G01 X-62.70754 Y34.17681
G01 X-62.74541 Y34.14087
G01 X-62.77530 Y34.09005
G01 X-62.89758 Y34.09005
G01 X-62.92882 Y34.18799
G01 X-62.95031 Y34.22345
G01 X-62.97866 Y34.25370
G01 X-63.03919 Y34.30582
G01 X-63.07294 Y34.32718
G01 X-63.11025 Y34.34138
G01 X-63.19260 Y34.35837
G01 X-65.41086 Y34.35954
G01 X-65.55084 Y34.38172
G01 X-65.68564 Y34.42551
G01 X-65.81193 Y34.48984
G01 X-65.92661 Y34.57316
G01 X-67.68726 Y36.33381
G01 X-67.71347 Y36.35588
G01 X-67.80400 Y36.40643
G01 X-67.83478 Y36.41809
G01 X-67.86707 Y36.42456
G01 X-67.98568 Y36.42022
G01 X-68.05889 Y36.39909
G01 X-68.24550 Y36.36955
G01 X-68.43445 Y36.36955
G01 X-68.62109 Y36.39909
G01 X-68.80082 Y36.45748
G01 X-68.96915 Y36.54326
G01 X-69.12205 Y36.65433
G01 X-69.25568 Y36.78796
G01 X-69.36673 Y36.94082
G01 X-69.45251 Y37.10919
G01 X-69.51090 Y37.28892
G01 X-69.54047 Y37.47554
G01 X-69.54047 Y37.66451
G01 X-69.51090 Y37.85113
G01 X-69.45251 Y38.03086
G01 X-69.36673 Y38.19923
G01 X-69.25568 Y38.35209
G01 X-69.12205 Y38.48572
G01 X-68.96917 Y38.59680
G01 X-68.80079 Y38.68257
G01 X-68.62109 Y38.74097
G01 X-68.43445 Y38.77051
G01 X-68.24550 Y38.77051
G01 X-68.05884 Y38.74097
G01 X-67.87913 Y38.68257
G01 X-67.71078 Y38.59680
G01 X-67.56839 Y38.49504
G01 X-67.48492 Y38.45920
G01 X-67.43910 Y38.44833
G01 X-67.30430 Y38.40454
G01 X-67.17801 Y38.34020
G01 X-67.06333 Y38.25689
G01 X-65.06186 Y36.25542
G01 X-65.02615 Y36.22705
G01 X-64.94500 Y36.18273
G01 X-64.90268 Y36.16817
G01 X-64.83278 Y36.16050
G01 X-63.29019 Y36.16083
G01 X-63.25630 Y36.16571
G01 X-63.17823 Y36.18832
G01 X-63.13085 Y36.20920
G01 X-63.09044 Y36.24153
G01 X-63.03108 Y36.31003
G01 X-63.01389 Y36.33602
G01 X-62.99258 Y36.39434
G01 X-62.97970 Y36.48407
G01 X-62.98026 Y36.52565
G01 X-62.98940 Y36.56622
G01 X-63.06542 Y36.79108
G01 X-63.08696 Y36.92512
G01 X-63.10167 Y36.96825
G01 X-63.13599 Y37.04013
G01 X-63.15770 Y37.07262
G01 X-63.52681 Y37.44336
G01 X-63.61015 Y37.55806
G01 X-63.67452 Y37.68435
G01 X-63.71831 Y37.81915
G01 X-63.74045 Y37.95915
G01 X-63.74045 Y40.93387
G01 X-63.74566 Y40.97919
G01 X-63.77932 Y41.08638
G01 X-63.80083 Y41.12183
G01 X-63.82920 Y41.15209
G01 X-63.88981 Y41.20423
G01 X-63.91495 Y41.22102
G01 X-63.94236 Y41.23380
G01 X-64.04617 Y41.26735
G01 X-64.15092 Y41.33067
G01 X-64.23685 Y41.41658
G01 X-64.29974 Y41.52061
G01 X-64.31752 Y41.57329
G01 X-64.33398 Y41.60327
G01 X-64.38511 Y41.67809
G01 X-64.43164 Y41.71922
G01 X-64.54177 Y41.76887
G01 X-64.58064 Y41.77726
G01 X-64.61884 Y41.77954
G01 X-67.29277 Y41.77954
G01 X-67.33806 Y41.77434
G01 X-67.42551 Y41.74876
G01 X-67.46950 Y41.72709
G01 X-67.52185 Y41.68462
G01 X-68.06099 Y41.14551
G01 X-68.08304 Y41.11932
G01 X-68.12861 Y41.03862
G01 X-68.14385 Y41.00281
G01 X-68.16900 Y40.85905
G01 X-68.22744 Y40.67919
G01 X-68.31322 Y40.51081
G01 X-68.42426 Y40.35796
G01 X-68.55789 Y40.22435
G01 X-68.71080 Y40.11328
G01 X-68.87913 Y40.02748
G01 X-69.05886 Y39.96911
G01 X-69.24550 Y39.93954
G01 X-69.43445 Y39.93954
G01 X-69.62111 Y39.96911
G01 X-69.80082 Y40.02748
G01 X-69.96917 Y40.11328
G01 X-70.12205 Y40.22433
G01 X-70.25568 Y40.35796
G01 X-70.36673 Y40.51081
G01 X-70.45251 Y40.67919
G01 X-70.51090 Y40.85892
G01 X-70.54047 Y41.04553
G01 X-70.54047 Y41.23451
G01 X-70.51090 Y41.42112
G01 X-70.45251 Y41.60085
G01 X-70.36673 Y41.76923
G01 X-70.25566 Y41.92211
G01 X-70.12205 Y42.05574
G01 X-69.96919 Y42.16679
G01 X-69.80082 Y42.25257
G01 X-69.62111 Y42.31096
G01 X-69.47966 Y42.33634
G01 X-69.39533 Y42.37489
G01 X-69.36186 Y42.39498
G01 X-68.38662 Y43.36686
G01 X-68.27194 Y43.45020
G01 X-68.14565 Y43.51457
G01 X-68.01085 Y43.55836
G01 X-67.87085 Y43.58050
G01 X-64.60741 Y43.58083
G01 X-64.57352 Y43.58571
G01 X-64.48554 Y43.61149
G01 X-64.45706 Y43.62404
G01 X-64.42275 Y43.64738
G01 X-64.33705 Y43.74599
G01 X-64.31924 Y43.78152
G01 X-64.30045 Y43.83824
G01 X-64.23685 Y43.94347
G01 X-64.14617 Y44.03461
G01 X-64.12565 Y44.06201
G01 X-64.07744 Y44.15190
G01 X-64.06268 Y44.21215
G01 X-64.06850 Y44.32373
G01 X-64.07850 Y44.36577
G01 X-64.09181 Y44.39534
G01 X-64.12699 Y44.45228
G01 X-64.23400 Y44.66226
G01 X-64.30469 Y44.87976
G01 X-64.34045 Y45.10567
G01 X-64.34045 Y45.33437
G01 X-64.30469 Y45.56028
G01 X-64.23400 Y45.77778
G01 X-64.13019 Y45.98157
G01 X-63.99532 Y46.16721
G01 X-63.88196 Y46.28268
G01 X-63.84934 Y46.33264
G01 X-63.81919 Y46.40178
G01 X-63.80891 Y46.45248
G01 X-63.80756 Y46.49830
G01 X-63.81820 Y46.57242
G01 X-63.83550 Y46.62292
G01 X-63.88064 Y46.69472
G01 X-63.96397 Y46.77984
G01 X-64.07406 Y46.84184
G01 X-64.11711 Y46.85403
G01 X-64.16529 Y46.85924
G01 X-68.41085 Y46.85954
G01 X-68.55086 Y46.88172
G01 X-68.68566 Y46.92553
G01 X-68.81192 Y46.98984
G01 X-68.92660 Y47.07321
G01 X-69.33450 Y47.48105
G01 X-69.36066 Y47.50305
G01 X-69.44133 Y47.54862
G01 X-69.47717 Y47.56388
G01 X-69.62096 Y47.58906
G01 X-69.80082 Y47.64748
G01 X-69.96917 Y47.73333
G01 X-70.12205 Y47.84435
G01 X-70.25568 Y47.97801
G01 X-70.36673 Y48.13084
G01 X-70.45251 Y48.29919
G01 X-70.51090 Y48.47892
G01 X-70.53627 Y48.62035
G01 X-70.57478 Y48.70460
G01 X-70.59492 Y48.73818
G01 X-71.98684 Y50.13340
G01 X-72.07016 Y50.24808
G01 X-72.13419 Y50.37371
G01 X-72.19027 Y50.54795
G01 X-72.22858 Y50.62860
G01 X-72.24544 Y50.65476
G01 X-72.28186 Y50.69156
G01 X-72.36716 Y50.74564
G01 X-72.40533 Y50.76182
G01 X-72.44600 Y50.76980
G01 X-72.54717 Y50.76916
G01 X-72.58872 Y50.76190
G01 X-72.63701 Y50.74089
G01 X-72.71920 Y50.68694
G01 X-75.24452 Y48.16193
G01 X-75.27294 Y48.12619
G01 X-75.32179 Y48.03475
G01 X-75.33393 Y47.99175
G01 X-75.33919 Y47.94361
G01 X-75.33949 Y47.72566
G01 X-75.37525 Y47.49977
G01 X-75.44594 Y47.28227
G01 X-75.54973 Y47.07847
G01 X-75.68417 Y46.89345
G01 X-75.77850 Y46.79914
G01 X-75.80683 Y46.76348
G01 X-75.85887 Y46.66391
G01 X-75.86875 Y46.62355
G01 X-75.87055 Y46.59244
G01 X-75.86266 Y46.49254
G01 X-75.85196 Y46.45411
G01 X-75.83903 Y46.42713
G01 X-75.78585 Y46.34870
G01 X-75.68417 Y46.24659
G01 X-75.54973 Y46.06158
G01 X-75.44594 Y45.85779
G01 X-75.37525 Y45.64032
G01 X-75.33949 Y45.41438
G01 X-75.33949 Y45.18566
G01 X-75.37525 Y44.95977
G01 X-75.44594 Y44.74230
G01 X-75.54973 Y44.53849
G01 X-75.58135 Y44.48617
G01 X-75.61493 Y44.38982
G01 X-75.62059 Y44.33834
G01 X-75.61752 Y44.30735
G01 X-75.59961 Y44.22912
G01 X-75.58110 Y44.17994
G01 X-75.53212 Y44.11284
G01 X-75.44310 Y44.02348
G01 X-75.38021 Y43.91944
G01 X-75.34315 Y43.80049
G01 X-75.33949 Y43.76008
G01 X-75.33949 Y41.75996
G01 X-75.34315 Y41.71957
G01 X-75.38021 Y41.60060
G01 X-75.44310 Y41.49659
G01 X-75.52905 Y41.41063
G01 X-75.63306 Y41.34777
G01 X-75.75204 Y41.31068
G01 X-75.79245 Y41.30703
G01 X-76.89669 Y41.30670
G01 X-76.94162 Y41.29890
G01 X-77.03989 Y41.26710
G01 X-77.06875 Y41.24993
G01 X-77.11437 Y41.21213
G01 X-77.70456 Y40.62191
G01 X-77.73291 Y40.58625
G01 X-77.78434 Y40.48823
G01 X-77.79422 Y40.45021
G01 X-77.79948 Y40.39280
G01 X-77.79915 Y37.92758
G01 X-77.79135 Y37.88265
G01 X-77.76105 Y37.78748
G01 X-77.74058 Y37.75303
G01 X-77.69562 Y37.70200
G01 X-77.59788 Y37.56751
G01 X-77.52463 Y37.42370
G01 X-77.47474 Y37.27018
G01 X-77.44949 Y37.11074
G01 X-77.44949 Y36.94930
G01 X-77.47474 Y36.78989
G01 X-77.52463 Y36.63632
G01 X-77.53992 Y36.59987
G01 X-77.56164 Y36.47813
G01 X-77.55384 Y36.41654
G01 X-77.51195 Y36.31336
G01 X-77.48190 Y36.27122
G01 X-77.45069 Y36.24394
G01 X-77.37670 Y36.19299
G01 X-77.32084 Y36.17170
G01 X-77.23834 Y36.16050
G01 X-76.82438 Y36.16182
G01 X-76.70266 Y36.19581
G01 X-76.66359 Y36.21768
G01 X-76.62585 Y36.24803
G01 X-74.61661 Y38.25689
G01 X-74.50193 Y38.34020
G01 X-74.37564 Y38.40454
G01 X-74.24079 Y38.44833
G01 X-74.10086 Y38.47051
G01 X-73.24821 Y38.47051
G01 X-73.20292 Y38.47571
G01 X-73.11554 Y38.50129
G01 X-73.08872 Y38.51287
G01 X-72.96932 Y38.59672
G01 X-72.80081 Y38.68257
G01 X-72.62111 Y38.74097
G01 X-72.43444 Y38.77051
G01 X-72.24549 Y38.77051
G01 X-72.05885 Y38.74097
G01 X-71.87915 Y38.68257
G01 X-71.71077 Y38.59677
G01 X-71.55789 Y38.48570
G01 X-71.42426 Y38.35209
G01 X-71.31321 Y38.19923
G01 X-71.22743 Y38.03086
G01 X-71.16904 Y37.85115
G01 X-71.13950 Y37.66451
G01 X-71.13950 Y37.47554
G01 X-71.16904 Y37.28890
G01 X-71.22743 Y37.10919
G01 X-71.31321 Y36.94082
G01 X-71.42426 Y36.78796
G01 X-71.55789 Y36.65433
G01 X-71.71077 Y36.54326
G01 X-71.87915 Y36.45748
G01 X-72.05885 Y36.39909
G01 X-72.24549 Y36.36955
G01 X-72.43444 Y36.36955
G01 X-72.62111 Y36.39909
G01 X-72.80081 Y36.45748
G01 X-72.96916 Y36.54326
G01 X-73.08710 Y36.62530
G01 X-73.20216 Y36.66548
G01 X-73.24102 Y36.66934
G01 X-73.53403 Y36.66921
G01 X-73.57907 Y36.66142
G01 X-73.67749 Y36.62959
G01 X-73.70635 Y36.61237
G01 X-73.75186 Y36.57463
G01 X-75.75333 Y34.57316
G01 X-75.86801 Y34.48984
G01 X-75.99430 Y34.42551
G01 X-76.12910 Y34.38172
G01 X-76.26908 Y34.35954
G01 X-77.32600 Y34.35954
G01 X-77.36009 Y34.35660
G01 X-77.46898 Y34.32487
G01 X-77.50550 Y34.30521
G01 X-77.52978 Y34.28575
G01 X-77.58993 Y34.21799
G01 X-77.61292 Y34.18537
G01 X-77.62897 Y34.14882
G01 X-77.64279 Y34.09005
G01 X-77.76466 Y34.09005
G01 X-77.79455 Y34.14087
G01 X-77.84106 Y34.18276
G01 X-77.89821 Y34.20821
G01 X-77.94998 Y34.21502
G01 X-79.46046 Y34.21474
G01 X-79.52165 Y34.20173
G01 X-79.56755 Y34.17681
G01 X-79.60542 Y34.14087
G01 X-79.63532 Y34.09005
G01 X-79.74217 Y34.09005
G01 X-79.71599 Y34.16028
G01 X-79.68878 Y34.19713
G01 X-79.67238 Y34.22721
G01 X-79.64365 Y34.30328
G01 X-79.63201 Y34.35373
G01 X-79.63369 Y34.40547
G01 X-79.65294 Y34.49393
G01 X-79.66770 Y34.53219
G01 X-79.80192 Y34.72223
G01 X-79.87532 Y34.86637
G01 X-79.92521 Y35.01989
G01 X-79.95045 Y35.17930
G01 X-79.95045 Y35.34074
G01 X-79.92521 Y35.50015
G01 X-79.87532 Y35.65367
G01 X-79.80214 Y35.79733
G01 X-79.68922 Y35.95258
G01 X-79.64967 Y36.02670
G01 X-79.63138 Y36.07833
G01 X-79.62780 Y36.13297
G01 X-79.63544 Y36.22377
G01 X-79.65165 Y36.27422
G01 X-79.69038 Y36.33927
G01 X-79.80214 Y36.49271
G01 X-79.87532 Y36.63637
G01 X-79.92521 Y36.78989
G01 X-79.95045 Y36.94930
G01 X-79.95045 Y37.11074
G01 X-79.92521 Y37.27015
G01 X-79.87532 Y37.42367
G01 X-79.80207 Y37.56751
G01 X-79.66128 Y37.75545
G01 X-79.61558 Y37.84363
G01 X-79.60748 Y37.87196
G01 X-79.60161 Y37.91770
G01 X-79.60047 Y39.91551
G01 X-79.60568 Y39.96083
G01 X-79.63514 Y40.05849
G01 X-79.64916 Y40.08628
G01 X-79.67420 Y40.11930
G01 X-79.76603 Y40.19733
G01 X-79.82076 Y40.22138
G01 X-79.91378 Y40.23924
G01 X-82.43173 Y40.23954
G01 X-82.47702 Y40.23433
G01 X-82.58245 Y40.20149
G01 X-82.60801 Y40.18737
G01 X-82.71065 Y40.11335
G01 X-82.87915 Y40.02748
G01 X-83.05886 Y39.96911
G01 X-83.20435 Y39.94472
G01 X-83.30884 Y39.89811
G01 X-83.33500 Y39.88127
G01 X-83.36521 Y39.85288
G01 X-83.42060 Y39.76852
G01 X-83.44204 Y39.72136
G01 X-83.45068 Y39.67028
G01 X-83.44936 Y39.57967
G01 X-83.43927 Y39.52890
G01 X-83.41651 Y39.48244
G01 X-83.37158 Y39.41523
G01 X-83.34986 Y39.39057
G01 X-83.32439 Y39.36982
G01 X-83.27389 Y39.33903
G01 X-83.13056 Y39.27853
G01 X-82.94885 Y39.17363
G01 X-82.78240 Y39.04592
G01 X-82.63407 Y38.89758
G01 X-82.50633 Y38.73111
G01 X-82.40145 Y38.54942
G01 X-82.32116 Y38.35560
G01 X-82.26686 Y38.15293
G01 X-82.23948 Y37.94490
G01 X-82.23948 Y37.73515
G01 X-82.26686 Y37.52713
G01 X-82.32116 Y37.32446
G01 X-82.40145 Y37.13063
G01 X-82.50633 Y36.94894
G01 X-82.63407 Y36.78247
G01 X-82.78240 Y36.63411
G01 X-82.94887 Y36.50643
G01 X-83.13059 Y36.40150
G01 X-83.32441 Y36.32121
G01 X-83.52705 Y36.26690
G01 X-83.73505 Y36.23955
G01 X-83.94488 Y36.23955
G01 X-84.15288 Y36.26690
G01 X-84.35555 Y36.32121
G01 X-84.54935 Y36.40147
G01 X-84.73109 Y36.50643
G01 X-84.89754 Y36.63411
G01 X-85.04587 Y36.78247
G01 X-85.17361 Y36.94894
G01 X-85.27849 Y37.13063
G01 X-85.35878 Y37.32446
G01 X-85.41308 Y37.52713
G01 X-85.44046 Y37.73513
G01 X-85.44046 Y37.94490
G01 X-85.43393 Y38.01694
G01 X-85.44874 Y38.11874
G01 X-85.47008 Y38.17574
G01 X-85.52761 Y38.25415
G01 X-86.02685 Y38.75339
G01 X-86.11016 Y38.86807
G01 X-86.17450 Y38.99436
G01 X-86.21829 Y39.12915
G01 X-86.24046 Y39.26916
G01 X-86.24046 Y42.87090
G01 X-86.21829 Y43.01091
G01 X-86.17450 Y43.14571
G01 X-86.11016 Y43.27200
G01 X-86.02685 Y43.38668
G01 X-83.42662 Y45.98690
G01 X-83.31194 Y46.07021
G01 X-83.18565 Y46.13455
G01 X-83.05085 Y46.17834
G01 X-82.91085 Y46.20054
G01 X-78.16603 Y46.20077
G01 X-78.12656 Y46.20674
G01 X-78.04576 Y46.22866
G01 X-78.00593 Y46.24910
G01 X-77.95381 Y46.28886
G01 X-77.89359 Y46.34923
G01 X-77.86730 Y46.38649
G01 X-77.82110 Y46.47621
G01 X-77.80949 Y46.53714
G01 X-77.81581 Y46.63760
G01 X-77.82458 Y46.67651
G01 X-77.84091 Y46.71296
G01 X-77.89405 Y46.79132
G01 X-77.95521 Y46.85246
G01 X-77.99252 Y46.87877
G01 X-78.08068 Y46.92441
G01 X-78.10901 Y46.93252
G01 X-78.15473 Y46.93838
G01 X-82.49086 Y46.93958
G01 X-82.63082 Y46.96170
G01 X-82.76564 Y47.00552
G01 X-82.89195 Y47.06985
G01 X-83.00661 Y47.15317
G01 X-83.33450 Y47.48105
G01 X-83.37016 Y47.50938
G01 X-83.44999 Y47.55309
G01 X-83.47717 Y47.56388
G01 X-83.62096 Y47.58906
G01 X-83.80082 Y47.64748
G01 X-83.96917 Y47.73333
G01 X-84.12205 Y47.84435
G01 X-84.25568 Y47.97801
G01 X-84.36673 Y48.13084
G01 X-84.45250 Y48.29919
G01 X-84.51090 Y48.47892
G01 X-84.54046 Y48.66556
G01 X-84.54046 Y48.85453
G01 X-84.51090 Y49.04112
G01 X-84.45250 Y49.22085
G01 X-84.36673 Y49.38923
G01 X-84.25565 Y49.54211
G01 X-84.12205 Y49.67574
G01 X-83.96919 Y49.78679
G01 X-83.80082 Y49.87257
G01 X-83.62111 Y49.93096
G01 X-83.43447 Y49.96050
G01 X-83.24550 Y49.96050
G01 X-83.05886 Y49.93096
G01 X-82.87915 Y49.87257
G01 X-82.71077 Y49.78679
G01 X-82.55789 Y49.67574
G01 X-82.42429 Y49.54209
G01 X-82.31321 Y49.38923
G01 X-82.22744 Y49.22085
G01 X-82.16904 Y49.04115
G01 X-82.15647 Y48.98059
G01 X-82.10244 Y48.86929
G01 X-82.08296 Y48.84503
G01 X-82.05162 Y48.81793
G01 X-81.97456 Y48.76998
G01 X-81.92571 Y48.75085
G01 X-81.84471 Y48.74051
G01 X-78.17604 Y48.74051
G01 X-78.13072 Y48.74577
G01 X-78.04238 Y48.77163
G01 X-78.00352 Y48.79030
G01 X-77.96958 Y48.81682
G01 X-77.83519 Y48.94750
G01 X-77.64901 Y49.08275
G01 X-77.44523 Y49.18656
G01 X-77.22773 Y49.25723
G01 X-77.00182 Y49.29301
G01 X-76.76052 Y49.29596
G01 X-76.65013 Y49.32832
G01 X-76.60218 Y49.35697
G01 X-76.56555 Y49.38793
G01 X-74.29535 Y51.65814
G01 X-74.26700 Y51.69385
G01 X-74.22773 Y51.76502
G01 X-74.21422 Y51.79575
G01 X-74.20599 Y51.82832
G01 X-74.20045 Y51.88722
G01 X-74.20175 Y53.24439
G01 X-74.23144 Y53.35488
G01 X-74.26080 Y53.40954
G01 X-74.28153 Y53.43281
G01 X-74.35003 Y53.49217
G01 X-74.37599 Y53.50931
G01 X-74.41414 Y53.52557
G01 X-74.52400 Y53.54350
G01 X-74.56543 Y53.54297
G01 X-74.61562 Y53.53034
G01 X-74.69865 Y53.49240
G01 X-74.72661 Y53.47462
G01 X-74.75125 Y53.45247
G01 X-74.79611 Y53.39801
G01 X-74.83810 Y53.32907
G01 X-74.92400 Y53.24315
G01 X-75.02806 Y53.18026
G01 X-75.14701 Y53.14320
G01 X-75.18740 Y53.13954
G01 X-78.07253 Y53.13954
G01 X-78.11294 Y53.14320
G01 X-78.23189 Y53.18026
G01 X-78.33590 Y53.24315
G01 X-78.42186 Y53.32910
G01 X-78.48472 Y53.43311
G01 X-78.52181 Y53.55209
G01 X-78.52546 Y53.59250
G01 X-78.52678 Y53.83332
G01 X-78.56013 Y53.95351
G01 X-78.57977 Y53.99003
G01 X-78.61421 Y54.02874
G01 X-78.68274 Y54.08681
G01 X-78.70847 Y54.10217
G01 X-78.74576 Y54.11640
G01 X-78.81749 Y54.13194
G01 X-78.84949 Y54.13453
G01 X-81.55779 Y54.13453
G01 X-81.60308 Y54.12933
G01 X-81.69183 Y54.10327
G01 X-81.72244 Y54.08940
G01 X-81.75027 Y54.07058
G01 X-81.78687 Y54.03961
G01 X-85.34458 Y50.48191
G01 X-85.37295 Y50.44620
G01 X-85.41219 Y50.37503
G01 X-85.43183 Y50.32273
G01 X-85.43950 Y50.25280
G01 X-85.43950 Y46.18916
G01 X-85.46165 Y46.04916
G01 X-85.50546 Y45.91438
G01 X-85.56980 Y45.78807
G01 X-85.65311 Y45.67341
G01 X-86.75334 Y44.57316
G01 X-86.86802 Y44.48987
G01 X-86.99431 Y44.42551
G01 X-87.12910 Y44.38170
G01 X-87.26911 Y44.35955
G01 X-88.07449 Y44.35919
G01 X-88.12641 Y44.35325
G01 X-88.16911 Y44.34172
G01 X-88.30909 Y44.31954
G01 X-90.59598 Y44.31954
G01 X-90.64126 Y44.31434
G01 X-90.71934 Y44.29175
G01 X-90.75772 Y44.27603
G01 X-90.78391 Y44.25917
G01 X-90.80718 Y44.23847
G01 X-90.85993 Y44.17799
G01 X-90.88848 Y44.13478
G01 X-90.90499 Y44.08571
G01 X-90.91856 Y43.98553
G01 X-90.91119 Y43.92363
G01 X-90.88515 Y43.85528
G01 X-90.84314 Y43.72046
G01 X-90.83949 Y43.68005
G01 X-90.83949 Y41.68000
G01 X-90.84314 Y41.63959
G01 X-90.88023 Y41.52061
G01 X-90.94309 Y41.41658
G01 X-91.02902 Y41.33065
G01 X-91.13306 Y41.26776
G01 X-91.25201 Y41.23070
G01 X-91.29242 Y41.22704
G01 X-93.38754 Y41.22704
G01 X-93.42795 Y41.23070
G01 X-93.54690 Y41.26776
G01 X-93.65091 Y41.33065
G01 X-93.73686 Y41.41660
G01 X-93.79973 Y41.52059
G01 X-93.81319 Y41.56268
G01 X-93.82790 Y41.59359
G01 X-93.87867 Y41.66992
G01 X-93.89914 Y41.69339
G01 X-93.93163 Y41.71922
G01 X-93.95911 Y41.73385
G01 X-94.04237 Y41.76908
G01 X-94.09282 Y41.77827
G01 X-95.95512 Y41.77921
G01 X-95.98906 Y41.77434
G01 X-96.06716 Y41.75173
G01 X-96.11456 Y41.73083
G01 X-96.15497 Y41.69847
G01 X-96.21430 Y41.62996
G01 X-96.23147 Y41.60403
G01 X-96.24440 Y41.57573
G01 X-96.25451 Y41.53552
G01 X-96.26566 Y41.45633
G01 X-96.26393 Y41.40591
G01 X-96.24966 Y41.35752
G01 X-96.21032 Y41.27832
G01 X-96.19368 Y41.25087
G01 X-96.17288 Y41.22643
G01 X-93.80897 Y38.86299
G01 X-93.77169 Y38.83670
G01 X-93.68375 Y38.79113
G01 X-93.64608 Y38.78128
G01 X-93.51499 Y38.76032
G01 X-93.36132 Y38.71038
G01 X-93.21748 Y38.63711
G01 X-93.08690 Y38.54224
G01 X-92.97276 Y38.42809
G01 X-92.87789 Y38.29748
G01 X-92.80461 Y38.15369
G01 X-92.75472 Y38.00017
G01 X-92.72950 Y37.84074
G01 X-92.72950 Y37.67932
G01 X-92.75472 Y37.51989
G01 X-92.80461 Y37.36637
G01 X-92.87778 Y37.22273
G01 X-93.00105 Y37.04983
G01 X-93.03930 Y36.97323
G01 X-93.04855 Y36.94171
G01 X-93.05251 Y36.90907
G01 X-93.04614 Y36.80686
G01 X-93.02831 Y36.74582
G01 X-92.98957 Y36.68077
G01 X-92.87778 Y36.52731
G01 X-92.80461 Y36.38369
G01 X-92.75472 Y36.23018
G01 X-92.72950 Y36.07074
G01 X-92.72950 Y35.90932
G01 X-92.75472 Y35.74989
G01 X-92.80461 Y35.59637
G01 X-92.87789 Y35.45255
G01 X-92.99719 Y35.28613
G01 X-93.03590 Y35.19741
G01 X-93.04581 Y35.15868
G01 X-93.04705 Y35.10879
G01 X-93.02843 Y34.99975
G01 X-93.01218 Y34.96203
G01 X-92.96501 Y34.89312
G01 X-92.93255 Y34.80602
G01 X-92.92998 Y34.67003
G01 X-93.02998 Y34.67003
G01 X-93.03026 Y34.75548
G01 X-93.03435 Y34.78659
G01 X-93.04728 Y34.82637
G01 X-93.06818 Y34.86256
G01 X-93.09615 Y34.89365
G01 X-93.12998 Y34.91822
G01 X-93.17822 Y34.93820
G01 X-93.21952 Y34.94473
G01 X-94.76127 Y34.94255
G01 X-94.80166 Y34.93173
G01 X-94.83892 Y34.91275
G01 X-94.87141 Y34.88644
G01 X-94.89772 Y34.85395
G01 X-94.91669 Y34.81669
G01 X-94.92751 Y34.77631
G01 X-94.92998 Y34.67003
G01 X-95.02995 Y34.67003
G01 X-95.03028 Y34.77694
G01 X-95.03516 Y34.81082
G01 X-95.06462 Y34.90849
G01 X-95.09030 Y34.95344
G01 X-95.11865 Y34.98370
G01 X-95.17918 Y35.03582
G01 X-95.20409 Y35.05248
G01 X-95.25025 Y35.07138
G01 X-95.33259 Y35.08837
G01 X-98.52085 Y35.08954
G01 X-98.66086 Y35.11171
G01 X-98.79565 Y35.15550
G01 X-98.92192 Y35.21984
G01 X-99.05893 Y35.31913
G01 X-99.09222 Y35.33676
G01 X-99.16794 Y35.36660
G01 X-99.30109 Y35.38911
G01 X-99.48082 Y35.44747
G01 X-99.64920 Y35.53328
G01 X-99.77706 Y35.62578
G01 X-99.80731 Y35.64173
G01 X-99.91376 Y35.67752
G01 X-99.94473 Y35.68093
G01 X-99.98610 Y35.67790
G01 X-100.07439 Y35.65738
G01 X-100.12189 Y35.63673
G01 X-100.16250 Y35.60457
G01 X-100.21836 Y35.54669
G01 X-100.23723 Y35.52126
G01 X-100.25908 Y35.47333
G01 X-100.27833 Y35.39581
G01 X-100.28209 Y35.34656
G01 X-100.30426 Y35.20656
G01 X-100.34805 Y35.07176
G01 X-100.41239 Y34.94547
G01 X-100.49570 Y34.83079
G01 X-101.75333 Y33.57316
G01 X-101.86801 Y33.48985
G01 X-101.99430 Y33.42551
G01 X-102.10609 Y33.38883
G01 X-102.13682 Y33.37372
G01 X-102.21254 Y33.32203
G01 X-102.24927 Y33.28555
G01 X-102.27114 Y33.25032
G01 X-102.30972 Y33.15698
G01 X-102.31764 Y33.11629
G01 X-102.31698 Y33.07481
G01 X-102.30154 Y32.98553
G01 X-102.28823 Y32.94626
G01 X-102.26070 Y32.90242
G01 X-102.19958 Y32.83582
G01 X-102.16804 Y32.81050
G01 X-102.13205 Y32.79206
G01 X-102.03829 Y32.76521
G01 X-102.00606 Y32.76082
G01 X-97.76121 Y32.76051
G01 X-97.60569 Y32.73587
G01 X-97.45591 Y32.68721
G01 X-97.31560 Y32.61573
G01 X-97.18819 Y32.52317
G01 X-93.44045 Y28.77543
G01 X-93.39488 Y28.74129
G01 X-93.32358 Y28.70273
G01 X-93.28126 Y28.68818
G01 X-93.21136 Y28.68051
G01 X-85.64295 Y28.68084
G01 X-85.60907 Y28.68572
G01 X-85.52062 Y28.71167
G01 X-85.48143 Y28.73055
G01 X-85.45524 Y28.75003
G01 X-85.38367 Y28.82821
G01 X-85.31986 Y28.94515
G01 X-85.22339 Y29.06344
G01 X-85.10511 Y29.15991
G01 X-84.96983 Y29.23057
G01 X-84.82184 Y29.27291
G01 X-84.73622 Y29.28051
G01 X-82.94372 Y29.28051
G01 X-82.85812 Y29.27291
G01 X-82.71014 Y29.23057
G01 X-82.57486 Y29.15991
G01 X-82.45655 Y29.06344
G01 X-82.36010 Y28.94515
G01 X-82.27354 Y28.77327
G01 X-82.22457 Y28.69580
G01 X-82.19724 Y28.66461
G01 X-82.15500 Y28.63466
G01 X-82.07293 Y28.59649
G01 X-82.03348 Y28.58508
G01 X-81.97953 Y28.58051
G01 X-73.45044 Y28.58051
G01 X-73.40515 Y28.58572
G01 X-73.30744 Y28.61518
G01 X-73.27094 Y28.63481
G01 X-73.23924 Y28.66159
G01 X-73.17991 Y28.73009
G01 X-73.15794 Y28.76524
G01 X-73.14145 Y28.81429
G01 X-73.12974 Y28.89369
G01 X-73.13053 Y28.95577
G01 X-73.14168 Y28.99572
G01 X-73.18410 Y29.08671
G01 X-73.20777 Y29.11919
G01 X-73.25540 Y29.16760
G01 X-73.36667 Y29.32084
G01 X-73.45253 Y29.48919
G01 X-73.51089 Y29.66890
G01 X-73.54046 Y29.85554
G01 X-73.54046 Y30.04451
G01 X-73.51089 Y30.23115
G01 X-73.45253 Y30.41086
G01 X-73.36667 Y30.57921
G01 X-73.28466 Y30.69717
G01 X-73.25230 Y30.78403
G01 X-73.24282 Y30.82193
G01 X-73.24046 Y31.83087
G01 X-73.21829 Y31.97090
G01 X-73.17445 Y32.10570
G01 X-73.11016 Y32.23199
G01 X-73.02685 Y32.34667
G01 X-72.92662 Y32.44690
G01 X-72.81194 Y32.53021
G01 X-72.68565 Y32.59455
G01 X-72.55083 Y32.63834
G01 X-72.41085 Y32.66051
G01 X-63.21399 Y32.66051
G01 X-63.16867 Y32.66572
G01 X-63.09060 Y32.68832
G01 X-63.05224 Y32.70405
G01 X-63.02605 Y32.72086
G01 X-62.99580 Y32.74921
G01 X-62.93771 Y32.81776
G01 X-62.91808 Y32.85253
G01 X-62.90586 Y32.89003
G01 X-62.77533 Y32.89003
G01 X-62.74541 Y32.83915
G01 X-62.69893 Y32.79729
G01 X-62.65178 Y32.77481
G01 X-62.58999 Y32.76501
G01 X-61.07952 Y32.76529
G01 X-61.01831 Y32.77829
G01 X-60.97244 Y32.80321
G01 X-60.93457 Y32.83915
G01 X-60.90465 Y32.89003
G01 X-60.77069 Y32.89003
G01 X-60.75532 Y32.84156
G01 X-60.72964 Y32.79660
G01 X-60.70896 Y32.77336
G01 X-60.64077 Y32.71423
G01 X-60.61585 Y32.69757
G01 X-60.57927 Y32.68152
G01 X-60.47668 Y32.66082
G01 X-53.53534 Y32.66051
G01 X-53.39534 Y32.63834
G01 X-53.26054 Y32.59455
G01 X-53.13425 Y32.53021
G01 X-53.01957 Y32.44690
G01 X-50.11310 Y29.54043
G01 X-50.02979 Y29.42574
G01 X-49.96545 Y29.29946
G01 X-49.92166 Y29.16466
G01 X-49.89949 Y29.02465
G01 X-49.89949 Y22.94666
G01 X-49.92166 Y22.80666
G01 X-49.96545 Y22.67186
G01 X-50.02979 Y22.54557
G01 X-50.11310 Y22.43089
G01 X-56.11205 Y16.43011
G01 X-56.16922 Y16.33095
G01 X-56.18327 Y16.29156
G01 X-56.18825 Y16.26057
G01 X-56.18688 Y16.17014
G01 X-56.14949 Y15.89171
G01 X-56.14949 Y15.64297
G01 X-56.18200 Y15.39598
G01 X-56.24649 Y15.15531
G01 X-56.34182 Y14.92514
G01 X-56.46635 Y14.70942
G01 X-56.61804 Y14.51175
G01 X-56.79421 Y14.33558
G01 X-56.99185 Y14.18392
G01 X-57.20757 Y14.05938
G01 X-57.43777 Y13.96403
G01 X-57.67841 Y13.89954
G01 X-57.92543 Y13.86703
G01 X-58.17453 Y13.86703
G01 X-58.42154 Y13.89954
G01 X-58.66218 Y13.96403
G01 X-58.89233 Y14.05938
G01 X-59.10810 Y14.18394
G01 X-59.30577 Y14.33558
G01 X-59.48192 Y14.51175
G01 X-59.63358 Y14.70942
G01 X-59.75814 Y14.92516
G01 X-59.85347 Y15.15531
G01 X-59.91796 Y15.39595
G01 X-59.95047 Y15.64297
G01 X-59.95047 Y15.89209
G01 X-59.91796 Y16.13908
G01 X-59.85347 Y16.37972
G01 X-59.75812 Y16.60992
G01 X-59.69147 Y16.72539
G01 X-59.63358 Y16.82564
G01 X-59.48192 Y17.02331
G01 X-59.30577 Y17.19948
G01 X-59.10810 Y17.35112
G01 X-58.89233 Y17.47568
G01 X-58.66218 Y17.57103
G01 X-58.42152 Y17.63550
G01 X-58.17453 Y17.66801
G01 X-57.92576 Y17.66801
G01 X-57.64783 Y17.63067
G01 X-57.53600 Y17.63334
G01 X-57.47598 Y17.65096
G01 X-57.38441 Y17.70789
G01 X-51.79537 Y23.29563
G01 X-51.76700 Y23.33134
G01 X-51.72326 Y23.41125
G01 X-51.70748 Y23.45768
G01 X-51.70047 Y23.52471
G01 X-51.70179 Y28.46936
G01 X-51.72826 Y28.56994
G01 X-51.74937 Y28.61769
G01 X-51.76776 Y28.64312
G01 X-51.84236 Y28.72255
G01 X-51.87408 Y28.74977
G01 X-51.96250 Y28.79902
G01 X-52.02199 Y28.81691
G01 X-52.05308 Y28.81871
G01 X-52.14345 Y28.81221
G01 X-52.19354 Y28.79925
G01 X-52.23016 Y28.77987
G01 X-52.29455 Y28.73202
G01 X-52.33695 Y28.68886
G01 X-52.36105 Y28.64457
G01 X-52.39234 Y28.55049
G01 X-52.39831 Y28.51894
G01 X-52.39948 Y25.44666
G01 X-52.42166 Y25.30668
G01 X-52.46547 Y25.17185
G01 X-52.52981 Y25.04554
G01 X-52.61312 Y24.93088
G01 X-61.10467 Y16.43885
G01 X-61.12519 Y16.41144
G01 X-61.16919 Y16.33095
G01 X-61.18052 Y16.30172
G01 X-61.18824 Y16.26065
G01 X-61.18689 Y16.17020
G01 X-61.14948 Y15.89168
G01 X-61.14948 Y15.64297
G01 X-61.18199 Y15.39598
G01 X-61.24648 Y15.15531
G01 X-61.34183 Y14.92516
G01 X-61.46639 Y14.70939
G01 X-61.61803 Y14.51175
G01 X-61.79418 Y14.33558
G01 X-61.99184 Y14.18394
G01 X-62.20762 Y14.05938
G01 X-62.43776 Y13.96403
G01 X-62.67840 Y13.89954
G01 X-62.92542 Y13.86703
G01 X-63.17452 Y13.86703
G01 X-63.42153 Y13.89954
G01 X-63.66217 Y13.96403
G01 X-63.89235 Y14.05938
G01 X-64.10812 Y14.18394
G01 X-64.30573 Y14.33558
G01 X-64.48191 Y14.51175
G01 X-64.63359 Y14.70942
G01 X-64.75813 Y14.92514
G01 X-64.85346 Y15.15531
G01 X-64.91795 Y15.39595
G01 X-64.95046 Y15.64297
G01 X-64.95046 Y15.89209
G01 X-64.91795 Y16.13908
G01 X-64.85346 Y16.37972
G01 X-64.75813 Y16.60992
G01 X-64.63359 Y16.82564
G01 X-64.48191 Y17.02331
G01 X-64.30573 Y17.19948
G01 X-64.10812 Y17.35112
G01 X-63.89232 Y17.47568
G01 X-63.66217 Y17.57103
G01 X-63.42153 Y17.63550
G01 X-63.17454 Y17.66801
G01 X-62.92577 Y17.66801
G01 X-62.64782 Y17.63067
G01 X-62.53599 Y17.63334
G01 X-62.49532 Y17.64299
G01 X-62.46662 Y17.65569
G01 X-62.37721 Y17.71411
G01 X-54.28754 Y25.80393
G01 X-54.26704 Y25.83131
G01 X-54.22328 Y25.91125
G01 X-54.20573 Y25.96736
G01 X-54.20047 Y26.02471
G01 X-54.20179 Y26.30386
G01 X-54.22828 Y26.40444
G01 X-54.24919 Y26.45184
G01 X-54.28155 Y26.49225
G01 X-54.35838 Y26.55775
G01 X-54.38518 Y26.57355
G01 X-54.42412 Y26.58778
G01 X-54.54466 Y26.60378
G01 X-54.60588 Y26.59337
G01 X-54.69821 Y26.55206
G01 X-54.73321 Y26.52885
G01 X-54.75584 Y26.50688
G01 X-54.79691 Y26.45501
G01 X-54.82010 Y26.41490
G01 X-54.91655 Y26.29662
G01 X-55.03486 Y26.20015
G01 X-55.17014 Y26.12948
G01 X-55.31812 Y26.08714
G01 X-55.40372 Y26.07955
G01 X-57.19625 Y26.07955
G01 X-57.28184 Y26.08714
G01 X-57.42982 Y26.12948
G01 X-57.56510 Y26.20015
G01 X-57.68339 Y26.29662
G01 X-57.77986 Y26.41490
G01 X-57.86640 Y26.58679
G01 X-57.91537 Y26.66426
G01 X-57.94273 Y26.69545
G01 X-57.98497 Y26.72542
G01 X-58.06706 Y26.76360
G01 X-58.10651 Y26.77497
G01 X-58.16046 Y26.77955
G01 X-81.97953 Y26.77955
G01 X-82.02482 Y26.77434
G01 X-82.11278 Y26.74856
G01 X-82.15030 Y26.73083
G01 X-82.18332 Y26.70576
G01 X-82.26107 Y26.61437
G01 X-82.28746 Y26.55397
G01 X-82.36010 Y26.41490
G01 X-82.45655 Y26.29662
G01 X-82.57486 Y26.20015
G01 X-82.71014 Y26.12948
G01 X-82.85812 Y26.08714
G01 X-82.94372 Y26.07955
G01 X-84.73625 Y26.07955
G01 X-84.82184 Y26.08714
G01 X-84.96983 Y26.12948
G01 X-85.10511 Y26.20015
G01 X-85.22339 Y26.29662
G01 X-85.31986 Y26.41490
G01 X-85.38557 Y26.53439
G01 X-85.45672 Y26.60967
G01 X-85.48235 Y26.62989
G01 X-85.52098 Y26.64985
G01 X-85.60312 Y26.67287
G01 X-85.64402 Y26.67927
G01 X-93.83872 Y26.67955
G01 X-93.99427 Y26.70416
G01 X-94.14403 Y26.75283
G01 X-94.28436 Y26.82433
G01 X-94.41177 Y26.91688
G01 X-97.56779 Y30.07108
G01 X-97.59632 Y30.09001
G01 X-97.68603 Y30.13621
G01 X-97.72629 Y30.14606
G01 X-97.76774 Y30.14743
G01 X-97.84775 Y30.14144
G01 X-97.89789 Y30.12846
G01 X-97.93454 Y30.10908
G01 X-98.01491 Y30.04792
G01 X-98.04227 Y30.01678
G01 X-98.05824 Y29.99006
G01 X-98.09952 Y29.87560
G01 X-98.10234 Y29.81358
G01 X-98.08410 Y29.72480
G01 X-98.06243 Y29.66829
G01 X-97.99362 Y29.57002
G01 X-97.90744 Y29.40085
G01 X-97.84902 Y29.22112
G01 X-97.82456 Y29.08246
G01 X-97.77780 Y28.98521
G01 X-97.74821 Y28.94215
G01 X-85.55232 Y16.74772
G01 X-85.44224 Y16.68571
G01 X-85.39919 Y16.67355
G01 X-85.34028 Y16.66801
G01 X-75.26179 Y16.66834
G01 X-75.22791 Y16.67322
G01 X-75.14985 Y16.69582
G01 X-75.10248 Y16.71670
G01 X-75.06207 Y16.74904
G01 X-74.99685 Y16.82546
G01 X-74.97322 Y16.87012
G01 X-74.95636 Y16.92993
G01 X-74.94287 Y17.04939
G01 X-74.90053 Y17.19735
G01 X-74.82984 Y17.33265
G01 X-74.73337 Y17.45094
G01 X-74.61508 Y17.54741
G01 X-74.47983 Y17.61807
G01 X-74.33182 Y17.66041
G01 X-74.24622 Y17.66801
G01 X-71.85372 Y17.66801
G01 X-71.76812 Y17.66041
G01 X-71.62014 Y17.61807
G01 X-71.48486 Y17.54741
G01 X-71.36655 Y17.45094
G01 X-71.27011 Y17.33265
G01 X-71.19942 Y17.19735
G01 X-71.15708 Y17.04939
G01 X-71.14948 Y16.96379
G01 X-71.14948 Y14.72372
G01 X-71.14654 Y14.68963
G01 X-71.11849 Y14.59047
G01 X-71.10079 Y14.55298
G01 X-71.06846 Y14.51257
G01 X-71.00798 Y14.45979
G01 X-70.97397 Y14.43601
G01 X-70.92578 Y14.41699
G01 X-70.83627 Y14.40302
G01 X-70.79594 Y14.40134
G01 X-70.76592 Y14.40543
G01 X-70.72749 Y14.41785
G01 X-70.63884 Y14.46225
G01 X-70.60414 Y14.48727
G01 X-70.00313 Y15.08788
G01 X-69.97476 Y15.12361
G01 X-69.93551 Y15.19481
G01 X-69.91669 Y15.24350
G01 X-69.91113 Y15.29542
G01 X-69.91428 Y15.37591
G01 X-69.95047 Y15.64332
G01 X-69.95047 Y15.89209
G01 X-69.91796 Y16.13908
G01 X-69.85347 Y16.37972
G01 X-69.75812 Y16.60989
G01 X-69.63356 Y16.82567
G01 X-69.48192 Y17.02331
G01 X-69.30575 Y17.19948
G01 X-69.10811 Y17.35112
G01 X-68.89234 Y17.47568
G01 X-68.66219 Y17.57103
G01 X-68.42152 Y17.63550
G01 X-68.17453 Y17.66801
G01 X-67.92541 Y17.66801
G01 X-67.67842 Y17.63550
G01 X-67.43778 Y17.57103
G01 X-67.20760 Y17.47568
G01 X-66.99186 Y17.35114
G01 X-66.79419 Y17.19945
G01 X-66.61802 Y17.02328
G01 X-66.46638 Y16.82567
G01 X-66.34182 Y16.60989
G01 X-66.24647 Y16.37972
G01 X-66.18200 Y16.13908
G01 X-66.14949 Y15.89207
G01 X-66.14949 Y15.64297
G01 X-66.18200 Y15.39598
G01 X-66.24647 Y15.15531
G01 X-66.34182 Y14.92516
G01 X-66.46638 Y14.70939
G01 X-66.61799 Y14.51180
G01 X-66.79488 Y14.33505
G01 X-66.99183 Y14.18394
G01 X-67.20760 Y14.05938
G01 X-67.43778 Y13.96403
G01 X-67.67842 Y13.89954
G01 X-67.92541 Y13.86703
G01 X-68.17418 Y13.86703
G01 X-68.45208 Y13.90436
G01 X-68.55345 Y13.90281
G01 X-68.58446 Y13.89799
G01 X-68.62391 Y13.88412
G01 X-68.71555 Y13.82720
G01 X-70.19038 Y12.35362
G01 X-70.21875 Y12.31790
G01 X-70.26696 Y12.22801
G01 X-70.28057 Y12.17808
G01 X-70.28240 Y12.14701
G01 X-70.27595 Y12.05659
G01 X-70.25883 Y11.99692
G01 X-70.24357 Y11.96977
G01 X-70.18923 Y11.89723
G01 X-70.15121 Y11.86208
G01 X-70.10547 Y11.83787
G01 X-70.03036 Y11.81013
G01 X-69.99048 Y11.80188
G01 X-27.34860 Y11.80051
G01 X-27.30329 Y11.80571
G01 X-27.22521 Y11.82832
G01 X-27.19387 Y11.84046
G01 X-27.16501 Y11.85768
G01 X-27.11950 Y11.89543
G01 X-18.88537 Y20.12955
G01 X-18.85700 Y20.16529
G01 X-18.80816 Y20.25673
G01 X-18.79599 Y20.29973
G01 X-18.79046 Y20.35863
G01 X-18.79178 Y33.74331
G01 X-18.82144 Y33.85380
G01 X-18.83399 Y33.88228
G01 X-18.85733 Y33.91659
G01 X-18.94773 Y33.99680
G01 X-18.98250 Y34.01641
G01 X-19.02045 Y34.02876
G01 X-19.08248 Y34.04194
G01 X-19.11448 Y34.04453
G01 X-20.28238 Y34.04453
G01 X-20.36086 Y34.05047
G01 X-20.49830 Y34.08954
G01 X-20.61974 Y34.16577
G01 X-20.70302 Y34.25421
G01 X-20.76520 Y34.36452
G01 X-20.78888 Y34.43536
G01 X-20.80546 Y34.57214
G01 X-20.80579 Y37.18428
G01 X-20.81067 Y37.21816
G01 X-20.84077 Y37.31737
G01 X-20.86264 Y37.35644
G01 X-20.89299 Y37.39418
G01 X-32.21138 Y48.71252
G01 X-32.24865 Y48.73881
G01 X-32.31936 Y48.77706
G01 X-32.34885 Y48.78842
G01 X-32.64224 Y48.82952
G01 X-32.86386 Y48.88893
G01 X-33.07587 Y48.97671
G01 X-33.27460 Y49.09142
G01 X-33.45664 Y49.23109
G01 X-33.61890 Y49.39334
G01 X-33.75857 Y49.57541
G01 X-33.87331 Y49.77414
G01 X-33.96111 Y49.98613
G01 X-34.02052 Y50.20780
G01 X-34.05047 Y50.43530
G01 X-34.05047 Y51.16474
G01 X-34.02052 Y51.39227
G01 X-33.96111 Y51.61391
G01 X-33.87331 Y51.82593
G01 X-33.75857 Y52.02466
G01 X-33.61890 Y52.20670
G01 X-33.45664 Y52.36895
G01 X-33.27460 Y52.50863
G01 X-33.07587 Y52.62336
G01 X-32.86386 Y52.71117
G01 X-32.64222 Y52.77058
G01 X-32.41474 Y52.80050
G01 X-32.18522 Y52.80050
G01 X-31.95774 Y52.77058
G01 X-31.73607 Y52.71117
G01 X-31.52406 Y52.62336
G01 X-31.32533 Y52.50863
G01 X-31.14331 Y52.36895
G01 X-30.98106 Y52.20670
G01 X-30.84133 Y52.02461
G01 X-30.72663 Y51.82590
G01 X-30.63882 Y51.61391
G01 X-30.57943 Y51.39225
G01 X-30.54949 Y51.16477
G01 X-30.54916 Y50.71079
G01 X-30.54428 Y50.67691
G01 X-30.52170 Y50.59883
G01 X-30.50222 Y50.55382
G01 X-30.45457 Y50.49311
G01 X-29.40705 Y49.44605
G01 X-29.37964 Y49.42553
G01 X-29.29922 Y49.38156
G01 X-29.27022 Y49.37031
G01 X-29.22950 Y49.36256
G01 X-29.11835 Y49.36833
G01 X-29.07794 Y49.37767
G01 X-29.03156 Y49.40069
G01 X-28.95899 Y49.45499
G01 X-28.93006 Y49.48471
G01 X-28.90783 Y49.51976
G01 X-28.87182 Y49.61407
G01 X-28.86354 Y49.65456
G01 X-28.86377 Y49.69588
G01 X-28.87931 Y49.78506
G01 X-28.96112 Y49.98613
G01 X-29.02051 Y50.20780
G01 X-29.05045 Y50.43530
G01 X-29.05045 Y51.16474
G01 X-29.02051 Y51.39227
G01 X-28.96112 Y51.61391
G01 X-28.87332 Y51.82593
G01 X-28.75861 Y52.02463
G01 X-28.61888 Y52.20670
G01 X-28.45665 Y52.36895
G01 X-28.27459 Y52.50863
G01 X-28.07586 Y52.62336
G01 X-27.86387 Y52.71117
G01 X-27.64220 Y52.77058
G01 X-27.41472 Y52.80050
G01 X-27.18521 Y52.80050
G01 X-26.95775 Y52.77058
G01 X-26.73608 Y52.71117
G01 X-26.52407 Y52.62336
G01 X-26.32534 Y52.50863
G01 X-26.14330 Y52.36895
G01 X-25.98104 Y52.20670
G01 X-25.84137 Y52.02463
G01 X-25.72664 Y51.82590
G01 X-25.63883 Y51.61391
G01 X-25.58389 Y51.40891
G01 X-25.54950 Y51.16477
G01 X-25.54950 Y50.43530
G01 X-25.57944 Y50.20780
G01 X-25.63883 Y49.98613
G01 X-25.72664 Y49.77414
G01 X-25.84134 Y49.57544
G01 X-25.98104 Y49.39337
G01 X-26.14332 Y49.23111
G01 X-26.32537 Y49.09139
G01 X-26.52407 Y48.97671
G01 X-26.73608 Y48.88893
G01 X-26.95775 Y48.82952
G01 X-27.18526 Y48.79954
G01 X-27.41469 Y48.79954
G01 X-27.64220 Y48.82952
G01 X-27.86387 Y48.88893
G01 X-28.07565 Y48.97341
G01 X-28.19874 Y48.98552
G01 X-28.22963 Y48.98161
G01 X-28.26913 Y48.96901
G01 X-28.35909 Y48.92314
G01 X-28.39879 Y48.88982
G01 X-28.41802 Y48.86530
G01 X-28.45917 Y48.79644
G01 X-28.47959 Y48.74885
G01 X-28.48711 Y48.69766
G01 X-28.48388 Y48.60711
G01 X-28.47880 Y48.57651
G01 X-28.46001 Y48.52840
G01 X-28.41152 Y48.45202
G01 X-18.11484 Y38.15522
G01 X-18.00476 Y38.09322
G01 X-17.96170 Y38.08105
G01 X-17.91352 Y38.07582
G01 X-15.29752 Y38.07551
G01 X-15.21855 Y38.06954
G01 X-15.08785 Y38.03312
G01 X-15.06958 Y38.02499
G01 X-14.96021 Y37.95428
G01 X-14.87692 Y37.86581
G01 X-14.81475 Y37.75555
G01 X-14.79107 Y37.68468
G01 X-14.77449 Y37.54793
G01 X-14.77449 Y34.56759
G01 X-14.78046 Y34.48860
G01 X-14.81688 Y34.35789
G01 X-14.82501 Y34.33963
G01 X-14.89572 Y34.23028
G01 X-14.98419 Y34.14699
G01 X-15.09445 Y34.08479
G01 X-15.16532 Y34.06112
G01 X-15.30207 Y34.04453
G01 X-16.47690 Y34.04420
G01 X-16.51078 Y34.03932
G01 X-16.58886 Y34.01672
G01 X-16.62721 Y34.00100
G01 X-16.66150 Y33.97768
G01 X-16.74174 Y33.88728
G01 X-16.76849 Y33.83381
G01 X-16.78833 Y33.74189
G01 X-16.78949 Y19.73128
G01 X-16.81411 Y19.57573
G01 X-16.86277 Y19.42597
G01 X-16.93427 Y19.28566
G01 X-17.02683 Y19.15825
G01 X-26.14820 Y10.03688
G01 X-26.27561 Y9.94433
G01 X-26.41592 Y9.87282
G01 X-26.56567 Y9.82416
G01 X-26.72122 Y9.79955
G01 X-91.95874 Y9.79955
G01 X-92.11426 Y9.82416
G01 X-92.26404 Y9.87282
G01 X-92.40433 Y9.94433
G01 X-92.53176 Y10.03688
G01 X-106.10313 Y23.60823
G01 X-106.19569 Y23.73564
G01 X-106.26717 Y23.87597
G01 X-106.31583 Y24.02576
G01 X-106.34047 Y24.18128
G01 X-106.34047 Y30.33877
G01 X-106.31583 Y30.49430
G01 X-106.26717 Y30.64408
G01 X-106.19567 Y30.78439
G01 X-106.13389 Y30.87441
G01 X-106.09831 Y30.97113
G01 X-106.09000 Y31.02224
G01 X-106.09511 Y31.07375
G01 X-106.11355 Y31.15185
G01 X-106.12447 Y31.18101
G01 X-106.15223 Y31.22470
G01 X-106.22424 Y31.29577
G01 X-106.25873 Y31.32003
G01 X-106.28751 Y31.33316
G01 X-106.37507 Y31.35576
G01 X-106.41372 Y31.35955
G01 X-116.91086 Y31.35955
G01 X-117.05086 Y31.38170
G01 X-117.18564 Y31.42549
G01 X-117.31192 Y31.48985
G01 X-117.42661 Y31.57316
G01 X-118.02683 Y32.17339
G01 X-118.11014 Y32.28805
G01 X-118.17448 Y32.41436
G01 X-118.21830 Y32.54918
G01 X-118.24047 Y32.68916
G01 X-118.24047 Y44.87095
G01 X-118.21830 Y45.01088
G01 X-118.17451 Y45.14570
G01 X-118.11014 Y45.27202
G01 X-118.02683 Y45.38667
G01 X-114.61897 Y48.79454
G01 X-114.59059 Y48.83028
G01 X-114.54688 Y48.91014
G01 X-114.53611 Y48.93729
G01 X-114.51096 Y49.08100
G01 X-114.45252 Y49.26086
G01 X-114.36674 Y49.42923
G01 X-114.28470 Y49.54714
G01 X-114.25232 Y49.63396
G01 X-114.24282 Y49.67191
G01 X-114.24178 Y51.41562
G01 X-114.27576 Y51.53733
G01 X-114.29763 Y51.57640
G01 X-114.32798 Y51.61414
G01 X-116.48683 Y53.77340
G01 X-116.57014 Y53.88805
G01 X-116.63451 Y54.01434
G01 X-116.67830 Y54.14916
G01 X-116.70047 Y54.28914
G01 X-116.70047 Y56.31281
G01 X-116.70568 Y56.35813
G01 X-116.72828 Y56.43621
G01 X-116.74042 Y56.46755
G01 X-116.75765 Y56.49640
G01 X-116.79539 Y56.54192
G01 X-120.23684 Y59.98339
G01 X-120.32015 Y60.09805
G01 X-120.39881 Y60.24953
G01 X-120.47534 Y60.33450
G01 X-120.50816 Y60.35987
G01 X-120.55538 Y60.38121
G01 X-120.65360 Y60.40470
G01 X-120.71563 Y60.40366
G01 X-120.83117 Y60.36571
G01 X-120.86683 Y60.34453
G01 X-120.89736 Y60.31644
G01 X-120.95388 Y60.24527
G01 X-120.97468 Y60.20823
G01 X-120.98718 Y60.16764
G01 X-120.99998 Y60.08273
G01 X-120.99998 Y0.92402
G01 X-120.99477 Y0.87874
G01 X-120.96531 Y0.78105
G01 X-120.94567 Y0.74452
G01 X-120.91123 Y0.70581
G01 X-120.85070 Y0.65372
G01 X-120.80793 Y0.62814
G01 X-120.71847 Y0.60459
G01 X-120.67598 Y0.60002
G01 X-0.92399 Y0.60002
G01 X-0.86766 Y0.60812
G01 X-0.79069 Y0.63101
G01 X-0.76222 Y0.64356
G01 X-0.72016 Y0.67378
G01 X-0.66001 Y0.74158
G01 X-0.63702 Y0.77419
G01 X-0.62097 Y0.81074
G01 X-0.60256 Y0.89204
G01 X-0.59997 Y0.92402
G01 X-0.59997 Y120.67601
G01 X-0.60807 Y120.73234
G01 X-0.63095 Y120.80931
G01 X-0.64350 Y120.83778
G01 X-0.67373 Y120.87984
G01 X-0.74152 Y120.93999
G01 X-0.77413 Y120.96298
G01 X-0.81068 Y120.97903
G01 X-0.89199 Y120.99744
G01 X-0.92399 Y121.00003
G01 X-120.67598 Y121.00003
G01 X-120.72126 Y120.99483
G01 X-120.79934 Y120.97225
G01 X-120.85548 Y120.94573
G01 X-120.89419 Y120.91129
G01 X-120.94628 Y120.85076
G01 X-120.96292 Y120.82587
G01 X-120.98184 Y120.77974
G01 X-120.99739 Y120.70801
G01 X-120.99998 Y120.67601
G01 X-120.99998 Y102.13731
G01 X-120.99185 Y102.08097
G01 X-120.96899 Y102.00406
G01 X-120.95129 Y101.96657
G01 X-120.91895 Y101.92616
G01 X-120.85045 Y101.86680
G01 X-120.82447 Y101.84960
G01 X-120.76615 Y101.82829
G01 X-120.67646 Y101.81541
G01 X-120.63503 Y101.81595
G01 X-120.58487 Y101.82857
G01 X-120.51174 Y101.86164
G01 X-120.48385 Y101.87716
G01 X-120.45878 Y101.89692
G01 X-120.39683 Y101.97355
G01 X-120.32015 Y102.12199
G01 X-120.23684 Y102.23667
G01 X-116.98660 Y105.48688
G01 X-116.87195 Y105.57019
G01 X-116.74566 Y105.63456
G01 X-116.61083 Y105.67835
G01 X-116.47085 Y105.70052
G01 X-114.19857 Y105.70184
G01 X-114.08808 Y105.73151
G01 X-114.04185 Y105.75483
G01 X-114.00314 Y105.78927
G01 X-113.95082 Y105.85010
G01 X-113.92885 Y105.88523
G01 X-113.91061 Y105.94451
G01 X-113.89943 Y106.02397
G01 X-113.89997 Y106.06544
G01 X-113.91668 Y106.12524
G01 X-113.95008 Y106.19780
G01 X-113.97195 Y106.23128
G01 X-114.02189 Y106.27969
G01 X-114.23891 Y106.43776
G01 X-114.57055 Y106.72102
G01 X-114.87899 Y107.02942
G01 X-115.16222 Y107.36107
G01 X-115.41861 Y107.71393
G01 X-115.64650 Y108.08584
G01 X-115.84452 Y108.47448
G01 X-116.01142 Y108.87743
G01 X-116.14619 Y109.29221
G01 X-116.24802 Y109.71634
G01 X-116.31624 Y110.14715
G01 X-116.35046 Y110.58194
G01 X-116.35046 Y111.01811
G01 X-116.31624 Y111.45291
G01 X-116.24802 Y111.88369
G01 X-116.14619 Y112.30782
G01 X-116.01142 Y112.72263
G01 X-115.84452 Y113.12558
G01 X-115.64650 Y113.51422
G01 X-115.41861 Y113.88610
G01 X-115.16222 Y114.23899
G01 X-114.87899 Y114.57061
G01 X-114.57055 Y114.87904
G01 X-114.23891 Y115.16230
G01 X-113.88605 Y115.41866
G01 X-113.51417 Y115.64655
G01 X-113.12552 Y115.84455
G01 X-112.72258 Y116.01147
G01 X-112.30777 Y116.14625
G01 X-111.88364 Y116.24808
G01 X-111.45286 Y116.31630
G01 X-111.01806 Y116.35051
G01 X-110.58189 Y116.35051
G01 X-110.14707 Y116.31630
G01 X-109.71628 Y116.24808
G01 X-109.29215 Y116.14625
G01 X-108.87737 Y116.01147
G01 X-108.47443 Y115.84457
G01 X-108.08578 Y115.64653
G01 X-107.71390 Y115.41864
G01 X-107.36102 Y115.16228
G01 X-107.02939 Y114.87902
G01 X-106.72096 Y114.57058
G01 X-106.43770 Y114.23896
G01 X-106.18134 Y113.88610
G01 X-105.95345 Y113.51422
G01 X-105.75543 Y113.12558
G01 X-105.58853 Y112.72263
G01 X-105.45376 Y112.30782
G01 X-105.35193 Y111.88369
G01 X-105.28370 Y111.45291
G01 X-105.24949 Y111.01811
G01 X-105.24949 Y110.58194
G01 X-105.28370 Y110.14715
G01 X-105.35193 Y109.71634
G01 X-105.45376 Y109.29221
G01 X-105.58853 Y108.87743
G01 X-105.75543 Y108.47448
G01 X-105.95345 Y108.08584
G01 X-106.18134 Y107.71395
G01 X-106.43770 Y107.36110
G01 X-106.72096 Y107.02945
G01 X-107.02939 Y106.72102
G01 X-107.36102 Y106.43778
G01 X-107.57809 Y106.27967
G01 X-107.60262 Y106.25584
G01 X-107.66432 Y106.17459
G01 X-107.68235 Y106.13722
G01 X-107.69226 Y106.09694
G01 X-107.70001 Y106.00662
G01 X-107.69503 Y105.95508
G01 X-107.68162 Y105.91586
G01 X-107.63376 Y105.82691
G01 X-107.60724 Y105.79501
G01 X-107.57473 Y105.76928
G01 X-107.49617 Y105.72491
G01 X-107.46846 Y105.71355
G01 X-107.43938 Y105.70644
G01 X-107.37859 Y105.70052
G01 X-83.72911 Y105.70052
G01 X-83.58913 Y105.67835
G01 X-83.45428 Y105.63453
G01 X-83.32799 Y105.57019
G01 X-83.21334 Y105.48688
G01 X-70.52187 Y92.79544
G01 X-70.49571 Y92.77340
G01 X-70.38814 Y92.71564
G01 X-70.35014 Y92.70578
G01 X-70.29279 Y92.70052
G01 X-69.06630 Y92.70052
G01 X-69.02099 Y92.70573
G01 X-68.93298 Y92.73151
G01 X-68.89538 Y92.74929
G01 X-68.87004 Y92.76755
G01 X-68.79960 Y92.84147
G01 X-68.67004 Y93.06042
G01 X-68.49348 Y93.28919
G01 X-68.28914 Y93.49354
G01 X-68.06036 Y93.67007
G01 X-67.81086 Y93.81591
G01 X-67.54479 Y93.92861
G01 X-67.26648 Y94.00639
G01 X-66.97814 Y94.04827
G01 X-66.61873 Y94.04781
G01 X-66.33346 Y94.00639
G01 X-66.05516 Y93.92861
G01 X-65.78909 Y93.81591
G01 X-65.53959 Y93.67007
G01 X-65.31081 Y93.49354
G01 X-65.10647 Y93.28919
G01 X-64.92991 Y93.06042
G01 X-64.78411 Y92.81094
G01 X-64.67139 Y92.54485
G01 X-64.59361 Y92.26654
G01 X-64.55219 Y91.98127
G01 X-64.54952 Y91.67731
G01 X-64.55173 Y91.62186
G01 X-64.56865 Y91.48511
G01 X-64.55513 Y91.38300
G01 X-64.53413 Y91.32506
G01 X-64.47510 Y91.24363
G01 X-63.84614 Y90.61467
G01 X-63.73045 Y90.45544
G01 X-63.64109 Y90.28006
G01 X-63.58028 Y90.09286
G01 X-63.54950 Y89.89845
G01 X-63.54950 Y88.87142
G01 X-63.54429 Y88.82613
G01 X-63.51841 Y88.73784
G01 X-63.49405 Y88.69029
G01 X-63.36911 Y88.55720
G01 X-63.21638 Y88.35814
G01 X-63.09181 Y88.14239
G01 X-62.99649 Y87.91224
G01 X-62.93200 Y87.67163
G01 X-62.89949 Y87.42456
G01 X-62.89949 Y87.17549
G01 X-62.93200 Y86.92847
G01 X-62.99649 Y86.68783
G01 X-63.09181 Y86.45763
G01 X-63.21635 Y86.24191
G01 X-63.36804 Y86.04427
G01 X-63.54421 Y85.86810
G01 X-63.74185 Y85.71641
G01 X-63.95757 Y85.59188
G01 X-64.18777 Y85.49652
G01 X-64.42841 Y85.43206
G01 X-64.67543 Y85.39955
G01 X-64.92453 Y85.39955
G01 X-65.17154 Y85.43206
G01 X-65.41218 Y85.49652
G01 X-65.64233 Y85.59188
G01 X-65.85810 Y85.71644
G01 X-66.05577 Y85.86807
G01 X-66.23191 Y86.04425
G01 X-66.38358 Y86.24191
G01 X-66.50814 Y86.45766
G01 X-66.60347 Y86.68781
G01 X-66.66796 Y86.92847
G01 X-66.70047 Y87.17546
G01 X-66.70047 Y87.42459
G01 X-66.66796 Y87.67158
G01 X-66.60347 Y87.91224
G01 X-66.50811 Y88.14239
G01 X-66.38355 Y88.35816
G01 X-66.23191 Y88.55580
G01 X-66.12330 Y88.66853
G01 X-66.07268 Y88.75926
G01 X-66.05813 Y88.80152
G01 X-66.05046 Y88.87142
G01 X-66.05071 Y89.15783
G01 X-66.05444 Y89.18755
G01 X-66.07184 Y89.25671
G01 X-66.08967 Y89.30236
G01 X-66.13260 Y89.36289
G01 X-66.24355 Y89.47515
G01 X-66.27931 Y89.50353
G01 X-66.35051 Y89.54277
G01 X-66.38853 Y89.55870
G01 X-66.41876 Y89.56530
G01 X-66.50738 Y89.56804
G01 X-66.62186 Y89.55179
G01 X-66.67817 Y89.54953
G01 X-66.92178 Y89.54953
G01 X-66.97812 Y89.55179
G01 X-67.26648 Y89.59367
G01 X-67.54479 Y89.67145
G01 X-67.81088 Y89.78417
G01 X-68.06036 Y89.92997
G01 X-68.28914 Y90.10652
G01 X-68.49348 Y90.31087
G01 X-68.67004 Y90.53962
G01 X-68.78655 Y90.73901
G01 X-68.80631 Y90.76700
G01 X-68.88870 Y90.84503
G01 X-68.91492 Y90.86197
G01 X-68.95335 Y90.87782
G01 X-69.03117 Y90.89641
G01 X-69.06630 Y90.89954
G01 X-70.87084 Y90.89954
G01 X-71.01085 Y90.92171
G01 X-71.14565 Y90.96550
G01 X-71.27194 Y91.02984
G01 X-71.38662 Y91.11315
G01 X-84.07808 Y103.80462
G01 X-84.12360 Y103.83870
G01 X-84.19365 Y103.87673
G01 X-84.23053 Y103.89029
G01 X-84.30719 Y103.89954
G01 X-115.90418 Y103.89920
G01 X-115.94909 Y103.89143
G01 X-116.04373 Y103.86138
G01 X-116.07759 Y103.84150
G01 X-116.12186 Y103.80462
G01 X-118.55457 Y101.37190
G01 X-118.58294 Y101.33619
G01 X-118.63178 Y101.24478
G01 X-118.64395 Y101.20172
G01 X-118.64949 Y101.14280
G01 X-118.64817 Y61.05443
G01 X-118.61418 Y60.93272
G01 X-118.59231 Y60.89365
G01 X-118.55457 Y60.84814
G01 X-115.11312 Y57.40666
G01 X-115.02981 Y57.29198
G01 X-114.96545 Y57.16569
G01 X-114.92166 Y57.03090
G01 X-114.89948 Y56.89089
G01 X-114.89915 Y54.85582
G01 X-114.89428 Y54.82193
G01 X-114.86524 Y54.72529
G01 X-114.84703 Y54.69049
G01 X-114.81190 Y54.64586
G01 X-113.71737 Y53.55140
G01 X-113.68011 Y53.52511
G01 X-113.60954 Y53.48691
G01 X-113.58054 Y53.47566
G01 X-113.52946 Y53.46730
G01 X-113.43898 Y53.47266
G01 X-113.39817 Y53.47990
G01 X-113.35971 Y53.49539
G01 X-113.25407 Y53.57444
G01 X-113.21816 Y53.62511
G01 X-113.17934 Y53.72918
G01 X-113.17289 Y53.77985
G01 X-113.17462 Y54.81002
G01 X-113.07498 Y54.81002
G01 X-113.07472 Y53.85455
G01 X-113.06817 Y53.81325
G01 X-113.05770 Y53.78366
G01 X-113.03680 Y53.74746
G01 X-113.01640 Y53.72359
G01 X-112.98392 Y53.69727
G01 X-112.95633 Y53.68231
G01 X-112.92674 Y53.67182
G01 X-112.88547 Y53.66529
G01 X-111.93998 Y53.66502
G01 X-111.93998 Y53.56532
G01 X-112.93810 Y53.56672
G01 X-112.97386 Y53.56354
G01 X-113.06283 Y53.54640
G01 X-113.10126 Y53.53078
G01 X-113.12750 Y53.51404
G01 X-113.19458 Y53.45308
G01 X-113.22184 Y53.42181
G01 X-113.24927 Y53.36613
G01 X-113.27167 Y53.27833
G01 X-113.27538 Y53.24744
G01 X-113.27086 Y53.19588
G01 X-113.24330 Y53.10959
G01 X-113.23073 Y53.07998
G01 X-113.20690 Y53.04434
G01 X-113.18074 Y53.01432
G01 X-112.65311 Y52.48666
G01 X-112.56980 Y52.37198
G01 X-112.50546 Y52.24571
G01 X-112.46167 Y52.11089
G01 X-112.43949 Y51.97091
G01 X-112.43916 Y49.69687
G01 X-112.43139 Y49.65197
G01 X-112.40144 Y49.55753
G01 X-112.38178 Y49.52393
G01 X-112.31331 Y49.42936
G01 X-112.22743 Y49.26086
G01 X-112.16903 Y49.08115
G01 X-112.13949 Y48.89451
G01 X-112.13949 Y48.70556
G01 X-112.16903 Y48.51890
G01 X-112.22743 Y48.33919
G01 X-112.31323 Y48.17087
G01 X-112.42428 Y48.01796
G01 X-112.55791 Y47.88433
G01 X-112.71079 Y47.77326
G01 X-112.87914 Y47.68748
G01 X-113.05885 Y47.62909
G01 X-113.20022 Y47.60374
G01 X-113.29329 Y47.56081
G01 X-113.33322 Y47.53269
G01 X-116.34457 Y44.52193
G01 X-116.37870 Y44.47634
G01 X-116.41726 Y44.40504
G01 X-116.43181 Y44.36272
G01 X-116.43949 Y44.29300
G01 X-116.43999 Y43.76021
G01 X-116.43949 Y33.48451
G01 X-116.43136 Y33.42817
G01 X-116.40850 Y33.35126
G01 X-116.39079 Y33.31377
G01 X-116.35846 Y33.27336
G01 X-116.27393 Y33.20272
G01 X-116.21919 Y33.17867
G01 X-116.14746 Y33.16310
G01 X-116.11548 Y33.16051
G01 X-109.66604 Y33.16084
G01 X-109.63216 Y33.16572
G01 X-109.55408 Y33.18830
G01 X-109.50668 Y33.20920
G01 X-109.46625 Y33.24159
G01 X-109.39500 Y33.32711
G01 X-109.37069 Y33.38421
G01 X-109.35487 Y33.49447
G01 X-109.35962 Y33.54613
G01 X-109.38342 Y33.62002
G01 X-109.27534 Y33.62002
G01 X-109.24542 Y33.56914
G01 X-109.20755 Y33.53320
G01 X-109.16165 Y33.50829
G01 X-109.10046 Y33.49528
G01 X-107.59000 Y33.49500
G01 X-107.52817 Y33.50481
G01 X-107.47242 Y33.53320
G01 X-107.42817 Y33.57745
G01 X-107.40328 Y33.62335
G01 X-107.39244 Y33.66373
G01 X-107.39000 Y33.69500
G01 X-107.39025 Y34.75548
G01 X-107.39681 Y34.79678
G01 X-107.40727 Y34.82637
G01 X-107.42817 Y34.86256
G01 X-107.44857 Y34.88644
G01 X-107.48106 Y34.91275
G01 X-107.50864 Y34.92771
G01 X-107.53823 Y34.93820
G01 X-107.57951 Y34.94473
G01 X-109.10046 Y34.94473
G01 X-109.15179 Y34.93523
G01 X-109.20755 Y34.90681
G01 X-109.24542 Y34.87087
G01 X-109.27531 Y34.82004
G01 X-109.38220 Y34.82004
G01 X-109.35598 Y34.89028
G01 X-109.32876 Y34.92718
G01 X-109.31237 Y34.95723
G01 X-109.28367 Y35.03325
G01 X-109.27328 Y35.07341
G01 X-109.27227 Y35.12517
G01 X-109.29050 Y35.21395
G01 X-109.30328 Y35.25291
G01 X-109.32373 Y35.28845
G01 X-109.44191 Y35.45225
G01 X-109.51534 Y35.59637
G01 X-109.56520 Y35.74989
G01 X-109.59045 Y35.90932
G01 X-109.59045 Y36.07074
G01 X-109.56520 Y36.23018
G01 X-109.49700 Y36.43112
G01 X-109.47831 Y36.54191
G01 X-109.47981 Y36.57303
G01 X-109.48926 Y36.61341
G01 X-109.52334 Y36.69738
G01 X-109.55118 Y36.74105
G01 X-109.58093 Y36.76990
G01 X-109.65466 Y36.82189
G01 X-109.70937 Y36.84595
G01 X-109.79068 Y36.85923
G01 X-109.99086 Y36.85954
G01 X-110.13086 Y36.88171
G01 X-110.26566 Y36.92550
G01 X-110.39192 Y36.98984
G01 X-110.50660 Y37.07315
G01 X-113.34279 Y39.90888
G01 X-113.38008 Y39.93517
G01 X-113.46802 Y39.98074
G01 X-113.50566 Y39.99060
G01 X-113.62095 Y40.00904
G01 X-113.80081 Y40.06748
G01 X-113.96916 Y40.15326
G01 X-114.12204 Y40.26433
G01 X-114.25567 Y40.39796
G01 X-114.36674 Y40.55084
G01 X-114.45252 Y40.71919
G01 X-114.51091 Y40.89890
G01 X-114.54045 Y41.08554
G01 X-114.54045 Y41.27451
G01 X-114.51091 Y41.46115
G01 X-114.45252 Y41.64086
G01 X-114.36674 Y41.80921
G01 X-114.25567 Y41.96209
G01 X-114.12204 Y42.09572
G01 X-113.96916 Y42.20680
G01 X-113.80081 Y42.29257
G01 X-113.62110 Y42.35097
G01 X-113.43446 Y42.38051
G01 X-113.24549 Y42.38051
G01 X-113.05885 Y42.35097
G01 X-112.87914 Y42.29257
G01 X-112.71077 Y42.20677
G01 X-112.59286 Y42.12475
G01 X-112.49674 Y42.08930
G01 X-112.44861 Y42.08096
G01 X-109.34720 Y42.08051
G01 X-109.30188 Y42.08571
G01 X-109.21313 Y42.11177
G01 X-109.17290 Y42.13141
G01 X-109.13404 Y42.16110
G01 X-108.92754 Y42.36641
G01 X-108.90704 Y42.39379
G01 X-108.86327 Y42.47370
G01 X-108.84748 Y42.52016
G01 X-108.84047 Y42.58721
G01 X-108.84047 Y43.68005
G01 X-108.83681 Y43.72046
G01 X-108.79975 Y43.83943
G01 X-108.77130 Y43.89648
G01 X-108.74786 Y43.98513
G01 X-108.74387 Y44.01599
G01 X-108.75040 Y44.07768
G01 X-108.78672 Y44.18292
G01 X-108.80292 Y44.20951
G01 X-108.83053 Y44.24047
G01 X-108.91954 Y44.31020
G01 X-108.95967 Y44.32775
G01 X-109.14671 Y44.38604
G01 X-109.27194 Y44.44987
G01 X-109.38662 Y44.53316
G01 X-110.52685 Y45.67341
G01 X-110.61016 Y45.78807
G01 X-110.67450 Y45.91438
G01 X-110.71829 Y46.04916
G01 X-110.74046 Y46.18916
G01 X-110.73998 Y48.83409
G01 X-110.71829 Y48.97092
G01 X-110.67450 Y49.10569
G01 X-110.61016 Y49.23198
G01 X-110.52685 Y49.34666
G01 X-103.92661 Y55.94690
G01 X-103.81193 Y56.03021
G01 X-103.68564 Y56.09455
G01 X-103.55084 Y56.13834
G01 X-103.41081 Y56.16054
G01 X-99.32176 Y56.16178
G01 X-99.28130 Y56.16595
G01 X-99.19197 Y56.19712
G01 X-99.13843 Y56.23069
G01 X-99.09817 Y56.27095
G01 X-99.05997 Y56.32252
G01 X-99.04356 Y56.35259
G01 X-99.02672 Y56.40014
G01 X-99.01638 Y56.46549
G01 X-99.01547 Y56.70255
G01 X-99.01181 Y56.74296
G01 X-98.97472 Y56.86194
G01 X-98.91186 Y56.96595
G01 X-98.82591 Y57.05190
G01 X-98.72189 Y57.11479
G01 X-98.60294 Y57.15185
G01 X-98.56253 Y57.15551
G01 X-95.67742 Y57.15551
G01 X-95.63701 Y57.15185
G01 X-95.51806 Y57.11479
G01 X-95.41403 Y57.05190
G01 X-95.32810 Y56.96597
G01 X-95.29556 Y56.91279
G01 X-95.27387 Y56.88629
G01 X-95.20630 Y56.82434
G01 X-95.18080 Y56.80649
G01 X-95.12312 Y56.78358
G01 X-95.01311 Y56.76684
G01 X-94.95169 Y56.77558
G01 X-94.86785 Y56.80992
G01 X-94.83153 Y56.82998
G01 X-94.80013 Y56.85711
G01 X-94.74126 Y56.93913
G01 X-94.72492 Y56.96796
G01 X-94.71095 Y57.00979
G01 X-94.70046 Y57.08998
G01 X-94.70046 Y76.88006
G01 X-94.70859 Y76.93642
G01 X-94.73145 Y77.01333
G01 X-94.74918 Y77.05085
G01 X-94.78921 Y77.09827
G01 X-94.85004 Y77.15059
G01 X-94.89462 Y77.17686
G01 X-94.93425 Y77.18905
G01 X-95.02396 Y77.20198
G01 X-95.06544 Y77.20144
G01 X-95.09599 Y77.19542
G01 X-95.19871 Y77.15082
G01 X-95.23526 Y77.12613
G01 X-95.29005 Y77.06494
G01 X-95.32810 Y77.00408
G01 X-95.41405 Y76.91813
G01 X-95.51806 Y76.85527
G01 X-95.63699 Y76.81821
G01 X-95.67742 Y76.81455
G01 X-98.56253 Y76.81455
G01 X-98.65339 Y76.82847
G01 X-98.73467 Y76.83012
G01 X-98.84742 Y76.81455
G01 X-100.77779 Y76.81455
G01 X-100.82308 Y76.80934
G01 X-100.93251 Y76.77460
G01 X-100.96136 Y76.75737
G01 X-101.00688 Y76.71963
G01 X-105.61334 Y72.11316
G01 X-105.72803 Y72.02985
G01 X-105.85429 Y71.96549
G01 X-105.98909 Y71.92170
G01 X-106.12909 Y71.89955
G01 X-114.37086 Y71.89955
G01 X-114.51086 Y71.92170
G01 X-114.64564 Y71.96549
G01 X-114.77192 Y72.02985
G01 X-114.88661 Y72.11316
G01 X-116.48683 Y73.71339
G01 X-116.57014 Y73.82804
G01 X-116.63448 Y73.95436
G01 X-116.67830 Y74.08918
G01 X-116.70047 Y74.22916
G01 X-116.70047 Y82.87090
G01 X-116.67830 Y83.01088
G01 X-116.63451 Y83.14570
G01 X-116.57014 Y83.27199
G01 X-116.48683 Y83.38667
G01 X-115.75313 Y84.12038
G01 X-115.72475 Y84.15611
G01 X-115.68551 Y84.22731
G01 X-115.66669 Y84.27600
G01 X-115.66113 Y84.32792
G01 X-115.66428 Y84.40841
G01 X-115.70047 Y84.67582
G01 X-115.70047 Y84.92459
G01 X-115.66796 Y85.17158
G01 X-115.60347 Y85.41222
G01 X-115.50812 Y85.64240
G01 X-115.38356 Y85.85817
G01 X-115.23192 Y86.05581
G01 X-115.05577 Y86.23198
G01 X-114.85811 Y86.38362
G01 X-114.64233 Y86.50818
G01 X-114.41218 Y86.60353
G01 X-114.17152 Y86.66800
G01 X-113.92453 Y86.70051
G01 X-113.67541 Y86.70051
G01 X-113.42842 Y86.66800
G01 X-113.18778 Y86.60353
G01 X-112.95760 Y86.50818
G01 X-112.74185 Y86.38364
G01 X-112.54419 Y86.23196
G01 X-112.36802 Y86.05578
G01 X-112.27432 Y85.93419
G01 X-112.24079 Y85.90330
G01 X-112.17584 Y85.85619
G01 X-112.12921 Y85.83371
G01 X-112.08869 Y85.82484
G01 X-111.99822 Y85.81946
G01 X-111.95694 Y85.82342
G01 X-111.92702 Y85.83198
G01 X-111.83782 Y85.87928
G01 X-111.79631 Y85.91026
G01 X-111.76418 Y85.95088
G01 X-111.72144 Y86.03155
G01 X-111.70546 Y86.08415
G01 X-111.70045 Y86.14029
G01 X-111.70078 Y86.30424
G01 X-111.70566 Y86.33813
G01 X-111.73576 Y86.43734
G01 X-111.75763 Y86.47640
G01 X-111.78798 Y86.51415
G01 X-113.12034 Y87.84689
G01 X-113.15605 Y87.87526
G01 X-113.24610 Y87.92354
G01 X-113.27594 Y87.93332
G01 X-113.31737 Y87.93886
G01 X-113.40835 Y87.93574
G01 X-113.67579 Y87.89954
G01 X-113.92453 Y87.89954
G01 X-114.17154 Y87.93205
G01 X-114.41218 Y87.99654
G01 X-114.64236 Y88.09187
G01 X-114.85811 Y88.21643
G01 X-115.05577 Y88.36810
G01 X-115.23192 Y88.54424
G01 X-115.38356 Y88.74188
G01 X-115.50812 Y88.95765
G01 X-115.60347 Y89.18783
G01 X-115.66796 Y89.42847
G01 X-115.70047 Y89.67546
G01 X-115.70047 Y89.92458
G01 X-115.66796 Y90.17160
G01 X-115.60347 Y90.41224
G01 X-115.50812 Y90.64239
G01 X-115.38356 Y90.85816
G01 X-115.23192 Y91.05582
G01 X-115.05577 Y91.23197
G01 X-114.85811 Y91.38361
G01 X-114.64233 Y91.50817
G01 X-114.41218 Y91.60352
G01 X-114.17152 Y91.66801
G01 X-113.92453 Y91.70052
G01 X-113.67541 Y91.70052
G01 X-113.42842 Y91.66801
G01 X-113.18778 Y91.60352
G01 X-112.95760 Y91.50817
G01 X-112.74183 Y91.38361
G01 X-112.54419 Y91.23197
G01 X-112.36802 Y91.05580
G01 X-112.21638 Y90.85816
G01 X-112.09182 Y90.64241
G01 X-111.99649 Y90.41224
G01 X-111.93200 Y90.17157
G01 X-111.89949 Y89.92458
G01 X-111.89949 Y89.67584
G01 X-111.93683 Y89.39791
G01 X-111.93579 Y89.30698
G01 X-111.93259 Y89.27574
G01 X-111.92077 Y89.23558
G01 X-111.87612 Y89.15763
G01 X-111.84681 Y89.12039
G01 X-110.11311 Y87.38666
G01 X-110.02980 Y87.27198
G01 X-109.96546 Y87.14570
G01 X-109.92167 Y87.01090
G01 X-109.89949 Y86.87089
G01 X-109.89949 Y83.72914
G01 X-109.92167 Y83.58916
G01 X-109.96546 Y83.45436
G01 X-110.02980 Y83.32807
G01 X-110.11311 Y83.21339
G01 X-112.36837 Y80.95813
G01 X-112.39045 Y80.93192
G01 X-112.44074 Y80.84195
G01 X-112.45859 Y80.78254
G01 X-112.46040 Y80.75147
G01 X-112.45395 Y80.66110
G01 X-112.43683 Y80.60141
G01 X-112.42156 Y80.57428
G01 X-112.36723 Y80.50174
G01 X-112.34551 Y80.47947
G01 X-112.31173 Y80.45551
G01 X-112.18877 Y80.40951
G01 X-112.15852 Y80.40560
G01 X-112.07947 Y80.40525
G01 X-112.07965 Y80.30502
G01 X-112.90627 Y80.30255
G01 X-112.96578 Y80.28322
G01 X-113.01640 Y80.24645
G01 X-113.04820 Y80.20502
G01 X-113.07061 Y80.14660
G01 X-113.07498 Y80.10502
G01 X-113.07498 Y77.31501
G01 X-113.07254 Y77.28371
G01 X-113.06169 Y77.24333
G01 X-113.03680 Y77.19745
G01 X-112.99255 Y77.15321
G01 X-112.94666 Y77.12829
G01 X-112.89588 Y77.11610
G01 X-111.92999 Y77.11501
G01 X-111.92999 Y77.01503
G01 X-112.91209 Y77.01503
G01 X-112.93601 Y77.01760
G01 X-113.00647 Y77.03832
G01 X-113.10830 Y77.04488
G01 X-113.13926 Y77.04145
G01 X-113.17901 Y77.02951
G01 X-113.27673 Y76.97612
G01 X-113.30822 Y76.94917
G01 X-113.32781 Y76.92501
G01 X-113.37726 Y76.83604
G01 X-113.39182 Y76.79372
G01 X-113.39918 Y76.73454
G01 X-113.39817 Y76.28443
G01 X-113.36418 Y76.16271
G01 X-113.34858 Y76.13294
G01 X-113.31889 Y76.09408
G01 X-113.00482 Y75.78021
G01 X-112.89474 Y75.71821
G01 X-112.86268 Y75.70818
G01 X-112.81422 Y75.70167
G01 X-109.80719 Y75.70051
G01 X-109.75083 Y75.70863
G01 X-109.67313 Y75.73177
G01 X-109.63289 Y75.75141
G01 X-109.57806 Y75.79543
G01 X-109.29754 Y76.07645
G01 X-109.27130 Y76.11366
G01 X-109.22459 Y76.20462
G01 X-109.21636 Y76.23601
G01 X-109.21331 Y76.26830
G01 X-109.21235 Y76.51773
G01 X-109.24933 Y76.64302
G01 X-109.27084 Y76.67848
G01 X-109.29922 Y76.70873
G01 X-109.37605 Y76.77233
G01 X-109.41169 Y76.79019
G01 X-109.44039 Y76.79873
G01 X-109.52375 Y76.81424
G01 X-109.75253 Y76.81455
G01 X-109.79297 Y76.81821
G01 X-109.91189 Y76.85527
G01 X-110.01593 Y76.91813
G01 X-110.06342 Y76.95420
G01 X-110.14244 Y76.99629
G01 X-110.18961 Y77.00977
G01 X-110.24702 Y77.01503
G01 X-111.02997 Y77.01503
G01 X-111.02997 Y77.11501
G01 X-110.06409 Y77.11610
G01 X-110.01331 Y77.12829
G01 X-109.96744 Y77.15321
G01 X-109.92319 Y77.19745
G01 X-109.89827 Y77.24333
G01 X-109.89497 Y77.25257
G01 X-109.89497 Y80.16738
G01 X-109.87272 Y80.21393
G01 X-109.84641 Y80.24645
G01 X-109.80498 Y80.27822
G01 X-109.75675 Y80.29819
G01 X-109.71544 Y80.30474
G01 X-106.90453 Y80.30474
G01 X-106.87341 Y80.30065
G01 X-106.83364 Y80.28772
G01 X-106.80605 Y80.27273
G01 X-106.77357 Y80.24645
G01 X-106.74725 Y80.21393
G01 X-106.73227 Y80.18635
G01 X-106.71609 Y80.12592
G01 X-106.71499 Y77.31501
G01 X-106.71936 Y77.27343
G01 X-106.72828 Y77.24333
G01 X-106.75320 Y77.19745
G01 X-106.78911 Y77.15958
G01 X-106.84331 Y77.12829
G01 X-106.89409 Y77.11610
G01 X-107.70999 Y77.11501
G01 X-107.71047 Y75.76776
G01 X-107.72337 Y75.66401
G01 X-107.76132 Y75.54719
G01 X-107.81164 Y75.45601
G01 X-107.87839 Y75.37328
G01 X-108.87570 Y74.37579
G01 X-108.92294 Y74.33363
G01 X-108.99355 Y74.28451
G01 X-109.04946 Y74.25484
G01 X-109.11712 Y74.22860
G01 X-109.20412 Y74.20780
G01 X-109.29998 Y74.20003
G01 X-113.29999 Y74.20003
G01 X-113.37701 Y74.20500
G01 X-113.44132 Y74.21692
G01 X-113.51092 Y74.23838
G01 X-113.58320 Y74.27112
G01 X-113.66034 Y74.32037
G01 X-113.72425 Y74.37579
G01 X-114.74050 Y75.39284
G01 X-114.80586 Y75.47775
G01 X-114.84208 Y75.54292
G01 X-114.87241 Y75.62047
G01 X-114.89171 Y75.70101
G01 X-114.89999 Y75.80002
G01 X-114.89999 Y80.30001
G01 X-114.88968 Y80.41066
G01 X-114.86131 Y80.50989
G01 X-114.84530 Y80.54853
G01 X-114.79519 Y80.63880
G01 X-114.72425 Y80.72430
G01 X-111.40000 Y84.04855
G01 X-111.40000 Y86.55149
G01 X-113.17581 Y88.32733
G01 X-113.35422 Y88.26360
G01 X-113.50246 Y88.22791
G01 X-113.67376 Y88.20523
G01 X-113.82613 Y88.20023
G01 X-113.98841 Y88.21115
G01 X-114.14874 Y88.23848
G01 X-114.30545 Y88.28196
G01 X-114.45696 Y88.34112
G01 X-114.60167 Y88.41534
G01 X-114.73809 Y88.50388
G01 X-114.85707 Y88.59924
G01 X-114.98724 Y88.72776
G01 X-115.08409 Y88.84551
G01 X-115.17436 Y88.98079
G01 X-115.25026 Y89.12423
G01 X-115.31061 Y89.27330
G01 X-115.35145 Y89.40886
G01 X-115.37975 Y89.54760
G01 X-115.39730 Y89.70708
G01 X-115.39892 Y89.85811
G01 X-115.38488 Y90.01795
G01 X-115.35727 Y90.16642
G01 X-115.31896 Y90.30271
G01 X-115.26839 Y90.43497
G01 X-115.19758 Y90.57896
G01 X-115.11236 Y90.71490
G01 X-115.02026 Y90.83459
G01 X-114.92440 Y90.93830
G01 X-114.82049 Y91.03233
G01 X-114.70004 Y91.12285
G01 X-114.56423 Y91.20553
G01 X-114.45696 Y91.25892
G01 X-114.34589 Y91.30385
G01 X-114.19743 Y91.34973
G01 X-114.08000 Y91.37533
G01 X-113.95084 Y91.39273
G01 X-113.80652 Y91.39986
G01 X-113.68676 Y91.39600
G01 X-113.55973 Y91.38188
G01 X-113.43426 Y91.35765
G01 X-113.31074 Y91.32339
G01 X-113.17302 Y91.27190
G01 X-113.06456 Y91.22097
G01 X-112.94620 Y91.15298
G01 X-112.83878 Y91.07911
G01 X-112.73949 Y90.99806
G01 X-112.64724 Y90.90962
G01 X-112.56756 Y90.82014
G01 X-112.48537 Y90.71203
G01 X-112.42093 Y90.61102
G01 X-112.36535 Y90.50817
G01 X-112.31371 Y90.39207
G01 X-112.26657 Y90.25626
G01 X-112.23657 Y90.14025
G01 X-112.21442 Y90.01437
G01 X-112.20294 Y89.89509
G01 X-112.20025 Y89.77823
G01 X-112.20861 Y89.63543
G01 X-112.22527 Y89.51678
G01 X-112.25288 Y89.39199
G01 X-112.29040 Y89.26980
G01 X-112.32743 Y89.17599
G01 X-110.36033 Y87.20820
G01 X-110.29352 Y87.12162
G01 X-110.24341 Y87.02395
G01 X-110.21445 Y86.93071
G01 X-110.20048 Y86.82225
G01 X-110.20013 Y83.78954
G01 X-110.20716 Y83.70745
G01 X-110.22042 Y83.64474
G01 X-110.26421 Y83.52995
G01 X-110.31156 Y83.45162
G01 X-110.37572 Y83.37575
G01 X-113.69997 Y80.05150
G01 X-113.69997 Y76.04856
G01 X-113.05146 Y75.40005
G01 X-109.54849 Y75.40005
G01 X-108.90999 Y76.03855
G01 X-108.90999 Y77.11501
G01 X-109.73627 Y77.11747
G01 X-109.78634 Y77.13230
G01 X-109.83086 Y77.15958
G01 X-109.86678 Y77.19745
G01 X-109.89497 Y77.25257
G01 X-109.89497 Y80.16738
G01 X-109.90229 Y80.18635
G01 X-109.92957 Y80.23088
G01 X-109.96744 Y80.26682
G01 X-110.01331 Y80.29173
G01 X-110.06409 Y80.30393
G01 X-110.87996 Y80.30502
G01 X-110.87996 Y80.33151
G01 X-110.80645 Y80.40502
G01 X-110.24702 Y80.40502
G01 X-110.19068 Y80.41312
G01 X-110.11415 Y80.43585
G01 X-110.08684 Y80.44772
G01 X-110.05372 Y80.46958
G01 X-110.02050 Y80.49915
G01 X-109.91189 Y80.56478
G01 X-109.79291 Y80.60187
G01 X-109.75250 Y80.60553
G01 X-106.86744 Y80.60553
G01 X-106.82703 Y80.60187
G01 X-106.70806 Y80.56478
G01 X-106.60405 Y80.50192
G01 X-106.51809 Y80.41596
G01 X-106.45523 Y80.31195
G01 X-106.41814 Y80.19295
G01 X-106.41449 Y80.15257
G01 X-106.41449 Y77.26748
G01 X-106.41814 Y77.22710
G01 X-106.45523 Y77.10810
G01 X-106.51809 Y77.00408
G01 X-106.60405 Y76.91813
G01 X-106.70806 Y76.85527
G01 X-106.82698 Y76.81821
G01 X-106.86742 Y76.81455
G01 X-107.10826 Y76.81323
G01 X-107.21875 Y76.78356
G01 X-107.25624 Y76.76586
G01 X-107.28929 Y76.74079
G01 X-107.34943 Y76.67300
G01 X-107.37242 Y76.64038
G01 X-107.39134 Y76.59426
G01 X-107.40918 Y76.50124
G01 X-107.40948 Y75.71915
G01 X-107.43165 Y75.57917
G01 X-107.47544 Y75.44435
G01 X-107.53981 Y75.31806
G01 X-107.62312 Y75.20338
G01 X-108.57288 Y74.25362
G01 X-108.60125 Y74.21791
G01 X-108.65322 Y74.11834
G01 X-108.66482 Y74.05741
G01 X-108.65845 Y73.95659
G01 X-108.64910 Y73.91618
G01 X-108.62606 Y73.86978
G01 X-108.56488 Y73.78944
G01 X-108.52510 Y73.75631
G01 X-108.49759 Y73.74173
G01 X-108.42251 Y73.71346
G01 X-108.37300 Y73.70191
G01 X-106.69579 Y73.70084
G01 X-106.66191 Y73.70572
G01 X-106.57443 Y73.73129
G01 X-106.52236 Y73.75855
G01 X-106.47809 Y73.79543
G01 X-102.27253 Y78.00144
G01 X-102.24624 Y78.03870
G01 X-102.20317 Y78.12026
G01 X-102.19100 Y78.16332
G01 X-102.18577 Y78.21150
G01 X-102.18546 Y80.15257
G01 X-102.18180 Y80.19295
G01 X-102.14472 Y80.31195
G01 X-102.08186 Y80.41596
G01 X-101.99590 Y80.50192
G01 X-101.89189 Y80.56478
G01 X-101.77292 Y80.60187
G01 X-101.73250 Y80.60553
G01 X-98.84745 Y80.60553
G01 X-98.75656 Y80.59158
G01 X-98.67526 Y80.58993
G01 X-98.56251 Y80.60553
G01 X-95.67745 Y80.60553
G01 X-95.63704 Y80.60187
G01 X-95.51806 Y80.56478
G01 X-95.41405 Y80.50192
G01 X-95.32810 Y80.41596
G01 X-95.26521 Y80.31195
G01 X-95.22815 Y80.19298
G01 X-95.22449 Y80.15259
G01 X-95.22416 Y79.92310
G01 X-95.21636 Y79.87817
G01 X-95.19350 Y79.80126
G01 X-95.17019 Y79.75503
G01 X-95.14346 Y79.72336
G01 X-95.08299 Y79.67058
G01 X-95.05035 Y79.64756
G01 X-95.02322 Y79.63484
G01 X-94.93247 Y79.61310
G01 X-94.63910 Y79.61051
G01 X-94.49909 Y79.58833
G01 X-94.36429 Y79.54454
G01 X-94.23801 Y79.48020
G01 X-94.12332 Y79.39689
G01 X-93.22975 Y78.50378
G01 X-93.20235 Y78.48325
G01 X-93.12193 Y78.43929
G01 X-93.08292 Y78.42532
G01 X-93.04184 Y78.41968
G01 X-92.95137 Y78.42504
G01 X-92.91053 Y78.43228
G01 X-92.87204 Y78.44780
G01 X-92.84576 Y78.46446
G01 X-92.78167 Y78.51277
G01 X-92.74652 Y78.55079
G01 X-92.72231 Y78.59654
G01 X-92.69457 Y78.67165
G01 X-92.68635 Y78.71147
G01 X-92.68513 Y79.30164
G01 X-92.58500 Y79.20151
G01 X-92.58500 Y77.09001
G01 X-92.58060 Y77.04843
G01 X-92.56770 Y77.00866
G01 X-92.54042 Y76.96416
G01 X-92.50255 Y76.92821
G01 X-92.45665 Y76.90330
G01 X-92.40590 Y76.89111
G01 X-91.61998 Y76.89001
G01 X-91.61998 Y76.79004
G01 X-92.42208 Y76.79004
G01 X-92.44604 Y76.79260
G01 X-92.48408 Y76.80541
G01 X-92.51782 Y76.81074
G01 X-92.60827 Y76.81615
G01 X-92.65942 Y76.80779
G01 X-92.68845 Y76.79654
G01 X-92.76801 Y76.75308
G01 X-92.80087 Y76.72781
G01 X-92.82170 Y76.70467
G01 X-92.88436 Y76.59045
G01 X-92.89422 Y76.55245
G01 X-92.89917 Y76.50574
G01 X-92.89915 Y57.01355
G01 X-92.89427 Y56.97966
G01 X-92.86849 Y56.89170
G01 X-92.83913 Y56.83707
G01 X-92.81848 Y56.81383
G01 X-92.74164 Y56.74830
G01 X-92.70534 Y56.72815
G01 X-92.66567 Y56.71594
G01 X-92.55581 Y56.70225
G01 X-92.51540 Y56.70679
G01 X-92.45015 Y56.72701
G01 X-92.42208 Y56.73001
G01 X-91.61998 Y56.73001
G01 X-91.61998 Y56.63001
G01 X-92.38500 Y56.63001
G01 X-92.43674 Y56.62320
G01 X-92.48500 Y56.60321
G01 X-92.52640 Y56.57144
G01 X-92.55820 Y56.53001
G01 X-92.57817 Y56.48177
G01 X-92.58500 Y56.43001
G01 X-92.58500 Y53.64002
G01 X-92.57817 Y53.58826
G01 X-92.56318 Y53.54922
G01 X-92.54042 Y53.51414
G01 X-92.50255 Y53.47820
G01 X-92.44680 Y53.44980
G01 X-92.38500 Y53.44002
G01 X-89.59499 Y53.44002
G01 X-89.53319 Y53.44980
G01 X-89.48607 Y53.47228
G01 X-89.44635 Y53.50619
G01 X-89.41678 Y53.54922
G01 X-89.39936 Y53.59844
G01 X-89.39499 Y53.64002
G01 X-89.39499 Y54.58500
G01 X-89.29499 Y54.58500
G01 X-89.29499 Y53.60289
G01 X-89.30040 Y53.52493
G01 X-89.27736 Y53.40342
G01 X-89.25976 Y53.36585
G01 X-89.24167 Y53.34053
G01 X-89.18015 Y53.27441
G01 X-89.14005 Y53.24424
G01 X-89.10332 Y53.22791
G01 X-88.99887 Y53.20169
G01 X-88.29575 Y53.20086
G01 X-88.25082 Y53.20865
G01 X-88.17315 Y53.23177
G01 X-88.14259 Y53.24564
G01 X-88.07807 Y53.29542
G01 X-82.38662 Y58.98690
G01 X-82.27194 Y59.07021
G01 X-82.14565 Y59.13455
G01 X-82.01085 Y59.17834
G01 X-81.87085 Y59.20051
G01 X-73.22911 Y59.20051
G01 X-73.08908 Y59.17834
G01 X-72.95430 Y59.13455
G01 X-72.82802 Y59.07021
G01 X-72.69573 Y58.97567
G01 X-72.57887 Y58.93204
G01 X-72.51704 Y58.92688
G01 X-72.41821 Y58.94738
G01 X-72.36970 Y58.96554
G01 X-72.32748 Y58.99556
G01 X-72.26419 Y59.06069
G01 X-72.23505 Y59.10458
G01 X-72.22347 Y59.13404
G01 X-72.20633 Y59.20209
G01 X-72.20046 Y59.25015
G01 X-72.20046 Y65.29281
G01 X-72.20566 Y65.33812
G01 X-72.24041 Y65.44754
G01 X-72.25763 Y65.47640
G01 X-72.29538 Y65.52191
G01 X-74.48684 Y67.71337
G01 X-74.57015 Y67.82806
G01 X-74.63451 Y67.95434
G01 X-74.67830 Y68.08914
G01 X-74.70045 Y68.22915
G01 X-74.70045 Y76.29200
G01 X-74.70563 Y76.33731
G01 X-74.73144 Y76.42529
G01 X-74.74914 Y76.46279
G01 X-74.77421 Y76.49583
G01 X-74.85003 Y76.56256
G01 X-74.88519 Y76.58453
G01 X-74.93423 Y76.60101
G01 X-75.03464 Y76.61463
G01 X-75.07668 Y76.61176
G01 X-75.14472 Y76.59342
G01 X-75.18745 Y76.58953
G01 X-78.07251 Y76.58953
G01 X-78.16339 Y76.60348
G01 X-78.24467 Y76.60513
G01 X-78.35744 Y76.58953
G01 X-81.24250 Y76.58953
G01 X-81.28291 Y76.59319
G01 X-81.40189 Y76.63027
G01 X-81.50590 Y76.69314
G01 X-81.59185 Y76.77909
G01 X-81.65474 Y76.88310
G01 X-81.69180 Y77.00205
G01 X-81.69546 Y77.04246
G01 X-81.69678 Y77.28333
G01 X-81.72645 Y77.39380
G01 X-81.74418 Y77.43131
G01 X-81.76925 Y77.46433
G01 X-81.86107 Y77.54234
G01 X-81.91575 Y77.56639
G01 X-81.98748 Y77.58193
G01 X-82.01949 Y77.58453
G01 X-83.55586 Y77.58453
G01 X-83.69584 Y77.60670
G01 X-83.83066 Y77.65049
G01 X-83.95695 Y77.71485
G01 X-84.07160 Y77.79816
G01 X-85.37968 Y79.10576
G01 X-85.40706 Y79.12625
G01 X-85.49698 Y79.17451
G01 X-85.53673 Y79.18648
G01 X-85.56769 Y79.18988
G01 X-85.68887 Y79.17985
G01 X-85.72807 Y79.16636
G01 X-85.76363 Y79.14513
G01 X-85.82771 Y79.09682
G01 X-85.86286 Y79.05882
G01 X-85.88321 Y79.02270
G01 X-85.91768 Y78.92819
G01 X-85.92418 Y78.87772
G01 X-85.92446 Y77.04251
G01 X-85.92814 Y77.00208
G01 X-85.96523 Y76.88310
G01 X-86.02809 Y76.77909
G01 X-86.11404 Y76.69314
G01 X-86.21806 Y76.63027
G01 X-86.33703 Y76.59319
G01 X-86.37744 Y76.58953
G01 X-89.26250 Y76.58953
G01 X-89.30291 Y76.59319
G01 X-89.42189 Y76.63027
G01 X-89.52592 Y76.69314
G01 X-89.57347 Y76.72926
G01 X-89.64477 Y76.76781
G01 X-89.69809 Y76.78450
G01 X-89.75701 Y76.79004
G01 X-90.41995 Y76.79004
G01 X-90.41995 Y76.89001
G01 X-89.56369 Y76.89248
G01 X-89.50418 Y76.91181
G01 X-89.46115 Y76.94137
G01 X-89.42725 Y76.98107
G01 X-89.40497 Y77.02755
G04 P0 ( dwell for no time -- G64 should not smooth over this point )
G00 Z2.00000 ( retract )

G00 X-91.43999 Y80.08002 ( rapid move to begin. )
G01 F300.00000
( Mill infeed pass 1/1 )
G01 Z-0.80000
G04 P0 ( dwell for no time -- G64 should not smooth over this point )
G01 F600.00000
G01 X-91.43999 Y80.08002
G01 X-91.43999 Y80.18002
G01 X-91.86646 Y80.18002
G01 X-91.76643 Y80.08002
G01 X-91.43999 Y80.08002
G04 P0 ( dwell for no time -- G64 should not smooth over this point )
G00 Z2.00000 ( retract )

G00 X-98.70498 Y77.25257 ( rapid move to begin. )
G01 F300.00000
( Mill infeed pass 1/1 )
G01 Z-0.80000
G04 P0 ( dwell for no time -- G64 should not smooth over this point )
G01 F600.00000
G01 X-98.70498 Y77.25257
G01 X-98.73320 Y77.19745
G01 X-98.77744 Y77.15321
G01 X-98.82332 Y77.12829
G01 X-98.88453 Y77.11529
G01 X-101.03647 Y77.11501
G01 X-105.77570 Y72.37575
G01 X-105.82178 Y72.33422
G01 X-105.88258 Y72.29084
G01 X-105.94946 Y72.25482
G01 X-106.01713 Y72.22858
G01 X-106.10412 Y72.20778
G01 X-106.19998 Y72.20000
G01 X-114.29999 Y72.20000
G01 X-114.38582 Y72.20623
G01 X-114.47718 Y72.22680
G01 X-114.53776 Y72.24915
G01 X-114.60327 Y72.28233
G01 X-114.65613 Y72.31715
G01 X-114.71058 Y72.36254
G01 X-116.22422 Y73.87574
G01 X-116.28226 Y73.94316
G01 X-116.33214 Y74.02299
G01 X-116.36892 Y74.10965
G01 X-116.39171 Y74.20099
G01 X-116.39999 Y74.30000
G01 X-116.39999 Y82.80001
G01 X-116.39171 Y82.89904
G01 X-116.36951 Y82.98873
G01 X-116.34208 Y83.05713
G01 X-116.31157 Y83.11352
G01 X-116.24050 Y83.20722
G01 X-115.27291 Y84.17560
G01 X-115.31896 Y84.29731
G01 X-115.35696 Y84.43145
G01 X-115.38312 Y84.56838
G01 X-115.39730 Y84.70709
G01 X-115.39930 Y84.84649
G01 X-115.38920 Y84.98555
G01 X-115.36702 Y85.12319
G01 X-115.33293 Y85.25837
G01 X-115.28719 Y85.39010
G01 X-115.23019 Y85.51733
G01 X-115.16232 Y85.63909
G01 X-115.08409 Y85.75451
G01 X-114.99613 Y85.86269
G01 X-114.89908 Y85.96277
G01 X-114.79311 Y86.05449
G01 X-114.66966 Y86.14275
G01 X-114.51988 Y86.22891
G01 X-114.37144 Y86.29446
G01 X-114.22765 Y86.34181
G01 X-114.08000 Y86.37531
G01 X-113.91937 Y86.39556
G01 X-113.76766 Y86.39970
G01 X-113.60617 Y86.38822
G01 X-113.45656 Y86.36271
G01 X-113.30038 Y86.32002
G01 X-113.15862 Y86.26584
G01 X-113.01346 Y86.19335
G01 X-112.87635 Y86.10650
G01 X-112.75674 Y86.01311
G01 X-112.63947 Y85.90148
G01 X-112.54079 Y85.78713
G01 X-112.46436 Y85.68067
G01 X-112.38849 Y85.55345
G01 X-112.32827 Y85.42772
G01 X-112.27919 Y85.29721
G01 X-112.24384 Y85.17135
G01 X-112.21496 Y85.01723
G01 X-112.20236 Y84.88713
G01 X-112.20132 Y84.73902
G01 X-112.21148 Y84.60872
G01 X-112.23416 Y84.47115
G01 X-112.26873 Y84.33607
G01 X-112.31493 Y84.20453
G01 X-112.37241 Y84.07750
G01 X-112.44071 Y83.95599
G01 X-112.51935 Y83.84085
G01 X-112.60772 Y83.73300
G01 X-112.70487 Y83.63351
G01 X-112.80175 Y83.54959
G01 X-112.90505 Y83.47372
G01 X-113.01605 Y83.40542
G01 X-113.14574 Y83.34006
G01 X-113.26669 Y83.29150
G01 X-113.39763 Y83.25160
G01 X-113.52532 Y83.22376
G01 X-113.66324 Y83.20588
G01 X-113.79164 Y83.20003
G01 X-113.93022 Y83.20532
G01 X-114.05745 Y83.22086
G01 X-114.18303 Y83.24654
G01 X-114.31612 Y83.28556
G01 X-114.42433 Y83.32716
G01 X-115.19997 Y82.55150
G01 X-115.19997 Y74.54854
G01 X-114.05145 Y73.40003
G01 X-106.44850 Y73.40003
G01 X-101.88498 Y77.96354
G01 X-101.88470 Y80.11548
G01 X-101.87170 Y80.17670
G01 X-101.84043 Y80.23088
G01 X-101.79392 Y80.27273
G01 X-101.73675 Y80.29819
G01 X-101.68498 Y80.30502
G01 X-98.89499 Y80.30502
G01 X-98.85341 Y80.30065
G01 X-98.82332 Y80.29173
G01 X-98.78605 Y80.27273
G01 X-98.75357 Y80.24645
G01 X-98.72725 Y80.21393
G01 X-98.70498 Y80.16738
G01 X-98.70498 Y77.25257
G01 X-98.68273 Y77.20609
G01 X-98.65641 Y77.17358
G01 X-98.61498 Y77.14180
G01 X-98.57678 Y77.12481
G01 X-98.51498 Y77.11501
G01 X-95.72500 Y77.11501
G01 X-95.67323 Y77.12184
G01 X-95.62500 Y77.14180
G01 X-95.57636 Y77.18120
G01 X-95.54227 Y77.23368
G01 X-95.52746 Y77.28371
G01 X-95.52500 Y78.11003
G01 X-94.95850 Y78.11003
G01 X-94.39998 Y77.55151
G01 X-94.39998 Y52.30002
G01 X-94.39414 Y52.21704
G01 X-94.37456 Y52.12743
G01 X-94.34552 Y52.05039
G01 X-94.30105 Y51.97012
G01 X-94.25149 Y51.90492
G01 X-94.20753 Y51.85971
G01 X-94.15906 Y51.81935
G01 X-94.09663 Y51.77851
G01 X-94.03907 Y51.74973
G01 X-93.96767 Y51.72395
G01 X-93.89231 Y51.70718
G01 X-93.81929 Y51.70038
G01 X-87.79999 Y51.70002
G01 X-87.67523 Y51.71315
G01 X-87.61333 Y51.72981
G01 X-87.54404 Y51.75737
G01 X-87.45303 Y51.81061
G01 X-87.37571 Y51.87576
G01 X-81.55144 Y57.70001
G01 X-73.90000 Y57.70001
G01 X-73.90000 Y51.62854
G01 X-76.56001 Y48.96853
G01 X-76.66336 Y48.98527
G01 X-76.75988 Y48.99190
G01 X-76.91688 Y48.99208
G01 X-77.01861 Y48.98486
G01 X-77.12072 Y48.96866
G01 X-77.21358 Y48.94524
G01 X-77.32176 Y48.90757
G01 X-77.41749 Y48.86342
G01 X-77.50096 Y48.81549
G01 X-77.61114 Y48.73678
G01 X-77.68358 Y48.67338
G01 X-77.75640 Y48.59716
G01 X-77.82193 Y48.51458
G01 X-77.87098 Y48.44008
G01 X-82.17146 Y48.44008
G01 X-82.44209 Y48.71067
G01 X-82.44009 Y48.77310
G01 X-82.44608 Y48.86449
G01 X-82.46132 Y48.95481
G01 X-82.48911 Y49.05268
G01 X-82.51885 Y49.12847
G01 X-82.56056 Y49.21001
G01 X-82.61161 Y49.28867
G01 X-82.69106 Y49.38357
G01 X-82.80394 Y49.48245
G01 X-82.89716 Y49.54348
G01 X-83.00651 Y49.59550
G01 X-83.12965 Y49.63487
G01 X-83.20955 Y49.65052
G01 X-83.31237 Y49.65933
G01 X-83.41552 Y49.65664
G01 X-83.49627 Y49.64633
G01 X-83.58555 Y49.62586
G01 X-83.67295 Y49.59616
G01 X-83.75672 Y49.55740
G01 X-83.86439 Y49.49121
G01 X-83.92845 Y49.44097
G01 X-83.99462 Y49.37762
G01 X-84.05443 Y49.30731
G01 X-84.10653 Y49.23111
G01 X-84.15974 Y49.13104
G01 X-84.19010 Y49.05550
G01 X-84.21605 Y48.96614
G01 X-84.23571 Y48.84714
G01 X-84.23942 Y48.72946
G01 X-84.22776 Y48.61235
G01 X-84.20219 Y48.50188
G01 X-84.16139 Y48.39223
G01 X-84.11240 Y48.29810
G01 X-84.04595 Y48.20186
G01 X-83.96759 Y48.11494
G01 X-83.88730 Y48.04554
G01 X-83.80109 Y47.98753
G01 X-83.68565 Y47.92931
G01 X-83.59810 Y47.89782
G01 X-83.49627 Y47.87374
G01 X-83.39231 Y47.86155
G01 X-83.28974 Y47.86147
G01 X-82.80816 Y47.38253
G01 X-82.75017 Y47.33904
G01 X-82.68423 Y47.30135
G01 X-82.61525 Y47.27270
G01 X-82.55561 Y47.25558
G01 X-82.49452 Y47.24468
G01 X-82.42000 Y47.24001
G01 X-77.87136 Y47.24001
G01 X-77.80093 Y47.13729
G01 X-77.71680 Y47.03970
G01 X-77.62229 Y46.95215
G01 X-77.50908 Y46.86985
G01 X-77.40705 Y46.81128
G01 X-77.27939 Y46.75642
G01 X-77.17726 Y46.72459
G01 X-77.07258 Y46.70270
G01 X-76.93581 Y46.68852
G01 X-76.73448 Y46.68924
G01 X-76.61737 Y46.70089
G01 X-76.49138 Y46.72754
G01 X-76.36911 Y46.76810
G01 X-76.25257 Y46.82182
G01 X-76.15239 Y46.88161
G01 X-76.08234 Y46.93247
G01 X-76.00454 Y46.99896
G01 X-75.93167 Y47.07369
G01 X-75.87195 Y47.14659
G01 X-75.82313 Y47.21687
G01 X-75.76243 Y47.32347
G01 X-75.72290 Y47.41070
G01 X-75.69128 Y47.50000
G01 X-75.66504 Y47.60104
G01 X-75.65044 Y47.68591
G01 X-75.64058 Y47.80714
G01 X-75.64122 Y47.89327
G01 X-75.65077 Y47.99721
G01 X-75.66738 Y48.08994
G01 X-75.68282 Y48.14867
G01 X-72.87572 Y50.95575
G01 X-72.82131 Y51.01826
G01 X-72.78031 Y51.08001
G01 X-72.74399 Y51.15445
G01 X-72.72042 Y51.22474
G01 X-72.70460 Y51.30604
G01 X-72.69995 Y51.38003
G01 X-72.70038 Y58.32061
G01 X-72.71069 Y58.41263
G01 X-72.73505 Y58.50199
G01 X-72.77285 Y58.58652
G01 X-72.82321 Y58.66422
G01 X-72.87757 Y58.72607
G01 X-72.94818 Y58.78601
G01 X-73.02715 Y58.83435
G01 X-73.11262 Y58.86998
G01 X-73.20254 Y58.89201
G01 X-73.30000 Y58.90003
G01 X-81.79998 Y58.90003
G01 X-81.88433 Y58.89399
G01 X-81.97372 Y58.87430
G01 X-82.04400 Y58.84814
G01 X-82.11347 Y58.81161
G01 X-82.17654 Y58.76714
G01 X-82.22424 Y58.72429
G01 X-88.04851 Y52.90004
G01 X-93.19996 Y52.90004
G01 X-93.19996 Y77.80002
G01 X-93.21050 Y77.91193
G01 X-93.23130 Y77.99123
G01 X-93.26699 Y78.07553
G01 X-93.30903 Y78.14485
G01 X-93.36120 Y78.20919
G01 X-94.29297 Y79.14137
G01 X-94.35215 Y79.19163
G01 X-94.41898 Y79.23431
G01 X-94.48858 Y79.26771
G01 X-94.55960 Y79.29087
G01 X-94.63292 Y79.30507
G01 X-94.68466 Y79.30934
G01 X-95.52500 Y79.31002
G01 X-95.52609 Y80.12592
G01 X-95.53828 Y80.17670
G01 X-95.56317 Y80.22257
G01 X-95.60742 Y80.26682
G01 X-95.65332 Y80.29173
G01 X-95.68339 Y80.30065
G01 X-95.72500 Y80.30502
G01 X-98.52545 Y80.30474
G01 X-98.58666 Y80.29173
G01 X-98.63254 Y80.26682
G01 X-98.67678 Y80.22257
G01 X-98.70498 Y80.16738
G04 P0 ( dwell for no time -- G64 should not smooth over this point )
G00 Z2.00000 ( retract )

G00 X-96.49998 Y82.61385 ( rapid move to begin. )
G01 F300.00000
( Mill infeed pass 1/1 )
G01 Z-0.80000
G04 P0 ( dwell for no time -- G64 should not smooth over this point )
G01 F600.00000
G01 X-96.49998 Y82.61385
G01 X-96.57829 Y82.63930
G01 X-96.75393 Y82.72879
G01 X-96.91344 Y82.84466
G01 X-97.05281 Y82.98408
G01 X-97.16871 Y83.14357
G01 X-97.25819 Y83.31924
G01 X-97.26820 Y83.35002
G01 X-97.15845 Y83.35002
G01 X-97.09187 Y83.21746
G01 X-97.01156 Y83.09866
G01 X-96.89695 Y82.96996
G01 X-96.75631 Y82.85482
G01 X-96.63396 Y82.78002
G01 X-96.49998 Y82.72013
G01 X-96.49998 Y82.61385
G04 P0 ( dwell for no time -- G64 should not smooth over this point )
G00 Z2.00000 ( retract )

G00 X-106.05045 Y110.80000 ( rapid move to begin. )
G01 F300.00000
( Mill infeed pass 1/1 )
G01 Z-0.80000
G04 P0 ( dwell for no time -- G64 should not smooth over this point )
G01 F600.00000
G01 X-106.05045 Y110.80000
G01 X-106.08792 Y110.20475
G01 X-106.19970 Y109.61888
G01 X-106.38401 Y109.05162
G01 X-106.63796 Y108.51192
G01 X-106.95754 Y108.00834
G01 X-107.33775 Y107.54875
G01 X-107.77252 Y107.14047
G01 X-108.25507 Y106.78988
G01 X-108.77773 Y106.50255
G01 X-109.33229 Y106.28299
G01 X-109.91001 Y106.13466
G01 X-110.50175 Y106.05988
G01 X-111.09820 Y106.05988
G01 X-111.68994 Y106.13466
G01 X-112.26766 Y106.28299
G01 X-112.82222 Y106.50255
G01 X-113.34488 Y106.78988
G01 X-113.82743 Y107.14047
G01 X-114.26220 Y107.54875
G01 X-114.64241 Y108.00834
G01 X-114.96199 Y108.51192
G01 X-115.21594 Y109.05162
G01 X-115.40027 Y109.61888
G01 X-115.51203 Y110.20473
G01 X-115.54949 Y110.80000
G01 X-115.51203 Y111.39530
G01 X-115.40027 Y111.98118
G01 X-115.21594 Y112.54844
G01 X-114.96199 Y113.08814
G01 X-114.64241 Y113.59172
G01 X-114.26220 Y114.05131
G01 X-113.82743 Y114.45959
G01 X-113.34488 Y114.81018
G01 X-112.82222 Y115.09751
G01 X-112.26766 Y115.31706
G01 X-111.68996 Y115.46540
G01 X-111.09820 Y115.54015
G01 X-110.50175 Y115.54015
G01 X-109.90998 Y115.46540
G01 X-109.33229 Y115.31706
G01 X-108.77773 Y115.09751
G01 X-108.25507 Y114.81018
G01 X-107.77252 Y114.45959
G01 X-107.33775 Y114.05131
G01 X-106.95754 Y113.59172
G01 X-106.63796 Y113.08814
G01 X-106.38401 Y112.54844
G01 X-106.19970 Y111.98118
G01 X-106.08792 Y111.39528
G01 X-106.05045 Y110.80000
G04 P0 ( dwell for no time -- G64 should not smooth over this point )
G00 Z2.00000 ( retract )

G00 X-105.55007 Y110.80323 ( rapid move to begin. )
G01 F300.00000
( Mill infeed pass 1/1 )
G01 Z-0.80000
G04 P0 ( dwell for no time -- G64 should not smooth over this point )
G01 F600.00000
G01 X-105.55007 Y110.80323
G01 X-105.59384 Y110.12637
G01 X-105.71581 Y109.49135
G01 X-105.91759 Y108.87034
G01 X-106.20743 Y108.25718
G01 X-106.55459 Y107.71162
G01 X-106.97082 Y107.20852
G01 X-107.46589 Y106.74522
G01 X-107.98423 Y106.36910
G01 X-108.56178 Y106.05114
G01 X-109.18070 Y105.80608
G01 X-109.80716 Y105.64525
G01 X-110.48613 Y105.55988
G01 X-111.13282 Y105.56067
G01 X-111.78064 Y105.64253
G01 X-112.42535 Y105.80807
G01 X-113.02669 Y106.04617
G01 X-113.62075 Y106.37276
G01 X-114.14886 Y106.75696
G01 X-114.62034 Y107.19971
G01 X-115.05244 Y107.72208
G01 X-115.40205 Y108.27367
G01 X-115.68241 Y108.87044
G01 X-115.88851 Y109.50986
G01 X-116.00888 Y110.14522
G01 X-116.04987 Y110.79688
G01 X-116.00611 Y111.47366
G01 X-115.88416 Y112.10874
G01 X-115.68236 Y112.72974
G01 X-115.39252 Y113.34287
G01 X-115.04536 Y113.88844
G01 X-114.62913 Y114.39154
G01 X-114.13405 Y114.85483
G01 X-113.61572 Y115.23096
G01 X-113.03822 Y115.54889
G01 X-112.42540 Y115.79197
G01 X-111.79918 Y115.95359
G01 X-111.11394 Y116.04015
G01 X-110.47353 Y116.03977
G01 X-109.83185 Y115.95951
G01 X-109.16274 Y115.78770
G01 X-108.56178 Y115.54891
G01 X-107.98959 Y115.23436
G01 X-107.45109 Y114.84310
G01 X-106.97961 Y114.40035
G01 X-106.54751 Y113.87798
G01 X-106.19790 Y113.32639
G01 X-105.91754 Y112.72962
G01 X-105.71423 Y112.10252
G01 X-105.59381 Y111.47354
G01 X-105.55007 Y110.80323
G04 P0 ( dwell for no time -- G64 should not smooth over this point )
G00 Z2.00000 ( retract )

G00 X-63.84998 Y98.05002 ( rapid move to begin. )
G01 F300.00000
( Mill infeed pass 1/1 )
G01 Z-0.80000
G04 P0 ( dwell for no time -- G64 should not smooth over this point )
G01 F600.00000
G01 X-63.84998 Y98.05002
G01 X-63.84998 Y102.55001
G01 X-63.85435 Y102.59159
G01 X-63.86728 Y102.63136
G01 X-63.88818 Y102.66756
G01 X-63.91617 Y102.69865
G01 X-63.94106 Y102.71775
G01 X-63.97833 Y102.73672
G01 X-64.00840 Y102.74564
G01 X-64.04998 Y102.75001
G01 X-68.56046 Y102.74973
G01 X-68.60176 Y102.74320
G01 X-68.64077 Y102.72821
G01 X-68.66755 Y102.71181
G01 X-68.69861 Y102.68384
G01 X-68.72320 Y102.65001
G01 X-68.73671 Y102.62169
G01 X-68.74563 Y102.59159
G01 X-68.74999 Y102.55001
G01 X-68.74999 Y98.05002
G01 X-68.74563 Y98.00844
G01 X-68.73671 Y97.97834
G01 X-68.71771 Y97.94108
G01 X-68.69140 Y97.90859
G01 X-68.65891 Y97.88227
G01 X-68.63133 Y97.86731
G01 X-68.59157 Y97.85439
G01 X-68.54999 Y97.85002
G01 X-64.02907 Y97.85113
G01 X-63.99821 Y97.85682
G01 X-63.95920 Y97.87181
G01 X-63.93243 Y97.88822
G01 X-63.90136 Y97.91618
G01 X-63.87678 Y97.95002
G01 X-63.86326 Y97.97834
G01 X-63.85435 Y98.00844
G01 X-63.84998 Y98.05002
G01 X-63.54950 Y98.00247
G01 X-63.54950 Y102.59758
G01 X-63.55315 Y102.63799
G01 X-63.59024 Y102.75694
G01 X-63.65310 Y102.86098
G01 X-63.73903 Y102.94691
G01 X-63.84304 Y103.00977
G01 X-63.96204 Y103.04686
G01 X-64.00243 Y103.05051
G01 X-68.59752 Y103.05051
G01 X-68.63790 Y103.04686
G01 X-68.75690 Y103.00977
G01 X-68.86092 Y102.94691
G01 X-68.94684 Y102.86098
G01 X-69.00971 Y102.75694
G01 X-69.04679 Y102.63799
G01 X-69.05045 Y102.59758
G01 X-69.05045 Y98.00247
G01 X-69.04679 Y97.96206
G01 X-69.00974 Y97.84311
G01 X-68.94684 Y97.73912
G01 X-68.86092 Y97.65314
G01 X-68.75690 Y97.59028
G01 X-68.63790 Y97.55319
G01 X-68.59752 Y97.54956
G01 X-64.00243 Y97.54956
G01 X-63.96204 Y97.55319
G01 X-63.84307 Y97.59028
G01 X-63.73903 Y97.65319
G01 X-63.65310 Y97.73907
G01 X-63.59024 Y97.84311
G01 X-63.55315 Y97.96206
G01 X-63.54950 Y98.00247
G04 P0 ( dwell for no time -- G64 should not smooth over this point )
G00 Z2.00000 ( retract )

G00 X-53.45208 Y85.61400 ( rapid move to begin. )
G01 F300.00000
( Mill infeed pass 1/1 )
G01 Z-0.80000
G04 P0 ( dwell for no time -- G64 should not smooth over this point )
G01 F600.00000
G01 X-53.45208 Y85.61400
G01 X-53.46951 Y85.33991
G01 X-53.51693 Y85.11458
G01 X-53.58924 Y84.92863
G01 X-53.69110 Y84.76173
G01 X-53.81124 Y84.62975
G01 X-53.95295 Y84.52558
G01 X-54.11378 Y84.44979
G01 X-54.29559 Y84.40247
G01 X-54.51004 Y84.38525
G01 X-54.78568 Y84.39343
G01 X-54.98228 Y84.41441
G01 X-55.11680 Y84.44070
G01 X-55.11680 Y86.62601
G01 X-55.08017 Y86.65040
G01 X-54.88121 Y86.74506
G01 X-54.65993 Y86.81026
G01 X-54.40075 Y86.83325
G01 X-54.14225 Y86.80833
G01 X-53.95234 Y86.74410
G01 X-53.79519 Y86.64135
G01 X-53.67101 Y86.50391
G01 X-53.57558 Y86.33206
G01 X-53.50608 Y86.11814
G01 X-53.46613 Y85.87973
G01 X-53.45208 Y85.61400
G04 P0 ( dwell for no time -- G64 should not smooth over this point )
G00 Z2.00000 ( retract )

G00 X-52.50586 Y85.60516 ( rapid move to begin. )
G01 F300.00000
( Mill infeed pass 1/1 )
G01 Z-0.80000
G04 P0 ( dwell for no time -- G64 should not smooth over this point )
G01 F600.00000
G01 X-52.50586 Y85.60516
G01 X-52.53761 Y85.17478
G01 X-52.61652 Y84.82932
G01 X-52.75041 Y84.50630
G01 X-52.94472 Y84.20722
G01 X-53.16631 Y83.97735
G01 X-53.19605 Y83.95213
G01 X-53.46991 Y83.76485
G01 X-53.76808 Y83.63201
G01 X-54.10133 Y83.54839
G01 X-54.13405 Y83.54316
G01 X-54.50037 Y83.51609
G01 X-55.08393 Y83.54880
G01 X-55.53989 Y83.62739
G01 X-55.89643 Y83.72178
G01 X-55.94364 Y83.74423
G01 X-55.98342 Y83.77814
G01 X-56.00257 Y83.80303
G01 X-56.02160 Y83.84032
G01 X-56.03054 Y83.87044
G01 X-56.03493 Y83.91207
G01 X-56.03493 Y89.23197
G01 X-56.03046 Y89.27396
G01 X-56.01730 Y89.31407
G01 X-55.99599 Y89.35052
G01 X-55.96755 Y89.38171
G01 X-55.93315 Y89.40619
G01 X-55.90440 Y89.41953
G01 X-55.86351 Y89.42994
G01 X-55.82132 Y89.43152
G01 X-55.28223 Y89.33799
G01 X-55.24248 Y89.32669
G01 X-55.19744 Y89.30149
G01 X-55.16036 Y89.26560
G01 X-55.13369 Y89.22143
G01 X-55.12109 Y89.18209
G01 X-55.11680 Y89.14099
G01 X-55.11680 Y87.54884
G01 X-54.99521 Y87.59929
G01 X-54.69483 Y87.67628
G01 X-54.33773 Y87.70297
G01 X-53.97040 Y87.67140
G01 X-53.65975 Y87.58578
G01 X-53.62175 Y87.57084
G01 X-53.34939 Y87.42921
G01 X-53.08775 Y87.21750
G01 X-52.88386 Y86.97414
G01 X-52.72381 Y86.69086
G01 X-52.71000 Y86.66061
G01 X-52.59981 Y86.35118
G01 X-52.53245 Y86.01456
G01 X-52.50586 Y85.60516
G04 P0 ( dwell for no time -- G64 should not smooth over this point )
G00 Z2.00000 ( retract )

G00 X-49.79486 Y84.87306 ( rapid move to begin. )
G01 F300.00000
( Mill infeed pass 1/1 )
G01 Z-0.80000
G04 P0 ( dwell for no time -- G64 should not smooth over this point )
G01 F600.00000
G01 X-49.79486 Y84.87306
G01 X-49.81899 Y84.67908
G01 X-49.87188 Y84.56714
G01 X-49.95237 Y84.49206
G01 X-50.07655 Y84.43275
G01 X-50.25582 Y84.38865
G01 X-50.49987 Y84.37125
G01 X-50.91978 Y84.38781
G01 X-51.06664 Y84.40826
G01 X-51.06664 Y85.30229
G01 X-50.98620 Y85.32591
G01 X-50.83060 Y85.34778
G01 X-50.59621 Y85.35682
G01 X-50.39159 Y85.34577
G01 X-50.18849 Y85.31319
G01 X-50.01666 Y85.25355
G01 X-49.89044 Y85.16526
G01 X-49.84358 Y85.10508
G01 X-49.80960 Y85.01443
G01 X-49.79486 Y84.87306
G04 P0 ( dwell for no time -- G64 should not smooth over this point )
G00 Z2.00000 ( retract )

G00 X-48.86182 Y84.85944 ( rapid move to begin. )
G01 F300.00000
( Mill infeed pass 1/1 )
G01 Z-0.80000
G04 P0 ( dwell for no time -- G64 should not smooth over this point )
G01 F600.00000
G01 X-48.86182 Y84.85944
G01 X-48.88399 Y84.57753
G01 X-48.89050 Y84.54059
G01 X-48.95732 Y84.30140
G01 X-49.07152 Y84.08599
G01 X-49.21544 Y83.91692
G01 X-49.24627 Y83.88797
G01 X-49.42273 Y83.75568
G01 X-49.65156 Y83.64677
G01 X-50.01389 Y83.55411
G01 X-50.42704 Y83.52322
G01 X-50.88653 Y83.54019
G01 X-51.28333 Y83.58738
G01 X-51.83189 Y83.68962
G01 X-51.87195 Y83.70399
G01 X-51.90807 Y83.72652
G01 X-51.93862 Y83.75619
G01 X-51.96217 Y83.79165
G01 X-51.97769 Y83.83130
G01 X-51.98447 Y83.87334
G01 X-51.98457 Y86.16802
G01 X-51.95013 Y86.55443
G01 X-51.94246 Y86.59421
G01 X-51.83931 Y86.93312
G01 X-51.70822 Y87.16739
G01 X-51.54782 Y87.34948
G01 X-51.33695 Y87.50683
G01 X-51.09842 Y87.61633
G01 X-50.80004 Y87.68631
G01 X-50.45041 Y87.71006
G01 X-50.08265 Y87.69512
G01 X-49.80299 Y87.65776
G01 X-49.55267 Y87.60086
G01 X-49.37830 Y87.54112
G01 X-49.32555 Y87.50940
G01 X-49.29070 Y87.47170
G01 X-49.26657 Y87.42636
G01 X-49.25481 Y87.37638
G01 X-49.25483 Y87.33526
G01 X-49.33032 Y86.85690
G01 X-49.35522 Y86.80020
G01 X-49.39626 Y86.75385
G01 X-49.43070 Y86.73094
G01 X-49.45923 Y86.71867
G01 X-49.49956 Y86.70948
G01 X-49.54091 Y86.70876
G01 X-49.58155 Y86.71656
G01 X-49.87117 Y86.80412
G01 X-50.07249 Y86.83962
G01 X-50.40970 Y86.85484
G01 X-50.62293 Y86.83874
G01 X-50.75981 Y86.80135
G01 X-50.84109 Y86.75563
G01 X-50.94851 Y86.64189
G01 X-51.01538 Y86.49317
G01 X-51.05287 Y86.30475
G01 X-51.06354 Y86.13820
G01 X-51.01063 Y86.14834
G01 X-50.58729 Y86.18405
G01 X-50.13548 Y86.15342
G01 X-49.74394 Y86.06411
G01 X-49.47719 Y85.95065
G01 X-49.27376 Y85.81298
G01 X-49.11452 Y85.65116
G01 X-49.08648 Y85.61484
G01 X-48.97597 Y85.43114
G01 X-48.96108 Y85.39586
G01 X-48.88935 Y85.16262
G01 X-48.86182 Y84.85944
G04 P0 ( dwell for no time -- G64 should not smooth over this point )
G00 Z2.00000 ( retract )

G00 X-47.94493 Y80.08566 ( rapid move to begin. )
G01 F300.00000
( Mill infeed pass 1/1 )
G01 Z-0.80000
G04 P0 ( dwell for no time -- G64 should not smooth over this point )
G01 F600.00000
G01 X-47.94493 Y80.08566
G01 X-48.95638 Y80.08566
G01 X-48.65588 Y80.86445
G01 X-48.44968 Y81.36659
G01 X-48.24343 Y80.86407
G01 X-48.04584 Y80.35770
G01 X-47.94493 Y80.08566
G04 P0 ( dwell for no time -- G64 should not smooth over this point )
G00 Z2.00000 ( retract )

G00 X-30.85002 Y63.55829 ( rapid move to begin. )
G01 F300.00000
( Mill infeed pass 1/1 )
G01 Z-0.80000
G04 P0 ( dwell for no time -- G64 should not smooth over this point )
G01 F600.00000
G01 X-30.85002 Y63.55829
G01 X-30.85347 Y63.65024
G01 X-30.86930 Y63.78448
G01 X-30.90049 Y63.92847
G01 X-30.94946 Y64.07780
G01 X-31.01050 Y64.21264
G01 X-31.08441 Y64.34010
G01 X-31.16437 Y64.45161
G01 X-31.25482 Y64.55476
G01 X-31.37034 Y64.66278
G01 X-31.50417 Y64.76210
G01 X-31.65698 Y64.84965
G01 X-31.81100 Y64.91508
G01 X-31.97118 Y64.96225
G01 X-32.13605 Y64.99072
G01 X-32.31227 Y64.99997
G01 X-32.48829 Y64.98773
G01 X-32.65268 Y64.95646
G01 X-32.81204 Y64.90660
G01 X-32.96462 Y64.83873
G01 X-33.10866 Y64.75356
G01 X-33.24887 Y64.64643
G01 X-33.36678 Y64.53159
G01 X-33.48674 Y64.38260
G01 X-33.57359 Y64.24315
G01 X-33.64783 Y64.08422
G01 X-33.68453 Y63.98077
G01 X-33.71494 Y63.86685
G01 X-33.73602 Y63.75085
G01 X-33.74791 Y63.62260
G01 X-33.74973 Y63.02519
G01 X-33.74250 Y62.90284
G01 X-33.72571 Y62.78580
G01 X-33.69919 Y62.67023
G01 X-33.65743 Y62.54026
G01 X-33.60363 Y62.41552
G01 X-33.55202 Y62.31864
G01 X-33.49299 Y62.22609
G01 X-33.41075 Y62.11798
G01 X-33.33051 Y62.03020
G01 X-33.22990 Y61.93747
G01 X-33.12030 Y61.85436
G01 X-32.99530 Y61.77760
G01 X-32.87097 Y61.71717
G01 X-32.73340 Y61.66629
G01 X-32.59967 Y61.63132
G01 X-32.45449 Y61.60826
G01 X-32.30770 Y61.60003
G01 X-32.16993 Y61.60587
G01 X-32.03335 Y61.62474
G01 X-31.89073 Y61.65898
G01 X-31.76935 Y61.70081
G01 X-31.62693 Y61.76568
G01 X-31.50770 Y61.83561
G01 X-31.38880 Y61.92207
G01 X-31.28644 Y62.01341
G01 X-31.18520 Y62.12278
G01 X-31.08830 Y62.25415
G01 X-30.99480 Y62.41836
G01 X-30.92404 Y62.59355
G01 X-30.88121 Y62.75072
G01 X-30.86018 Y62.87843
G01 X-30.85058 Y63.01168
G01 X-30.85002 Y63.55829
G04 P0 ( dwell for no time -- G64 should not smooth over this point )
G00 Z2.00000 ( retract )

G00 X-25.85000 Y51.05829 ( rapid move to begin. )
G01 F300.00000
( Mill infeed pass 1/1 )
G01 Z-0.80000
G04 P0 ( dwell for no time -- G64 should not smooth over this point )
G01 F600.00000
G01 X-25.85000 Y51.05829
G01 X-25.85346 Y51.15024
G01 X-25.86928 Y51.28448
G01 X-25.90047 Y51.42847
G01 X-25.94957 Y51.57813
G01 X-26.01000 Y51.71216
G01 X-26.07891 Y51.83197
G01 X-26.15826 Y51.94348
G01 X-26.25483 Y52.05476
G01 X-26.37035 Y52.16278
G01 X-26.50416 Y52.26210
G01 X-26.65729 Y52.34980
G01 X-26.81993 Y52.41823
G01 X-26.98109 Y52.46451
G01 X-27.15493 Y52.49273
G01 X-27.32211 Y52.49984
G01 X-27.48863 Y52.48770
G01 X-27.65269 Y52.45646
G01 X-27.81205 Y52.40660
G01 X-27.96460 Y52.33873
G01 X-28.10865 Y52.25356
G01 X-28.24886 Y52.14643
G01 X-28.36679 Y52.03159
G01 X-28.48673 Y51.88260
G01 X-28.57357 Y51.74315
G01 X-28.64784 Y51.58422
G01 X-28.68452 Y51.48077
G01 X-28.71495 Y51.36685
G01 X-28.73600 Y51.25085
G01 X-28.74792 Y51.12260
G01 X-28.74972 Y50.52519
G01 X-28.74251 Y50.40284
G01 X-28.72572 Y50.28580
G01 X-28.69920 Y50.17023
G01 X-28.65744 Y50.04026
G01 X-28.60745 Y49.92309
G01 X-28.54741 Y49.81112
G01 X-28.47756 Y49.70422
G01 X-28.40463 Y49.61072
G01 X-28.33006 Y49.52969
G01 X-28.22963 Y49.43724
G01 X-28.11274 Y49.34920
G01 X-27.99501 Y49.27742
G01 X-27.87098 Y49.21717
G01 X-27.73308 Y49.16619
G01 X-27.59072 Y49.12946
G01 X-27.45414 Y49.10826
G01 X-27.30768 Y49.10003
G01 X-27.16994 Y49.10587
G01 X-27.03336 Y49.12474
G01 X-26.89041 Y49.15911
G01 X-26.76085 Y49.20422
G01 X-26.62633 Y49.26599
G01 X-26.50007 Y49.34061
G01 X-26.38881 Y49.42207
G01 X-26.29298 Y49.50701
G01 X-26.18541 Y49.62253
G01 X-26.08831 Y49.75415
G01 X-25.99481 Y49.91836
G01 X-25.92405 Y50.09355
G01 X-25.88122 Y50.25072
G01 X-25.86016 Y50.37843
G01 X-25.85056 Y50.51168
G01 X-25.85000 Y51.05829
G04 P0 ( dwell for no time -- G64 should not smooth over this point )
G00 Z2.00000 ( retract )

G00 X-18.23999 Y44.96488 ( rapid move to begin. )
G01 F300.00000
( Mill infeed pass 1/1 )
G01 Z-0.80000
G04 P0 ( dwell for no time -- G64 should not smooth over this point )
G01 F600.00000
G01 X-18.23999 Y44.96488
G01 X-18.23999 Y45.07501
G01 X-20.27569 Y45.07501
G01 X-20.38425 Y45.05944
G01 X-20.39881 Y45.05429
G01 X-20.48766 Y45.00242
G01 X-20.54836 Y44.93722
G01 X-20.57635 Y44.88596
G01 X-20.60346 Y44.78291
G01 X-20.60496 Y43.71004
G01 X-20.49474 Y43.71004
G01 X-20.49241 Y44.78467
G01 X-20.48016 Y44.83537
G01 X-20.45527 Y44.88116
G01 X-20.42731 Y44.91220
G01 X-20.38433 Y44.94174
G01 X-20.33518 Y44.95917
G01 X-20.29365 Y44.96353
G01 X-18.23999 Y44.96488
G04 P0 ( dwell for no time -- G64 should not smooth over this point )
G00 Z2.00000 ( retract )

G00 X-16.82350 Y45.07501 ( rapid move to begin. )
G01 F300.00000
( Mill infeed pass 1/1 )
G01 Z-0.80000
G04 P0 ( dwell for no time -- G64 should not smooth over this point )
G01 F600.00000
G01 X-16.82350 Y45.07501
G01 X-16.93354 Y44.96498
G01 X-17.33996 Y44.96498
G01 X-17.33996 Y45.07501
G01 X-16.82350 Y45.07501
G04 P0 ( dwell for no time -- G64 should not smooth over this point )
G00 Z2.00000 ( retract )

G00 X-14.97499 Y43.86003 ( rapid move to begin. )
G01 F300.00000
( Mill infeed pass 1/1 )
G01 Z-0.80000
G04 P0 ( dwell for no time -- G64 should not smooth over this point )
G01 F600.00000
G01 X-14.97499 Y43.86003
G01 X-14.97499 Y44.74573
G01 X-14.99049 Y44.85370
G01 X-14.99806 Y44.87466
G01 X-15.04700 Y44.95718
G01 X-15.11226 Y45.01792
G01 X-15.15866 Y45.04283
G01 X-15.24233 Y44.95917
G01 X-15.19028 Y44.93841
G01 X-15.16448 Y44.92068
G01 X-15.13667 Y44.89419
G01 X-15.10692 Y44.85109
G01 X-15.08747 Y44.79140
G01 X-15.08498 Y43.86003
G01 X-14.97499 Y43.86003
G04 P0 ( dwell for no time -- G64 should not smooth over this point )
G00 Z2.00000 ( retract )

G00 X-5.45896 Y50.27744 ( rapid move to begin. )
G01 F300.00000
( Mill infeed pass 1/1 )
G01 Z-0.80000
G04 P0 ( dwell for no time -- G64 should not smooth over this point )
G01 F600.00000
G01 X-5.45896 Y50.27744
G01 X-5.54649 Y50.32796
G01 X-5.75236 Y50.41326
G01 X-5.96762 Y50.47094
G01 X-6.18855 Y50.50002
G01 X-6.41138 Y50.50002
G01 X-6.62797 Y50.47152
G01 X-6.53727 Y50.38080
G01 X-6.47829 Y50.38981
G01 X-6.31596 Y50.39972
G01 X-6.16323 Y50.39416
G01 X-5.99140 Y50.36997
G01 X-5.83328 Y50.33043
G01 X-5.68980 Y50.27884
G01 X-5.53252 Y50.20388
G01 X-5.45896 Y50.27744
G04 P0 ( dwell for no time -- G64 should not smooth over this point )
G00 Z2.00000 ( retract )

G00 X-4.59998 Y48.68862 ( rapid move to begin. )
G01 F300.00000
( Mill infeed pass 1/1 )
G01 Z-0.80000
G04 P0 ( dwell for no time -- G64 should not smooth over this point )
G01 F600.00000
G01 X-4.59998 Y48.68862
G01 X-4.62907 Y48.46767
G01 X-4.68675 Y48.25240
G01 X-4.75033 Y48.09888
G01 X-4.82744 Y48.17602
G01 X-4.79988 Y48.24387
G01 X-4.76364 Y48.35357
G01 X-4.73763 Y48.45558
G01 X-4.71891 Y48.55547
G01 X-4.70509 Y48.67379
G01 X-4.70029 Y48.77531
G01 X-4.70212 Y48.88059
G01 X-4.71078 Y48.98481
G01 X-4.72828 Y49.09893
G01 X-4.75772 Y49.22555
G01 X-4.78906 Y49.32606
G01 X-4.82554 Y49.42098
G01 X-4.89663 Y49.56698
G01 X-4.82254 Y49.64107
G01 X-4.77202 Y49.55354
G01 X-4.68675 Y49.34765
G01 X-4.62907 Y49.13239
G01 X-4.59998 Y48.91143
G01 X-4.59998 Y48.68862
G04 P0 ( dwell for no time -- G64 should not smooth over this point )
G00 Z2.00000 ( retract )

G00 X-14.97499 Y41.76539 ( rapid move to begin. )
G01 F300.00000
( Mill infeed pass 1/1 )
G01 Z-0.80000
G04 P0 ( dwell for no time -- G64 should not smooth over this point )
G01 F600.00000
G01 X-14.97499 Y41.76539
G01 X-14.97499 Y42.66001
G01 X-15.08526 Y42.66001
G01 X-15.08759 Y41.73535
G01 X-15.09630 Y41.69450
G01 X-15.11878 Y41.64746
G01 X-15.15267 Y41.60781
G01 X-15.19564 Y41.57830
G01 X-15.23463 Y41.56331
G01 X-15.28632 Y41.55648
G01 X-17.33996 Y41.55516
G01 X-17.33996 Y41.44505
G01 X-15.30425 Y41.44505
G01 X-15.19630 Y41.46054
G01 X-15.17532 Y41.46811
G01 X-15.09280 Y41.51706
G01 X-15.03207 Y41.58231
G01 X-15.00118 Y41.63984
G01 X-14.97654 Y41.73641
G01 X-14.97499 Y41.76539
G04 P0 ( dwell for no time -- G64 should not smooth over this point )
G00 Z2.00000 ( retract )

G00 X-18.23999 Y41.44505 ( rapid move to begin. )
G01 F300.00000
( Mill infeed pass 1/1 )
G01 Z-0.80000
G04 P0 ( dwell for no time -- G64 should not smooth over this point )
G01 F600.00000
G01 X-18.23999 Y41.44505
G01 X-18.23999 Y41.55516
G01 X-20.29365 Y41.55648
G01 X-20.34534 Y41.56331
G01 X-20.39353 Y41.58328
G01 X-20.43490 Y41.61503
G01 X-20.46119 Y41.64746
G01 X-20.48367 Y41.69453
G01 X-20.49241 Y41.73537
G01 X-20.49474 Y42.81002
G01 X-20.60496 Y42.81002
G01 X-20.60496 Y41.77431
G01 X-20.58946 Y41.66636
G01 X-20.58189 Y41.64538
G01 X-20.53295 Y41.56285
G01 X-20.46769 Y41.50212
G01 X-20.41011 Y41.47121
G01 X-20.31362 Y41.44657
G01 X-20.28466 Y41.44505
G01 X-18.23999 Y41.44505
G04 P0 ( dwell for no time -- G64 should not smooth over this point )
G00 Z2.00000 ( retract )

G00 X-15.08498 Y37.55992 ( rapid move to begin. )
G01 F300.00000
( Mill infeed pass 1/1 )
G01 Z-0.80000
G04 P0 ( dwell for no time -- G64 should not smooth over this point )
G01 F600.00000
G01 X-15.08498 Y37.55992
G01 X-15.08937 Y37.60165
G01 X-15.09834 Y37.63185
G01 X-15.11744 Y37.66924
G01 X-15.13667 Y37.69418
G01 X-15.16448 Y37.72070
G01 X-15.19945 Y37.74333
G01 X-15.23839 Y37.75821
G01 X-15.27957 Y37.76472
G01 X-18.15144 Y37.76500
G01 X-30.85408 Y50.46764
G01 X-30.85017 Y50.52893
G01 X-30.85060 Y51.09207
G01 X-30.86325 Y51.24564
G01 X-30.89249 Y51.39799
G01 X-30.92231 Y51.50188
G01 X-30.95419 Y51.58943
G01 X-30.99810 Y51.68818
G01 X-31.04463 Y51.77548
G01 X-31.10178 Y51.86639
G01 X-31.16023 Y51.94622
G01 X-31.22972 Y52.02811
G01 X-31.30524 Y52.10497
G01 X-31.42337 Y52.20502
G01 X-31.54540 Y52.28821
G01 X-31.67496 Y52.35839
G01 X-31.81100 Y52.41508
G01 X-31.95207 Y52.45765
G01 X-32.09706 Y52.48574
G01 X-32.25296 Y52.49926
G01 X-32.40099 Y52.49649
G01 X-32.55629 Y52.47718
G01 X-32.70046 Y52.44361
G01 X-32.84831 Y52.39235
G01 X-32.98202 Y52.32958
G01 X-33.10866 Y52.25356
G01 X-33.23366 Y52.15940
G01 X-33.34166 Y52.05867
G01 X-33.43907 Y51.94721
G01 X-33.53432 Y51.81089
G01 X-33.61362 Y51.66393
G01 X-33.67559 Y51.50850
G01 X-33.72068 Y51.34000
G01 X-33.73983 Y51.22126
G01 X-33.74940 Y51.08819
G01 X-33.74953 Y50.51618
G01 X-33.73924 Y50.37389
G01 X-33.71809 Y50.24757
G01 X-33.68598 Y50.12395
G01 X-33.64311 Y50.00366
G01 X-33.58982 Y49.88758
G01 X-33.52652 Y49.77663
G01 X-33.45370 Y49.67170
G01 X-33.37773 Y49.58021
G01 X-33.24514 Y49.45039
G01 X-33.10681 Y49.34524
G01 X-33.02332 Y49.29342
G01 X-32.94024 Y49.24905
G01 X-32.79111 Y49.18606
G01 X-32.60963 Y49.13345
G01 X-32.44704 Y49.10780
G01 X-32.25797 Y49.10061
G01 X-32.18083 Y49.10739
G01 X-20.49495 Y37.42149
G01 X-20.49353 Y34.55639
G01 X-20.48913 Y34.51484
G01 X-20.48022 Y34.48476
G01 X-20.46124 Y34.44755
G01 X-20.43495 Y34.41509
G01 X-20.40249 Y34.38878
G01 X-20.37493 Y34.37382
G01 X-20.34537 Y34.36333
G01 X-20.30412 Y34.35677
G01 X-18.49000 Y34.35517
G01 X-18.49000 Y20.09998
G01 X-27.08993 Y11.50002
G01 X-91.59003 Y11.50002
G01 X-104.63997 Y24.54999
G01 X-104.63997 Y29.97007
G01 X-103.55003 Y31.06001
G01 X-98.12992 Y31.06001
G01 X-94.24773 Y27.17800
G01 X-94.17344 Y27.11526
G01 X-94.09770 Y27.06687
G01 X-94.01631 Y27.02870
G01 X-93.92846 Y27.00060
G01 X-93.84433 Y26.98511
G01 X-93.75998 Y26.98000
G01 X-85.13988 Y26.98000
G01 X-85.13940 Y26.80751
G01 X-85.12949 Y26.73355
G01 X-85.10307 Y26.65257
G01 X-85.05088 Y26.56126
G01 X-84.96934 Y26.47774
G01 X-84.93180 Y26.45186
G01 X-84.83754 Y26.40495
G01 X-84.71552 Y26.38074
G01 X-82.99005 Y26.38001
G01 X-82.91453 Y26.38646
G01 X-82.84283 Y26.40482
G01 X-82.74313 Y26.45382
G01 X-82.67346 Y26.51132
G01 X-82.64072 Y26.54757
G01 X-82.58642 Y26.63159
G01 X-82.55464 Y26.71622
G01 X-82.54148 Y26.80558
G01 X-82.53998 Y27.08000
G01 X-57.59998 Y27.08000
G01 X-57.59848 Y26.80558
G01 X-57.58532 Y26.71622
G01 X-57.55355 Y26.63159
G01 X-57.49924 Y26.54757
G01 X-57.46653 Y26.51132
G01 X-57.39686 Y26.45382
G01 X-57.29716 Y26.40482
G01 X-57.22543 Y26.38646
G01 X-57.14994 Y26.38001
G01 X-55.41296 Y26.38166
G01 X-55.33402 Y26.39522
G01 X-55.26120 Y26.42153
G01 X-55.18401 Y26.46703
G01 X-55.11736 Y26.52694
G01 X-55.07032 Y26.58844
G01 X-55.02998 Y26.66847
G01 X-55.00631 Y26.75488
G01 X-54.99998 Y26.83022
G01 X-55.00420 Y28.59108
G01 X-55.01982 Y28.66199
G01 X-55.04697 Y28.73014
G01 X-55.08485 Y28.79295
G01 X-55.13242 Y28.84878
G01 X-55.18843 Y28.89615
G01 X-55.25139 Y28.93377
G01 X-55.30925 Y28.95739
G01 X-55.38083 Y28.97464
G01 X-55.41411 Y28.97746
G01 X-57.14969 Y28.98000
G01 X-57.22543 Y28.97357
G01 X-57.29716 Y28.95521
G01 X-57.39686 Y28.90621
G01 X-57.46653 Y28.84871
G01 X-57.49924 Y28.81246
G01 X-57.55355 Y28.72844
G01 X-57.58532 Y28.64381
G01 X-57.59848 Y28.55442
G01 X-57.59998 Y28.28003
G01 X-82.54009 Y28.28003
G01 X-82.54169 Y28.56466
G01 X-82.56188 Y28.66847
G01 X-82.60110 Y28.75572
G01 X-82.63630 Y28.80814
G01 X-82.70224 Y28.87451
G01 X-82.72815 Y28.89595
G01 X-82.78169 Y28.92884
G01 X-82.87016 Y28.96339
G01 X-82.92998 Y28.97596
G01 X-82.99000 Y28.98003
G01 X-84.68999 Y28.98003
G01 X-84.74999 Y28.97596
G01 X-84.81969 Y28.96087
G01 X-84.91273 Y28.92069
G01 X-84.94552 Y28.89941
G01 X-85.01481 Y28.84142
G01 X-85.08059 Y28.75341
G01 X-85.12032 Y28.66148
G01 X-85.13711 Y28.57271
G01 X-85.13988 Y28.38003
G01 X-93.47001 Y28.38003
G01 X-97.34498 Y32.25500
G01 X-97.45400 Y32.34400
G01 X-97.57767 Y32.40903
G01 X-97.70094 Y32.44606
G01 X-97.84006 Y32.46003
G01 X-103.91436 Y32.45602
G01 X-104.02633 Y32.43470
G01 X-104.13334 Y32.39549
G01 X-104.24147 Y32.33338
G01 X-104.32777 Y32.26204
G01 X-105.84827 Y30.74126
G01 X-105.90989 Y30.66646
G01 X-105.95312 Y30.59775
G01 X-105.99130 Y30.51637
G01 X-106.01939 Y30.42851
G01 X-106.03488 Y30.34439
G01 X-106.03999 Y30.26001
G01 X-106.03999 Y24.26002
G01 X-106.03321 Y24.16319
G01 X-106.00842 Y24.05240
G01 X-105.96605 Y23.94707
G01 X-105.90641 Y23.84884
G01 X-105.83496 Y23.76505
G01 X-92.37497 Y10.30503
G01 X-92.29399 Y10.23566
G01 X-92.20943 Y10.18242
G01 X-92.10926 Y10.13869
G01 X-92.01078 Y10.11237
G01 X-91.88000 Y10.10000
G01 X-26.79999 Y10.10000
G01 X-26.70563 Y10.10643
G01 X-26.59687 Y10.13018
G01 X-26.49207 Y10.17143
G01 X-26.39522 Y10.22896
G01 X-26.30499 Y10.30503
G01 X-17.29500 Y19.31505
G01 X-17.24659 Y19.36877
G01 X-17.20435 Y19.42658
G01 X-17.14301 Y19.54278
G01 X-17.11908 Y19.61030
G01 X-17.10219 Y19.67989
G01 X-17.08998 Y19.81002
G01 X-17.08998 Y34.35517
G01 X-15.27586 Y34.35677
G01 X-15.22457 Y34.36630
G01 X-15.18640 Y34.38332
G01 X-15.15262 Y34.40788
G01 X-15.11873 Y34.44755
G01 X-15.09625 Y34.49464
G01 X-15.08645 Y34.55639
G01 X-15.08498 Y37.55992
G04 P0 ( dwell for no time -- G64 should not smooth over this point )
G00 Z2.00000 ( retract )

G00 X-5.24949 Y10.58194 ( rapid move to begin. )
G01 F300.00000
( Mill infeed pass 1/1 )
G01 Z-0.80000
G04 P0 ( dwell for no time -- G64 should not smooth over this point )
G01 F600.00000
G01 X-5.24949 Y10.58194
G01 X-5.28370 Y10.14714
G01 X-5.35192 Y9.71634
G01 X-5.45375 Y9.29223
G01 X-5.58853 Y8.87742
G01 X-5.75545 Y8.47448
G01 X-5.95345 Y8.08583
G01 X-6.18134 Y7.71395
G01 X-6.43770 Y7.36109
G01 X-6.72096 Y7.02945
G01 X-7.02939 Y6.72101
G01 X-7.36101 Y6.43778
G01 X-7.71390 Y6.18139
G01 X-8.08578 Y5.95350
G01 X-8.47442 Y5.75548
G01 X-8.87737 Y5.58858
G01 X-9.29218 Y5.45381
G01 X-9.71631 Y5.35198
G01 X-10.14709 Y5.28376
G01 X-10.58189 Y5.24954
G01 X-11.01806 Y5.24954
G01 X-11.45285 Y5.28376
G01 X-11.88366 Y5.35198
G01 X-12.30779 Y5.45381
G01 X-12.72257 Y5.58858
G01 X-13.12552 Y5.75548
G01 X-13.51416 Y5.95350
G01 X-13.88607 Y6.18139
G01 X-14.23890 Y6.43775
G01 X-14.57055 Y6.72101
G01 X-14.87898 Y7.02945
G01 X-15.02061 Y7.19526
G01 X-15.16222 Y7.36107
G01 X-15.41861 Y7.71395
G01 X-15.64649 Y8.08583
G01 X-15.84451 Y8.47448
G01 X-16.01142 Y8.87742
G01 X-16.14619 Y9.29223
G01 X-16.24802 Y9.71634
G01 X-16.31624 Y10.14714
G01 X-16.35046 Y10.58194
G01 X-16.35046 Y11.01811
G01 X-16.31624 Y11.45291
G01 X-16.24802 Y11.88372
G01 X-16.14619 Y12.30782
G01 X-16.01142 Y12.72263
G01 X-15.84451 Y13.12557
G01 X-15.64649 Y13.51422
G01 X-15.41861 Y13.88610
G01 X-15.16222 Y14.23898
G01 X-14.87898 Y14.57061
G01 X-14.57055 Y14.87904
G01 X-14.23890 Y15.16230
G01 X-13.88605 Y15.41866
G01 X-13.51416 Y15.64655
G01 X-13.12552 Y15.84457
G01 X-12.72257 Y16.01147
G01 X-12.30779 Y16.14624
G01 X-11.88366 Y16.24807
G01 X-11.45285 Y16.31630
G01 X-11.01806 Y16.35051
G01 X-10.58189 Y16.35051
G01 X-10.14709 Y16.31630
G01 X-9.71631 Y16.24807
G01 X-9.56655 Y16.21213
G01 X-9.29215 Y16.14624
G01 X-8.87737 Y16.01147
G01 X-8.47442 Y15.84457
G01 X-8.08578 Y15.64655
G01 X-7.71390 Y15.41863
G01 X-7.36101 Y15.16227
G01 X-7.02939 Y14.87901
G01 X-6.72096 Y14.57058
G01 X-6.43770 Y14.23896
G01 X-6.18134 Y13.88610
G01 X-5.95345 Y13.51422
G01 X-5.75543 Y13.12557
G01 X-5.58853 Y12.72263
G01 X-5.45375 Y12.30782
G01 X-5.35192 Y11.88369
G01 X-5.28370 Y11.45291
G01 X-5.24949 Y11.01811
G01 X-5.24949 Y10.58194
G01 X-5.55007 Y10.80323
G01 X-5.59383 Y10.12639
G01 X-5.71583 Y9.49127
G01 X-5.91992 Y8.86444
G01 X-6.19790 Y8.27367
G01 X-6.55083 Y7.71680
G01 X-6.97516 Y7.20389
G01 X-7.45601 Y6.75287
G01 X-7.98428 Y6.36907
G01 X-8.56751 Y6.04845
G01 X-9.17462 Y5.80806
G01 X-9.81310 Y5.64372
G01 X-10.47345 Y5.56031
G01 X-11.12641 Y5.56029
G01 X-11.78056 Y5.64253
G01 X-12.42534 Y5.80806
G01 X-13.03817 Y6.05114
G01 X-13.61035 Y6.36569
G01 X-14.14886 Y6.75696
G01 X-14.62922 Y7.20859
G01 X-15.04916 Y7.71685
G01 X-15.40204 Y8.27367
G01 X-15.68007 Y8.86450
G01 X-15.88574 Y9.49749
G01 X-16.00809 Y10.13886
G01 X-16.04987 Y10.79680
G01 X-16.00809 Y11.46119
G01 X-15.88416 Y12.10871
G01 X-15.68238 Y12.72971
G01 X-15.39895 Y13.33200
G01 X-15.04535 Y13.88844
G01 X-14.62912 Y14.39154
G01 X-14.14398 Y14.84713
G01 X-13.61571 Y15.23095
G01 X-13.03822 Y15.54889
G01 X-12.43720 Y15.78770
G01 X-11.78686 Y15.95633
G01 X-11.12649 Y16.03974
G01 X-10.47353 Y16.03977
G01 X-9.83188 Y15.95950
G01 X-9.16286 Y15.78775
G01 X-8.56759 Y15.55163
G01 X-7.97920 Y15.22730
G01 X-7.45108 Y14.84310
G01 X-6.97077 Y14.39151
G01 X-6.55456 Y13.88839
G01 X-6.19790 Y13.32639
G01 X-5.91753 Y12.72961
G01 X-5.71423 Y12.10251
G01 X-5.59185 Y11.46119
G01 X-5.55007 Y10.80323
G04 P0 ( dwell for no time -- G64 should not smooth over this point )
G00 Z2.00000 ( retract )

G00 X-6.05045 Y10.80003 ( rapid move to begin. )
G01 F300.00000
( Mill infeed pass 1/1 )
G01 Z-0.80000
G04 P0 ( dwell for no time -- G64 should not smooth over this point )
G01 F600.00000
G01 X-6.05045 Y10.80003
G01 X-6.08792 Y11.39528
G01 X-6.19970 Y11.98118
G01 X-6.38400 Y12.54844
G01 X-6.63795 Y13.08813
G01 X-6.95753 Y13.59171
G01 X-7.33775 Y14.05130
G01 X-7.77252 Y14.45958
G01 X-8.25507 Y14.81018
G01 X-8.77772 Y15.09750
G01 X-9.33231 Y15.31706
G01 X-9.91001 Y15.46540
G01 X-10.50175 Y15.54015
G01 X-11.09819 Y15.54015
G01 X-11.68996 Y15.46540
G01 X-12.26766 Y15.31706
G01 X-12.82222 Y15.09750
G01 X-13.34487 Y14.81018
G01 X-13.82742 Y14.45958
G01 X-14.26219 Y14.05130
G01 X-14.64241 Y13.59171
G01 X-14.96199 Y13.08811
G01 X-15.21596 Y12.54844
G01 X-15.40027 Y11.98118
G01 X-15.51203 Y11.39530
G01 X-15.54949 Y10.80003
G01 X-15.51203 Y10.20475
G01 X-15.40027 Y9.61888
G01 X-15.21596 Y9.05162
G01 X-14.96199 Y8.51194
G01 X-14.64241 Y8.00834
G01 X-14.26219 Y7.54875
G01 X-13.82742 Y7.14047
G01 X-13.34487 Y6.78987
G01 X-12.82222 Y6.50255
G01 X-12.26766 Y6.28299
G01 X-11.68996 Y6.13466
G01 X-11.09819 Y6.05990
G01 X-10.50175 Y6.05990
G01 X-9.91001 Y6.13466
G01 X-9.33231 Y6.28299
G01 X-8.77772 Y6.50255
G01 X-8.25507 Y6.78987
G01 X-7.77252 Y7.14047
G01 X-7.33775 Y7.54875
G01 X-6.95753 Y8.00834
G01 X-6.63795 Y8.51192
G01 X-6.38400 Y9.05162
G01 X-6.19970 Y9.61888
G01 X-6.08792 Y10.20478
G01 X-6.05045 Y10.80003
G04 P0 ( dwell for no time -- G64 should not smooth over this point )
G00 Z2.00000 ( retract )

G00 X-24.57449 Y24.79238 ( rapid move to begin. )
G01 F300.00000
( Mill infeed pass 1/1 )
G01 Z-0.80000
G04 P0 ( dwell for no time -- G64 should not smooth over this point )
G01 F600.00000
G01 X-24.57449 Y24.79238
G01 X-24.58315 Y24.68219
G01 X-24.63073 Y24.49334
G01 X-24.71076 Y24.31712
G01 X-24.82102 Y24.15799
G01 X-24.95793 Y24.02108
G01 X-25.11706 Y23.91085
G01 X-25.29334 Y23.83078
G01 X-25.48214 Y23.78319
G01 X-25.59230 Y23.77455
G01 X-26.85765 Y23.77455
G01 X-26.96781 Y23.78319
G01 X-27.15661 Y23.83078
G01 X-27.33288 Y23.91085
G01 X-27.49201 Y24.02108
G01 X-27.55884 Y24.08748
G01 X-27.58627 Y24.10800
G01 X-27.68820 Y24.16081
G01 X-27.72074 Y24.16901
G01 X-27.77967 Y24.17455
G01 X-29.89307 Y24.17323
G01 X-29.99366 Y24.14676
G01 X-30.03285 Y24.13058
G01 X-30.06773 Y24.10650
G01 X-30.15609 Y24.02235
G01 X-30.31705 Y23.91085
G01 X-30.49333 Y23.83078
G01 X-30.68213 Y23.78319
G01 X-30.79229 Y23.77455
G01 X-32.05766 Y23.77455
G01 X-32.16782 Y23.78319
G01 X-32.35662 Y23.83078
G01 X-32.53290 Y23.91085
G01 X-32.69203 Y24.02108
G01 X-32.82891 Y24.15796
G01 X-32.93914 Y24.31712
G01 X-33.01920 Y24.49339
G01 X-33.06680 Y24.68222
G01 X-33.07547 Y24.79238
G01 X-33.07547 Y25.17284
G01 X-33.07841 Y25.20696
G01 X-33.11362 Y25.32382
G01 X-33.13350 Y25.35766
G01 X-33.16305 Y25.39421
G01 X-42.48307 Y34.71461
G01 X-42.50923 Y34.73663
G01 X-42.61675 Y34.79439
G01 X-42.65477 Y34.80427
G01 X-42.71218 Y34.80953
G01 X-46.00577 Y34.80953
G01 X-46.03985 Y34.80658
G01 X-46.13902 Y34.77854
G01 X-46.17651 Y34.76084
G01 X-46.21692 Y34.72850
G01 X-46.27620 Y34.66010
G01 X-46.29322 Y34.63445
G01 X-46.30942 Y34.59675
G01 X-46.32568 Y34.53325
G01 X-46.33046 Y34.48857
G01 X-46.36688 Y34.35789
G01 X-46.37501 Y34.33963
G01 X-46.44572 Y34.23028
G01 X-46.53378 Y34.14735
G01 X-46.65060 Y34.08228
G01 X-46.71481 Y34.06119
G01 X-46.85207 Y34.04453
G01 X-51.83238 Y34.04453
G01 X-51.91137 Y34.05050
G01 X-52.04215 Y34.08697
G01 X-52.06042 Y34.09508
G01 X-52.16974 Y34.16577
G01 X-52.25267 Y34.25385
G01 X-52.31774 Y34.37062
G01 X-52.33880 Y34.43483
G01 X-52.35546 Y34.57214
G01 X-52.35546 Y37.55247
G01 X-52.34954 Y37.63091
G01 X-52.31045 Y37.76835
G01 X-52.23423 Y37.88979
G01 X-52.14614 Y37.97272
G01 X-52.02938 Y38.03779
G01 X-51.96517 Y38.05885
G01 X-51.82788 Y38.07551
G01 X-46.84752 Y38.07551
G01 X-46.76856 Y38.06954
G01 X-46.63785 Y38.03312
G01 X-46.61958 Y38.02499
G01 X-46.51021 Y37.95428
G01 X-46.42728 Y37.86619
G01 X-46.36223 Y37.74943
G01 X-46.34115 Y37.68519
G01 X-46.32324 Y37.56192
G01 X-46.28776 Y37.47630
G01 X-46.26751 Y37.44013
G01 X-46.23246 Y37.40206
G01 X-46.15796 Y37.35052
G01 X-46.11910 Y37.33012
G01 X-46.07676 Y37.31869
G01 X-46.00861 Y37.31051
G01 X-41.96155 Y37.31051
G01 X-41.76714 Y37.27973
G01 X-41.57994 Y37.21890
G01 X-41.40456 Y37.12954
G01 X-41.24533 Y37.01384
G01 X-31.40189 Y27.17043
G01 X-31.36617 Y27.14206
G01 X-31.28502 Y27.09773
G01 X-31.23171 Y27.08105
G01 X-31.17280 Y27.07551
G01 X-30.79231 Y27.07551
G01 X-30.68213 Y27.06685
G01 X-30.49330 Y27.01927
G01 X-30.31705 Y26.93921
G01 X-30.15792 Y26.82898
G01 X-30.09107 Y26.76258
G01 X-30.05381 Y26.73629
G01 X-29.96176 Y26.68928
G01 X-29.92919 Y26.68105
G01 X-29.87029 Y26.67551
G01 X-27.75686 Y26.67683
G01 X-27.64617 Y26.70657
G01 X-27.60794 Y26.72478
G01 X-27.58226 Y26.74353
G01 X-27.49384 Y26.82768
G01 X-27.33288 Y26.93924
G01 X-27.15666 Y27.01927
G01 X-26.96781 Y27.06685
G01 X-26.85762 Y27.07551
G01 X-25.59232 Y27.07551
G01 X-25.48214 Y27.06685
G01 X-25.29331 Y27.01927
G01 X-25.11706 Y26.93921
G01 X-24.95793 Y26.82898
G01 X-24.82102 Y26.69207
G01 X-24.71079 Y26.53294
G01 X-24.63073 Y26.35669
G01 X-24.58315 Y26.16786
G01 X-24.57449 Y26.05768
G01 X-24.57449 Y24.79238
G01 X-24.87500 Y26.00508
G01 X-24.87518 Y24.83472
G01 X-24.88181 Y24.74745
G01 X-24.89979 Y24.65634
G01 X-24.92069 Y24.58781
G01 X-24.95920 Y24.49947
G01 X-25.00995 Y24.41308
G01 X-25.07802 Y24.32713
G01 X-25.15661 Y24.25237
G01 X-25.23576 Y24.19507
G01 X-25.33070 Y24.14387
G01 X-25.42212 Y24.10932
G01 X-25.52717 Y24.08484
G01 X-25.62702 Y24.07546
G01 X-26.80756 Y24.07506
G01 X-26.89234 Y24.08054
G01 X-26.96298 Y24.09256
G01 X-27.07690 Y24.12649
G01 X-27.15335 Y24.16027
G01 X-27.24025 Y24.21227
G01 X-27.32541 Y24.28036
G01 X-27.39415 Y24.35250
G01 X-27.45396 Y24.43416
G01 X-27.47698 Y24.47503
G01 X-30.17339 Y24.47503
G01 X-30.20166 Y24.42545
G01 X-30.26026 Y24.34724
G01 X-30.33666 Y24.26944
G01 X-30.41540 Y24.20838
G01 X-30.49958 Y24.15877
G01 X-30.59074 Y24.12007
G01 X-30.71715 Y24.08659
G01 X-30.84748 Y24.07501
G01 X-32.02622 Y24.07546
G01 X-32.10595 Y24.08230
G01 X-32.18675 Y24.09784
G01 X-32.26541 Y24.12187
G01 X-32.33145 Y24.14971
G01 X-32.41293 Y24.19418
G01 X-32.48012 Y24.24166
G01 X-32.54189 Y24.29599
G01 X-32.59061 Y24.34854
G01 X-32.64651 Y24.42266
G01 X-32.68304 Y24.48430
G01 X-32.72566 Y24.57854
G01 X-32.74806 Y24.64752
G01 X-32.76510 Y24.72845
G01 X-32.77427 Y24.82392
G01 X-32.77498 Y25.43152
G01 X-42.45348 Y35.11004
G01 X-46.63498 Y35.11004
G01 X-46.63498 Y34.56002
G01 X-46.64186 Y34.50808
G01 X-46.66746 Y34.45078
G01 X-46.68667 Y34.42584
G01 X-46.71448 Y34.39932
G01 X-46.76853 Y34.36823
G01 X-46.82957 Y34.35530
G01 X-51.83997 Y34.35505
G01 X-51.89158 Y34.36180
G01 X-51.94861 Y34.38710
G01 X-51.97345 Y34.40610
G01 X-52.00014 Y34.43381
G01 X-52.03164 Y34.48817
G01 X-52.04472 Y34.54961
G01 X-52.04350 Y37.56365
G01 X-52.03370 Y37.62540
G01 X-52.00530 Y37.68113
G01 X-51.97733 Y37.71219
G01 X-51.93433 Y37.74173
G01 X-51.89532 Y37.75672
G01 X-51.84358 Y37.76355
G01 X-46.82962 Y37.76472
G01 X-46.76858 Y37.75179
G01 X-46.71448 Y37.72070
G01 X-46.68667 Y37.69418
G01 X-46.66746 Y37.66924
G01 X-46.64186 Y37.61194
G01 X-46.63498 Y37.56002
G01 X-46.63498 Y37.01003
G01 X-42.04982 Y37.00996
G01 X-41.94449 Y37.00300
G01 X-41.84319 Y36.98496
G01 X-41.74446 Y36.95611
G01 X-41.65932 Y36.92116
G01 X-41.57078 Y36.87440
G01 X-41.51243 Y36.83622
G01 X-41.38823 Y36.73177
G01 X-31.43140 Y26.77495
G01 X-30.81598 Y26.77424
G01 X-30.71482 Y26.76309
G01 X-30.60905 Y26.73654
G01 X-30.50405 Y26.69321
G01 X-30.43199 Y26.65262
G01 X-30.36379 Y26.60355
G01 X-30.29356 Y26.53947
G01 X-30.23892 Y26.47622
G01 X-30.17268 Y26.37503
G01 X-27.47659 Y26.37503
G01 X-27.44385 Y26.43126
G01 X-27.37736 Y26.51696
G01 X-27.31172 Y26.58204
G01 X-27.23880 Y26.63878
G01 X-27.12981 Y26.70101
G01 X-27.04744 Y26.73439
G01 X-26.95003 Y26.76032
G01 X-26.80764 Y26.77495
G01 X-25.64744 Y26.77500
G01 X-25.52951 Y26.76553
G01 X-25.41254 Y26.73769
G01 X-25.30251 Y26.69232
G01 X-25.22422 Y26.64752
G01 X-25.15303 Y26.59433
G01 X-25.06265 Y26.50558
G01 X-24.99242 Y26.40949
G01 X-24.94477 Y26.32133
G01 X-24.91236 Y26.23655
G01 X-24.88643 Y26.13261
G01 X-24.87500 Y26.00508
G04 P0 ( dwell for no time -- G64 should not smooth over this point )
G00 Z2.00000 ( retract )

G00 X-39.87449 Y25.31684 ( rapid move to begin. )
G01 F300.00000
( Mill infeed pass 1/1 )
G01 Z-0.80000
G04 P0 ( dwell for no time -- G64 should not smooth over this point )
G01 F600.00000
G01 X-39.87449 Y25.31684
G01 X-39.90271 Y25.10233
G01 X-39.95871 Y24.89334
G01 X-40.04152 Y24.69347
G01 X-40.14967 Y24.50609
G01 X-40.28140 Y24.33447
G01 X-40.43438 Y24.18146
G01 X-40.60603 Y24.04976
G01 X-40.79343 Y23.94158
G01 X-40.99331 Y23.85878
G01 X-41.20230 Y23.80277
G01 X-41.41678 Y23.77455
G01 X-41.63316 Y23.77455
G01 X-41.84766 Y23.80277
G01 X-42.05665 Y23.85878
G01 X-42.25652 Y23.94158
G01 X-42.44393 Y24.04976
G01 X-42.54812 Y24.12601
G01 X-42.64398 Y24.16419
G01 X-42.69561 Y24.17384
G01 X-45.16188 Y24.17422
G01 X-45.19579 Y24.16934
G01 X-45.29348 Y24.13988
G01 X-45.33000 Y24.12022
G01 X-45.36167 Y24.09347
G01 X-45.42078 Y24.02527
G01 X-45.44212 Y23.99154
G01 X-45.45634 Y23.95425
G01 X-45.47417 Y23.86124
G01 X-45.47448 Y21.99414
G01 X-45.50529 Y21.79970
G01 X-45.56609 Y21.61250
G01 X-45.65545 Y21.43711
G01 X-45.77115 Y21.27788
G01 X-49.31115 Y17.73786
G01 X-49.33952 Y17.70215
G01 X-49.37876 Y17.63098
G01 X-49.39474 Y17.59272
G01 X-49.40134 Y17.56232
G01 X-49.40271 Y17.52087
G01 X-49.39672 Y17.44086
G01 X-49.39050 Y17.41035
G01 X-49.36992 Y17.36283
G01 X-49.31651 Y17.28968
G01 X-49.28831 Y17.25920
G01 X-49.24528 Y17.23034
G01 X-49.16075 Y17.19768
G01 X-49.12060 Y17.18731
G01 X-49.05857 Y17.18772
G01 X-48.95052 Y17.21340
G01 X-48.80350 Y17.29547
G01 X-48.59761 Y17.38076
G01 X-48.38234 Y17.43844
G01 X-48.16141 Y17.46750
G01 X-47.93853 Y17.46750
G01 X-47.71763 Y17.43844
G01 X-47.50236 Y17.38076
G01 X-47.29647 Y17.29547
G01 X-47.20894 Y17.24495
G01 X-47.28316 Y17.17073
G01 X-47.37716 Y17.21916
G01 X-47.50610 Y17.27223
G01 X-47.63914 Y17.31386
G01 X-47.77533 Y17.34375
G01 X-47.91359 Y17.36168
G01 X-48.05288 Y17.36750
G01 X-48.19217 Y17.36118
G01 X-48.33038 Y17.34276
G01 X-48.46644 Y17.31236
G01 X-48.59934 Y17.27024
G01 X-48.72809 Y17.21673
G01 X-48.84404 Y17.15638
G01 X-48.97620 Y17.07197
G01 X-49.07968 Y16.99214
G01 X-49.18239 Y16.89785
G01 X-49.27650 Y16.79498
G01 X-49.35613 Y16.69135
G01 X-49.44030 Y16.55902
G01 X-49.50043 Y16.44297
G01 X-49.55372 Y16.31414
G01 X-49.59560 Y16.18114
G01 X-49.62573 Y16.04502
G01 X-49.64391 Y15.90680
G01 X-49.64998 Y15.76750
G01 X-49.64391 Y15.62824
G01 X-49.62573 Y15.48998
G01 X-49.59560 Y15.35386
G01 X-49.55372 Y15.22090
G01 X-49.50043 Y15.09207
G01 X-49.45316 Y15.00073
G01 X-49.52740 Y14.92651
G01 X-49.57792 Y15.01401
G01 X-49.66319 Y15.21991
G01 X-49.72087 Y15.43517
G01 X-49.74996 Y15.65610
G01 X-49.74996 Y15.87893
G01 X-49.72087 Y16.09989
G01 X-49.66319 Y16.31515
G01 X-49.57792 Y16.52102
G01 X-49.49611 Y16.66862
G01 X-49.47081 Y16.76854
G01 X-49.46893 Y16.83054
G01 X-49.47835 Y16.87091
G01 X-49.50899 Y16.95617
G01 X-49.53682 Y16.99989
G01 X-49.56662 Y17.02877
G01 X-49.62987 Y17.07814
G01 X-49.67566 Y17.10225
G01 X-49.71579 Y17.11254
G01 X-49.82677 Y17.12099
G01 X-49.86771 Y17.11421
G01 X-49.89700 Y17.10365
G01 X-49.97749 Y17.06212
G01 X-50.01074 Y17.03786
G01 X-51.06979 Y15.97741
G01 X-51.12219 Y15.88752
G01 X-51.14129 Y15.83763
G01 X-51.14660 Y15.79522
G01 X-51.14924 Y15.64469
G01 X-51.18201 Y15.39598
G01 X-51.24647 Y15.15531
G01 X-51.34183 Y14.92516
G01 X-51.46639 Y14.70939
G01 X-51.61802 Y14.51175
G01 X-51.79417 Y14.33558
G01 X-51.99184 Y14.18394
G01 X-52.20761 Y14.05938
G01 X-52.43776 Y13.96403
G01 X-52.67842 Y13.89954
G01 X-52.92541 Y13.86703
G01 X-53.17451 Y13.86703
G01 X-53.42153 Y13.89954
G01 X-53.66219 Y13.96403
G01 X-53.89234 Y14.05938
G01 X-54.10811 Y14.18394
G01 X-54.30575 Y14.33558
G01 X-54.48193 Y14.51175
G01 X-54.63356 Y14.70939
G01 X-54.75813 Y14.92516
G01 X-54.85348 Y15.15531
G01 X-54.91794 Y15.39595
G01 X-54.95045 Y15.64297
G01 X-54.95045 Y15.89209
G01 X-54.91794 Y16.13908
G01 X-54.85348 Y16.37972
G01 X-54.75813 Y16.60989
G01 X-54.63359 Y16.82564
G01 X-54.48190 Y17.02331
G01 X-54.30573 Y17.19948
G01 X-54.10811 Y17.35112
G01 X-53.89234 Y17.47568
G01 X-53.66217 Y17.57103
G01 X-53.42153 Y17.63550
G01 X-53.17451 Y17.66801
G01 X-53.04073 Y17.66834
G01 X-53.00685 Y17.67322
G01 X-52.89742 Y17.70796
G01 X-52.86857 Y17.72518
G01 X-52.83082 Y17.75554
G01 X-48.07038 Y22.51560
G01 X-48.03624 Y22.56119
G01 X-47.98920 Y22.65324
G01 X-47.98100 Y22.68578
G01 X-47.97577 Y22.73394
G01 X-47.97678 Y24.25629
G01 X-47.98359 Y24.28984
G01 X-48.01440 Y24.38611
G01 X-48.02994 Y24.41323
G01 X-48.10007 Y24.50576
G01 X-48.20843 Y24.69347
G01 X-48.29123 Y24.89334
G01 X-48.34724 Y25.10233
G01 X-48.37546 Y25.31684
G01 X-48.37546 Y25.53322
G01 X-48.34724 Y25.74772
G01 X-48.29123 Y25.95669
G01 X-48.20843 Y26.15659
G01 X-48.10028 Y26.34394
G01 X-47.98001 Y26.50068
G01 X-47.81478 Y26.66921
G01 X-47.64392 Y26.80030
G01 X-47.45651 Y26.90848
G01 X-47.25664 Y26.99128
G01 X-47.04765 Y27.04729
G01 X-46.83317 Y27.07551
G01 X-46.61679 Y27.07551
G01 X-46.40229 Y27.04729
G01 X-46.19330 Y26.99128
G01 X-45.99342 Y26.90848
G01 X-45.80602 Y26.80030
G01 X-45.70183 Y26.72405
G01 X-45.60562 Y26.68577
G01 X-45.56300 Y26.67688
G01 X-42.70509 Y26.67584
G01 X-42.66016 Y26.68364
G01 X-42.58319 Y26.70652
G01 X-42.55457 Y26.71915
G01 X-42.44423 Y26.80012
G01 X-42.25652 Y26.90848
G01 X-42.05665 Y26.99128
G01 X-41.84766 Y27.04729
G01 X-41.63316 Y27.07551
G01 X-41.41678 Y27.07551
G01 X-41.20230 Y27.04729
G01 X-40.99331 Y26.99128
G01 X-40.79341 Y26.90848
G01 X-40.60606 Y26.80032
G01 X-40.43438 Y26.66860
G01 X-40.28140 Y26.51559
G01 X-40.14970 Y26.34399
G01 X-40.04152 Y26.15656
G01 X-39.95871 Y25.95671
G01 X-39.90271 Y25.74770
G01 X-39.87449 Y25.53322
G01 X-39.87449 Y25.31684
G01 X-40.17687 Y25.35986
G01 X-40.19968 Y25.16969
G01 X-40.23725 Y25.01976
G01 X-40.29709 Y24.86396
G01 X-40.38254 Y24.70640
G01 X-40.47192 Y24.58031
G01 X-40.57560 Y24.46571
G01 X-40.72097 Y24.34097
G01 X-40.85000 Y24.25588
G01 X-40.98818 Y24.18669
G01 X-41.15434 Y24.12690
G01 X-41.24266 Y24.10498
G01 X-41.33661 Y24.08832
G01 X-41.44560 Y24.07744
G01 X-41.54101 Y24.07521
G01 X-41.63631 Y24.07970
G01 X-41.73105 Y24.09093
G01 X-41.81098 Y24.10577
G01 X-41.90346 Y24.12926
G01 X-41.99404 Y24.15923
G01 X-42.09513 Y24.20142
G01 X-42.18012 Y24.24475
G01 X-42.26186 Y24.29398
G01 X-42.32861 Y24.34039
G01 X-42.40321 Y24.39987
G01 X-42.48383 Y24.47485
G01 X-45.76599 Y24.47503
G01 X-45.77498 Y24.46617
G01 X-45.77498 Y22.09251
G01 X-45.77869 Y22.01065
G01 X-45.80287 Y21.86422
G01 X-45.84791 Y21.72761
G01 X-45.91306 Y21.59937
G01 X-45.99784 Y21.48118
G01 X-46.05324 Y21.42078
G01 X-51.46799 Y16.00601
G01 X-51.45508 Y15.89377
G01 X-51.45028 Y15.79222
G01 X-51.45211 Y15.68694
G01 X-51.46080 Y15.58272
G01 X-51.47627 Y15.47929
G01 X-51.49844 Y15.37708
G01 X-51.53502 Y15.25313
G01 X-51.57215 Y15.15460
G01 X-51.62054 Y15.04896
G01 X-51.66908 Y14.95961
G01 X-51.72519 Y14.87050
G01 X-51.78660 Y14.78590
G01 X-51.85343 Y14.70545
G01 X-51.94307 Y14.61234
G01 X-52.01724 Y14.54546
G01 X-52.14513 Y14.44795
G01 X-52.28345 Y14.36309
G01 X-52.41104 Y14.30086
G01 X-52.58195 Y14.23774
G01 X-52.72930 Y14.19997
G01 X-52.86953 Y14.17792
G01 X-53.05071 Y14.16771
G01 X-53.19216 Y14.17383
G01 X-53.34215 Y14.19441
G01 X-53.49966 Y14.23200
G01 X-53.63392 Y14.27807
G01 X-53.79026 Y14.34907
G01 X-53.92130 Y14.42557
G01 X-54.05246 Y14.52052
G01 X-54.16610 Y14.62110
G01 X-54.28193 Y14.74686
G01 X-54.36613 Y14.85796
G01 X-54.43610 Y14.96834
G01 X-54.49658 Y15.08424
G01 X-54.55752 Y15.23149
G01 X-54.60072 Y15.37431
G01 X-54.63079 Y15.52156
G01 X-54.64576 Y15.65140
G01 X-54.64974 Y15.78203
G01 X-54.64055 Y15.94114
G01 X-54.61931 Y16.07929
G01 X-54.58622 Y16.21475
G01 X-54.53783 Y16.35549
G01 X-54.47611 Y16.49252
G01 X-54.41230 Y16.60659
G01 X-54.33410 Y16.72201
G01 X-54.25178 Y16.82353
G01 X-54.17873 Y16.90139
G01 X-54.10225 Y16.97271
G01 X-54.01256 Y17.04543
G01 X-53.92643 Y17.10601
G01 X-53.83712 Y17.16039
G01 X-53.74444 Y17.20885
G01 X-53.64881 Y17.25114
G01 X-53.55061 Y17.28708
G01 X-53.45025 Y17.31655
G01 X-53.34822 Y17.33938
G01 X-53.23407 Y17.35678
G01 X-53.12912 Y17.36547
G01 X-53.02458 Y17.36722
G01 X-52.92010 Y17.36214
G01 X-52.81147 Y17.34952
G01 X-47.67498 Y22.48603
G01 X-47.67498 Y24.46799
G01 X-47.71874 Y24.51161
G01 X-47.80983 Y24.62192
G01 X-47.88354 Y24.73200
G01 X-47.95458 Y24.86827
G01 X-48.00345 Y24.99141
G01 X-48.04226 Y25.12961
G01 X-48.06736 Y25.28168
G01 X-48.07498 Y25.42502
G01 X-48.06736 Y25.56835
G01 X-48.04226 Y25.72042
G01 X-48.00333 Y25.85903
G01 X-47.94551 Y26.00190
G01 X-47.87714 Y26.12860
G01 X-47.78943 Y26.25534
G01 X-47.69527 Y26.36365
G01 X-47.59080 Y26.46080
G01 X-47.48618 Y26.53995
G01 X-47.38443 Y26.60299
G01 X-47.27790 Y26.65659
G01 X-47.16703 Y26.70058
G01 X-47.05230 Y26.73474
G01 X-46.92454 Y26.76019
G01 X-46.80546 Y26.77261
G01 X-46.68578 Y26.77444
G01 X-46.55499 Y26.76426
G01 X-46.41463 Y26.73886
G01 X-46.27729 Y26.69862
G01 X-46.15471 Y26.64838
G01 X-46.01923 Y26.57584
G01 X-45.90996 Y26.50091
G01 X-45.80066 Y26.40861
G01 X-45.76734 Y26.37503
G01 X-42.48185 Y26.37503
G01 X-42.44436 Y26.41358
G01 X-42.33399 Y26.50576
G01 X-42.20552 Y26.59093
G01 X-42.07789 Y26.65659
G01 X-41.94400 Y26.70833
G01 X-41.79501 Y26.74772
G01 X-41.65261 Y26.76896
G01 X-41.49859 Y26.77475
G01 X-41.35543 Y26.76433
G01 X-41.21418 Y26.73875
G01 X-41.07697 Y26.69822
G01 X-40.92485 Y26.63401
G01 X-40.80908 Y26.56957
G01 X-40.69196 Y26.48735
G01 X-40.58419 Y26.39321
G01 X-40.48645 Y26.28752
G01 X-40.38841 Y26.15351
G01 X-40.31289 Y26.01866
G01 X-40.24101 Y25.84203
G01 X-40.19732 Y25.66776
G01 X-40.17794 Y25.51442
G01 X-40.17687 Y25.35986
G04 P0 ( dwell for no time -- G64 should not smooth over this point )
G00 Z2.00000 ( retract )

G00 X-47.20894 Y14.29011 ( rapid move to begin. )
G01 F300.00000
( Mill infeed pass 1/1 )
G01 Z-0.80000
G04 P0 ( dwell for no time -- G64 should not smooth over this point )
G01 F600.00000
G01 X-47.20894 Y14.29011
G01 X-47.29644 Y14.23959
G01 X-47.50236 Y14.15430
G01 X-47.71763 Y14.09662
G01 X-47.93856 Y14.06753
G01 X-48.16139 Y14.06753
G01 X-48.38234 Y14.09662
G01 X-48.59761 Y14.15430
G01 X-48.80350 Y14.23957
G01 X-48.89100 Y14.29009
G01 X-48.81681 Y14.36428
G01 X-48.75227 Y14.33002
G01 X-48.63596 Y14.27881
G01 X-48.52568 Y14.24000
G01 X-48.41780 Y14.21051
G01 X-48.30312 Y14.18778
G01 X-48.18781 Y14.17358
G01 X-48.04564 Y14.16763
G01 X-47.92880 Y14.17226
G01 X-47.81765 Y14.18460
G01 X-47.68781 Y14.20919
G01 X-47.57216 Y14.24053
G01 X-47.45928 Y14.28069
G01 X-47.35227 Y14.32778
G01 X-47.28311 Y14.36426
G01 X-47.20894 Y14.29011
G04 P0 ( dwell for no time -- G64 should not smooth over this point )
G00 Z2.00000 ( retract )

G00 X-50.19997 Y23.01750 ( rapid move to begin. )
G01 F300.00000
( Mill infeed pass 1/1 )
G01 Z-0.80000
G04 P0 ( dwell for no time -- G64 should not smooth over this point )
G01 F600.00000
G01 X-50.19997 Y23.01750
G01 X-50.21226 Y22.89673
G01 X-50.24810 Y22.78207
G01 X-50.29969 Y22.68629
G01 X-50.37571 Y22.59325
G01 X-56.57745 Y16.39153
G01 X-56.54039 Y16.29773
G01 X-56.50288 Y16.17553
G01 X-56.47527 Y16.05076
G01 X-56.45766 Y15.92417
G01 X-56.45025 Y15.79656
G01 X-56.45304 Y15.66880
G01 X-56.46602 Y15.54165
G01 X-56.48748 Y15.42377
G01 X-56.52467 Y15.28488
G01 X-56.56493 Y15.17203
G01 X-56.62089 Y15.04833
G01 X-56.67859 Y14.94332
G01 X-56.74877 Y14.83649
G01 X-56.82221 Y14.74180
G01 X-56.90036 Y14.65486
G01 X-56.98413 Y14.57436
G01 X-57.08223 Y14.49357
G01 X-57.17781 Y14.42626
G01 X-57.27745 Y14.36652
G01 X-57.38118 Y14.31414
G01 X-57.48842 Y14.26944
G01 X-57.60910 Y14.22961
G01 X-57.72256 Y14.20149
G01 X-57.83709 Y14.18186
G01 X-57.95271 Y14.17058
G01 X-58.07976 Y14.16794
G01 X-58.19650 Y14.17434
G01 X-58.31174 Y14.18917
G01 X-58.42558 Y14.21234
G01 X-58.53747 Y14.24371
G01 X-58.65685 Y14.28722
G01 X-58.82924 Y14.37012
G01 X-58.91547 Y14.42191
G01 X-58.99274 Y14.47485
G01 X-59.14059 Y14.59679
G01 X-59.26708 Y14.72895
G01 X-59.33096 Y14.80898
G01 X-59.38875 Y14.89133
G01 X-59.48019 Y15.05021
G01 X-59.55372 Y15.22090
G01 X-59.60696 Y15.39895
G01 X-59.63919 Y15.58198
G01 X-59.64996 Y15.76461
G01 X-59.64681 Y15.86694
G01 X-59.63747 Y15.96710
G01 X-59.60424 Y16.14739
G01 X-59.54971 Y16.32503
G01 X-59.47493 Y16.49519
G01 X-59.38095 Y16.65551
G01 X-59.27016 Y16.80248
G01 X-59.18212 Y16.89811
G01 X-59.07968 Y16.99214
G01 X-58.96917 Y17.07713
G01 X-58.85911 Y17.14766
G01 X-58.72009 Y17.22023
G01 X-58.59967 Y17.27012
G01 X-58.46919 Y17.31144
G01 X-58.34181 Y17.34068
G01 X-58.20374 Y17.36011
G01 X-58.06488 Y17.36745
G01 X-57.93640 Y17.36349
G01 X-57.79825 Y17.34759
G01 X-57.66201 Y17.31975
G01 X-57.53866 Y17.28360
G01 X-57.42581 Y17.24020
G01 X-51.39999 Y23.26604
G01 X-51.39999 Y28.70525
G01 X-53.85475 Y31.16001
G01 X-71.73996 Y31.16001
G01 X-71.73996 Y30.61965
G01 X-71.71217 Y30.59430
G01 X-71.63706 Y30.51200
G01 X-71.56279 Y30.40377
G01 X-71.49733 Y30.26600
G01 X-71.45870 Y30.13052
G01 X-71.44206 Y30.01055
G01 X-71.44209 Y29.88896
G01 X-71.46345 Y29.74601
G01 X-71.48590 Y29.66623
G01 X-71.51887 Y29.58155
G01 X-71.56020 Y29.50065
G01 X-71.60274 Y29.43380
G01 X-71.65055 Y29.37152
G01 X-71.70358 Y29.31363
G01 X-71.76203 Y29.26011
G01 X-71.83394 Y29.20575
G01 X-71.89385 Y29.16854
G01 X-71.97153 Y29.12889
G01 X-72.04519 Y29.09966
G01 X-72.13173 Y29.07444
G01 X-72.20094 Y29.06097
G01 X-72.30945 Y29.05069
G01 X-72.37996 Y29.05089
G01 X-72.47330 Y29.05996
G01 X-72.60714 Y29.09062
G01 X-72.68440 Y29.11853
G01 X-72.75555 Y29.15170
G01 X-72.82355 Y29.19097
G01 X-72.88788 Y29.23601
G01 X-72.94801 Y29.28645
G01 X-72.99751 Y29.33568
G01 X-73.08989 Y29.45244
G01 X-73.13216 Y29.52287
G01 X-73.16276 Y29.58561
G01 X-73.19687 Y29.67527
G01 X-73.21572 Y29.74246
G01 X-73.23045 Y29.81957
G01 X-73.23858 Y29.89986
G01 X-73.23762 Y30.01541
G01 X-73.22222 Y30.12772
G01 X-73.19035 Y30.24482
G01 X-73.14973 Y30.34284
G01 X-73.09192 Y30.44456
G01 X-73.02093 Y30.53849
G01 X-72.93978 Y30.62092
G01 X-72.93785 Y31.80148
G01 X-72.93363 Y31.84205
G01 X-72.90815 Y31.95221
G01 X-72.86698 Y32.04647
G01 X-72.85108 Y32.07293
G01 X-72.79146 Y32.15513
G01 X-72.70894 Y32.23310
G01 X-72.62941 Y32.28548
G01 X-72.53139 Y32.32861
G01 X-72.43907 Y32.35170
G01 X-72.33998 Y32.36003
G01 X-53.60624 Y32.36003
G01 X-53.49559 Y32.34972
G01 X-53.37662 Y32.31433
G01 X-53.26745 Y32.25523
G01 X-53.18195 Y32.18429
G01 X-50.37571 Y29.37804
G01 X-50.32628 Y29.32204
G01 X-50.29014 Y29.27007
G01 X-50.25478 Y29.20428
G01 X-50.22854 Y29.13662
G01 X-50.20774 Y29.04962
G01 X-50.19997 Y28.95376
G01 X-50.19997 Y23.01750
G04 P0 ( dwell for no time -- G64 should not smooth over this point )
G00 Z2.00000 ( retract )

G00 X-66.45046 Y15.80164 ( rapid move to begin. )
G01 F300.00000
( Mill infeed pass 1/1 )
G01 Z-0.80000
G04 P0 ( dwell for no time -- G64 should not smooth over this point )
G01 F600.00000
G01 X-66.45046 Y15.80164
G01 X-66.45610 Y15.90606
G01 X-66.46692 Y15.99913
G01 X-66.48531 Y16.10134
G01 X-66.50750 Y16.19234
G01 X-66.53831 Y16.29153
G01 X-66.57578 Y16.38914
G01 X-66.62546 Y16.49580
G01 X-66.67568 Y16.58668
G01 X-66.72600 Y16.66570
G01 X-66.78751 Y16.75028
G01 X-66.85439 Y16.83067
G01 X-66.92640 Y16.90649
G01 X-67.00265 Y16.97700
G01 X-67.07525 Y17.03621
G01 X-67.15960 Y17.09679
G01 X-67.23895 Y17.14662
G01 X-67.33077 Y17.19666
G01 X-67.42500 Y17.24032
G01 X-67.51228 Y17.27436
G01 X-67.59930 Y17.30263
G01 X-67.70054 Y17.32879
G01 X-67.80329 Y17.34830
G01 X-67.90710 Y17.36102
G01 X-68.01149 Y17.36697
G01 X-68.11751 Y17.36600
G01 X-68.21710 Y17.35876
G01 X-68.36600 Y17.33575
G01 X-68.53336 Y17.29275
G01 X-68.69556 Y17.23120
G01 X-68.84126 Y17.15815
G01 X-68.97865 Y17.07042
G01 X-69.10613 Y16.96941
G01 X-69.22269 Y16.85600
G01 X-69.32624 Y16.73248
G01 X-69.39754 Y16.62991
G01 X-69.45657 Y16.52986
G01 X-69.50214 Y16.43898
G01 X-69.54705 Y16.33182
G01 X-69.58812 Y16.20774
G01 X-69.61296 Y16.10913
G01 X-69.63209 Y16.00558
G01 X-69.64512 Y15.89087
G01 X-69.64987 Y15.76024
G01 X-69.64512 Y15.64416
G01 X-69.63404 Y15.54310
G01 X-69.61588 Y15.43936
G01 X-69.58405 Y15.31335
G01 X-69.55210 Y15.21683
G01 X-69.52241 Y15.14363
G01 X-71.26599 Y13.40005
G01 X-86.57145 Y13.40005
G01 X-102.12143 Y28.95003
G01 X-102.12237 Y29.06539
G01 X-102.13636 Y29.16910
G01 X-102.17020 Y29.29539
G01 X-102.20962 Y29.39153
G01 X-102.26133 Y29.48419
G01 X-102.33009 Y29.57797
G01 X-102.40291 Y29.65516
G01 X-102.49252 Y29.72925
G01 X-102.58137 Y29.78589
G01 X-102.67558 Y29.83151
G01 X-102.77512 Y29.86605
G01 X-102.88884 Y29.89041
G01 X-102.99382 Y29.89963
G01 X-103.09915 Y29.89653
G01 X-103.21406 Y29.87883
G01 X-103.31617 Y29.84987
G01 X-103.42326 Y29.80461
G01 X-103.51515 Y29.75155
G01 X-103.60512 Y29.68378
G01 X-103.69183 Y29.59887
G01 X-103.75721 Y29.51622
G01 X-103.81218 Y29.42714
G01 X-103.85846 Y29.32686
G01 X-103.89455 Y29.21228
G01 X-103.91609 Y29.08328
G01 X-103.91868 Y28.95252
G01 X-103.90232 Y28.82277
G01 X-103.86732 Y28.69676
G01 X-103.81442 Y28.57716
G01 X-103.74474 Y28.46649
G01 X-103.66011 Y28.36743
G01 X-103.55843 Y28.27919
G01 X-103.48127 Y28.22722
G01 X-103.37769 Y28.17444
G01 X-103.28993 Y28.14144
G01 X-103.17698 Y28.11381
G01 X-103.07233 Y28.10154
G01 X-102.96994 Y28.10146
G01 X-87.24424 Y12.37577
G01 X-87.18824 Y12.32634
G01 X-87.13736 Y12.29085
G01 X-87.02954 Y12.23782
G01 X-86.93162 Y12.21056
G01 X-86.81999 Y12.20002
G01 X-71.01748 Y12.20002
G01 X-70.93310 Y12.20607
G01 X-70.84207 Y12.22629
G01 X-70.76391 Y12.25628
G01 X-70.68197 Y12.30264
G01 X-70.60831 Y12.36126
G01 X-68.67395 Y14.29504
G01 X-68.48919 Y14.22898
G01 X-68.31959 Y14.19065
G01 X-68.14652 Y14.17068
G01 X-67.98355 Y14.16890
G01 X-67.82089 Y14.18399
G01 X-67.65040 Y14.21821
G01 X-67.47486 Y14.27470
G01 X-67.33496 Y14.33619
G01 X-67.19318 Y14.41658
G01 X-67.05147 Y14.51732
G01 X-66.92170 Y14.63306
G01 X-66.80504 Y14.76248
G01 X-66.70314 Y14.90383
G01 X-66.61289 Y15.06461
G01 X-66.55010 Y15.21069
G01 X-66.51713 Y15.30916
G01 X-66.49295 Y15.39966
G01 X-66.47222 Y15.50218
G01 X-66.45965 Y15.59280
G01 X-66.45162 Y15.69707
G01 X-66.45046 Y15.80164
G04 P0 ( dwell for no time -- G64 should not smooth over this point )
G00 Z2.00000 ( retract )

G00 X-71.44999 Y14.61760 ( rapid move to begin. )
G01 F300.00000
( Mill infeed pass 1/1 )
G01 Z-0.80000
G04 P0 ( dwell for no time -- G64 should not smooth over this point )
G01 F600.00000
G01 X-71.44999 Y14.61760
G01 X-71.46228 Y14.51323
G01 X-71.49269 Y14.42814
G01 X-71.51024 Y14.39319
G01 X-71.56932 Y14.31236
G01 X-71.63780 Y14.25211
G01 X-71.67379 Y14.22981
G01 X-71.75746 Y14.19075
G01 X-71.85723 Y14.16987
G01 X-74.21425 Y14.16802
G01 X-74.27007 Y14.17304
G01 X-74.34135 Y14.19034
G01 X-74.45364 Y14.24584
G01 X-74.53881 Y14.32148
G01 X-74.60782 Y14.42745
G01 X-74.64041 Y14.52743
G01 X-74.64978 Y14.60937
G01 X-74.64993 Y15.16751
G01 X-85.84750 Y15.16751
G01 X-85.92202 Y15.17218
G01 X-85.98435 Y15.18333
G01 X-86.05588 Y15.20487
G01 X-86.12227 Y15.23415
G01 X-86.19850 Y15.28094
G01 X-86.27175 Y15.34325
G01 X-98.96995 Y28.04147
G01 X-99.07305 Y28.04157
G01 X-99.18844 Y28.05592
G01 X-99.29062 Y28.08168
G01 X-99.37770 Y28.11444
G01 X-99.50218 Y28.18041
G01 X-99.57820 Y28.23403
G01 X-99.66111 Y28.30850
G01 X-99.75214 Y28.41668
G01 X-99.82049 Y28.52877
G01 X-99.87162 Y28.64911
G01 X-99.90617 Y28.78523
G01 X-99.91927 Y28.90560
G01 X-99.91308 Y29.04731
G01 X-99.88506 Y29.18686
G01 X-99.84843 Y29.29156
G01 X-99.79911 Y29.38985
G01 X-99.73401 Y29.48790
G01 X-99.66558 Y29.56710
G01 X-99.58841 Y29.63778
G01 X-99.50294 Y29.69945
G01 X-99.40101 Y29.75539
G01 X-99.30307 Y29.79432
G01 X-99.20198 Y29.82143
G01 X-99.10998 Y29.83524
G01 X-98.99309 Y29.83961
G01 X-98.88958 Y29.83019
G01 X-98.76335 Y29.80238
G01 X-98.67490 Y29.77124
G01 X-98.57061 Y29.71980
G01 X-98.48255 Y29.66191
G01 X-98.40236 Y29.59465
G01 X-98.33007 Y29.51797
G01 X-98.26833 Y29.43438
G01 X-98.19969 Y29.30969
G01 X-98.16566 Y29.22310
G01 X-98.13843 Y29.12130
G01 X-98.12273 Y29.00974
G01 X-98.12144 Y28.89001
G01 X-85.59896 Y16.36753
G01 X-74.64993 Y16.36753
G01 X-74.64978 Y16.92567
G01 X-74.64330 Y16.99465
G01 X-74.62136 Y17.07306
G01 X-74.60668 Y17.10931
G01 X-74.56593 Y17.17886
G01 X-74.49870 Y17.25295
G01 X-74.45704 Y17.28548
G01 X-74.38709 Y17.32623
G01 X-74.36014 Y17.33788
G01 X-74.28316 Y17.35975
G01 X-74.19987 Y17.36750
G01 X-71.85006 Y17.36471
G01 X-71.78009 Y17.35124
G01 X-71.69832 Y17.31980
G01 X-71.63843 Y17.28366
G01 X-71.58364 Y17.23745
G01 X-71.52774 Y17.17007
G01 X-71.48916 Y17.10103
G01 X-71.46480 Y17.03184
G01 X-71.45347 Y16.97037
G01 X-71.45083 Y16.93796
G01 X-71.44999 Y14.61760
G04 P0 ( dwell for no time -- G64 should not smooth over this point )
G00 Z2.00000 ( retract )

G00 X-52.69996 Y29.19331 ( rapid move to begin. )
G01 F300.00000
( Mill infeed pass 1/1 )
G01 Z-0.80000
G04 P0 ( dwell for no time -- G64 should not smooth over this point )
G01 F600.00000
G01 X-52.69996 Y29.19331
G01 X-52.70040 Y25.49659
G01 X-52.70901 Y25.41422
G01 X-52.72935 Y25.33213
G01 X-52.75843 Y25.25923
G01 X-52.80908 Y25.17381
G01 X-52.87571 Y25.09327
G01 X-61.57719 Y16.39176
G01 X-61.53657 Y16.28673
G01 X-61.49997 Y16.16430
G01 X-61.47325 Y16.03931
G01 X-61.45659 Y15.91259
G01 X-61.45009 Y15.78495
G01 X-61.45379 Y15.65719
G01 X-61.46769 Y15.53014
G01 X-61.49004 Y15.41241
G01 X-61.52562 Y15.28137
G01 X-61.56929 Y15.16126
G01 X-61.62240 Y15.04503
G01 X-61.68059 Y14.94028
G01 X-61.76037 Y14.82069
G01 X-61.83474 Y14.72674
G01 X-61.92748 Y14.62755
G01 X-62.01612 Y14.54640
G01 X-62.13329 Y14.45636
G01 X-62.24297 Y14.38595
G01 X-62.34902 Y14.32938
G01 X-62.47622 Y14.27411
G01 X-62.61673 Y14.22730
G01 X-62.75211 Y14.19550
G01 X-62.87924 Y14.17665
G01 X-63.00932 Y14.16819
G01 X-63.14581 Y14.17038
G01 X-63.27335 Y14.18318
G01 X-63.41008 Y14.20855
G01 X-63.54406 Y14.24571
G01 X-63.66464 Y14.29029
G01 X-63.79057 Y14.34922
G01 X-63.91216 Y14.41968
G01 X-64.05275 Y14.52074
G01 X-64.18239 Y14.63718
G01 X-64.29859 Y14.76702
G01 X-64.39997 Y14.90873
G01 X-64.48028 Y15.05097
G01 X-64.55717 Y15.23123
G01 X-64.60423 Y15.38765
G01 X-64.63746 Y15.56974
G01 X-64.64960 Y15.73266
G01 X-64.64391 Y15.90680
G01 X-64.61932 Y16.07929
G01 X-64.57611 Y16.24810
G01 X-64.51480 Y16.41122
G01 X-64.43611 Y16.56666
G01 X-64.34099 Y16.71266
G01 X-64.23154 Y16.84637
G01 X-64.14033 Y16.93847
G01 X-64.03481 Y17.02851
G01 X-63.93073 Y17.10329
G01 X-63.82824 Y17.16534
G01 X-63.70662 Y17.22656
G01 X-63.58562 Y17.27502
G01 X-63.44673 Y17.31736
G01 X-63.31927 Y17.34469
G01 X-63.19181 Y17.36123
G01 X-63.05326 Y17.36750
G01 X-62.92481 Y17.36260
G01 X-62.78714 Y17.34578
G01 X-62.66131 Y17.31960
G01 X-62.52834 Y17.28010
G01 X-62.42578 Y17.24022
G01 X-53.89999 Y25.76606
G01 X-53.89999 Y28.94480
G01 X-54.30522 Y29.35000
G01 X-67.66950 Y29.35000
G01 X-67.75818 Y29.26341
G01 X-67.84563 Y29.19834
G01 X-67.97166 Y29.12920
G01 X-68.07352 Y29.09039
G01 X-68.18370 Y29.06369
G01 X-68.30509 Y29.05074
G01 X-68.41842 Y29.05343
G01 X-68.53051 Y29.07045
G01 X-68.64370 Y29.10283
G01 X-68.75167 Y29.14972
G01 X-68.85561 Y29.21236
G01 X-68.93884 Y29.27817
G01 X-69.02094 Y29.36153
G01 X-69.09429 Y29.45912
G01 X-69.15482 Y29.56844
G01 X-69.19033 Y29.65521
G01 X-69.22363 Y29.78091
G01 X-69.23813 Y29.89770
G01 X-69.23851 Y30.00161
G01 X-69.22800 Y30.09478
G01 X-69.19833 Y30.22064
G01 X-69.15566 Y30.33037
G01 X-69.10135 Y30.42988
G01 X-69.03750 Y30.51822
G01 X-68.93808 Y30.62208
G01 X-68.85680 Y30.68683
G01 X-68.75673 Y30.74741
G01 X-68.67158 Y30.78670
G01 X-68.56026 Y30.82264
G01 X-68.44519 Y30.84385
G01 X-68.33999 Y30.85002
G01 X-68.23549 Y30.84393
G01 X-68.13244 Y30.82574
G01 X-68.03148 Y30.79549
G01 X-67.93620 Y30.75399
G01 X-67.81444 Y30.68030
G01 X-67.74167 Y30.62234
G01 X-67.66925 Y30.55002
G01 X-54.05670 Y30.55002
G01 X-53.97842 Y30.54446
G01 X-53.87629 Y30.52221
G01 X-53.79856 Y30.49120
G01 X-53.69171 Y30.42572
G01 X-53.63237 Y30.37421
G01 X-52.86168 Y29.60283
G01 X-52.79933 Y29.52331
G01 X-52.76397 Y29.46283
G01 X-52.73669 Y29.39923
G01 X-52.71017 Y29.30332
G01 X-52.69996 Y29.19331
G04 P0 ( dwell for no time -- G64 should not smooth over this point )
G00 Z2.00000 ( retract )

G00 X-60.88999 Y35.26246 ( rapid move to begin. )
G01 F300.00000
( Mill infeed pass 1/1 )
G01 Z-0.80000
G04 P0 ( dwell for no time -- G64 should not smooth over this point )
G01 F600.00000
G01 X-60.88999 Y35.26246
G01 X-60.89400 Y35.18390
G01 X-60.90447 Y35.11689
G01 X-60.93256 Y35.01641
G01 X-60.97142 Y34.92624
G01 X-61.01707 Y34.85070
G01 X-61.09116 Y34.75886
G01 X-61.17942 Y34.68050
G01 X-61.27940 Y34.61781
G01 X-61.37864 Y34.57504
G01 X-61.47330 Y34.54903
G01 X-61.56078 Y34.53744
G01 X-62.06825 Y34.53503
G01 X-62.17231 Y34.54306
G01 X-62.26918 Y34.56439
G01 X-62.35303 Y34.59505
G01 X-62.44033 Y34.64014
G01 X-62.47066 Y34.66002
G01 X-65.33999 Y34.66002
G01 X-65.42867 Y34.66668
G01 X-65.52206 Y34.68835
G01 X-65.64149 Y34.74130
G01 X-65.70420 Y34.78324
G01 X-65.75673 Y34.82845
G01 X-67.78845 Y36.85997
G01 X-67.82376 Y36.83277
G01 X-67.90138 Y36.78412
G01 X-67.98352 Y36.74361
G01 X-68.05972 Y36.71499
G01 X-68.16658 Y36.68702
G01 X-68.23623 Y36.67602
G01 X-68.33562 Y36.67018
G01 X-68.40610 Y36.67244
G01 X-68.49627 Y36.68369
G01 X-68.58555 Y36.70417
G01 X-68.66272 Y36.73007
G01 X-68.76447 Y36.77663
G01 X-68.83455 Y36.81808
G01 X-68.91009 Y36.87361
G01 X-69.00676 Y36.96561
G01 X-69.08733 Y37.06860
G01 X-69.14789 Y37.17351
G01 X-69.19683 Y37.29477
G01 X-69.22767 Y37.42187
G01 X-69.23973 Y37.55159
G01 X-69.23320 Y37.67978
G01 X-69.20801 Y37.80762
G01 X-69.15947 Y37.94092
G01 X-69.09665 Y38.05725
G01 X-69.02406 Y38.15478
G01 X-68.91713 Y38.26007
G01 X-68.81860 Y38.33213
G01 X-68.71088 Y38.38948
G01 X-68.55601 Y38.44366
G01 X-68.43364 Y38.46512
G01 X-68.35017 Y38.46974
G01 X-68.22399 Y38.46225
G01 X-68.13244 Y38.44574
G01 X-68.04321 Y38.41940
G01 X-67.90649 Y38.35867
G01 X-67.80395 Y38.29245
G01 X-67.69678 Y38.19883
G01 X-67.67024 Y38.16990
G01 X-67.55957 Y38.16314
G01 X-67.45797 Y38.13838
G01 X-67.35988 Y38.09517
G01 X-67.27461 Y38.03772
G01 X-67.22572 Y37.99428
G01 X-65.09145 Y35.86005
G01 X-62.47023 Y35.86005
G01 X-62.43611 Y35.88242
G01 X-62.34724 Y35.92738
G01 X-62.25542 Y35.95951
G01 X-62.16375 Y35.97826
G01 X-62.07213 Y35.98496
G01 X-61.61501 Y35.98502
G01 X-61.51371 Y35.97790
G01 X-61.42443 Y35.95931
G01 X-61.35984 Y35.93863
G01 X-61.28783 Y35.90699
G01 X-61.21963 Y35.86774
G01 X-61.16472 Y35.82797
G01 X-61.08971 Y35.75934
G01 X-61.04033 Y35.70206
G01 X-60.99548 Y35.63663
G01 X-60.95832 Y35.56729
G01 X-60.93269 Y35.50450
G01 X-60.90546 Y35.40795
G01 X-60.89454 Y35.34102
G01 X-60.88999 Y35.26246
G04 P0 ( dwell for no time -- G64 should not smooth over this point )
G00 Z2.00000 ( retract )

G00 X-60.89014 Y37.01732 ( rapid move to begin. )
G01 F300.00000
( Mill infeed pass 1/1 )
G01 Z-0.80000
G04 P0 ( dwell for no time -- G64 should not smooth over this point )
G01 F600.00000
G01 X-60.89014 Y37.01732
G01 X-60.89512 Y37.11585
G01 X-60.91369 Y37.21224
G01 X-60.95590 Y37.33193
G01 X-61.02004 Y37.44364
G01 X-61.07417 Y37.51277
G01 X-61.13845 Y37.57597
G01 X-61.23965 Y37.64988
G01 X-61.31856 Y37.69162
G01 X-61.40579 Y37.72418
G01 X-61.49192 Y37.74450
G01 X-61.55994 Y37.75270
G01 X-61.71605 Y37.75463
G01 X-62.23997 Y38.27856
G01 X-62.23997 Y41.52752
G01 X-61.83998 Y41.52752
G01 X-61.77818 Y41.53730
G01 X-61.72242 Y41.56570
G01 X-61.68455 Y41.60164
G01 X-61.65326 Y41.65584
G01 X-61.64109 Y41.70662
G01 X-61.64026 Y43.64299
G01 X-61.64978 Y43.69432
G01 X-61.67226 Y43.74144
G01 X-61.70617 Y43.78114
G01 X-61.74920 Y43.81070
G01 X-61.79840 Y43.82815
G01 X-61.83998 Y43.83252
G01 X-63.84000 Y43.83252
G01 X-63.88158 Y43.82815
G01 X-63.93078 Y43.81070
G01 X-63.97380 Y43.78114
G01 X-64.01320 Y43.73252
G01 X-64.03316 Y43.68429
G01 X-64.04000 Y43.63252
G01 X-64.04000 Y43.28005
G01 X-67.79998 Y43.28005
G01 X-67.87395 Y43.27542
G01 X-67.95401 Y43.25993
G01 X-68.01621 Y43.23971
G01 X-68.09008 Y43.20519
G01 X-68.15614 Y43.16285
G01 X-68.21009 Y43.11794
G01 X-69.29137 Y42.03717
G01 X-69.34288 Y42.03951
G01 X-69.48614 Y42.02757
G01 X-69.61888 Y41.99554
G01 X-69.68441 Y41.97152
G01 X-69.76945 Y41.93037
G01 X-69.88167 Y41.85869
G01 X-69.98924 Y41.76321
G01 X-70.07511 Y41.65920
G01 X-70.11941 Y41.59001
G01 X-70.15657 Y41.51838
G01 X-70.19698 Y41.41480
G01 X-70.22632 Y41.29631
G01 X-70.23927 Y41.17492
G01 X-70.23655 Y41.06156
G01 X-70.21865 Y40.94523
G01 X-70.18382 Y40.82722
G01 X-70.13462 Y40.71759
G01 X-70.07217 Y40.61668
G01 X-69.99462 Y40.52239
G01 X-69.90422 Y40.43893
G01 X-69.80582 Y40.37002
G01 X-69.69645 Y40.31361
G01 X-69.58972 Y40.27541
G01 X-69.47425 Y40.25011
G01 X-69.34532 Y40.24007
G01 X-69.23554 Y40.24642
G01 X-69.14519 Y40.26133
G01 X-69.06935 Y40.28168
G01 X-68.99490 Y40.30881
G01 X-68.91349 Y40.34749
G01 X-68.84542 Y40.38808
G01 X-68.78177 Y40.43403
G01 X-68.72236 Y40.48539
G01 X-68.66671 Y40.54279
G01 X-68.60316 Y40.62321
G01 X-68.55929 Y40.69263
G01 X-68.50435 Y40.80647
G01 X-68.47413 Y40.89445
G01 X-68.45147 Y40.99664
G01 X-68.44085 Y41.10075
G01 X-68.44179 Y41.18968
G01 X-67.55144 Y42.08002
G01 X-64.04000 Y42.08002
G01 X-64.03753 Y41.69623
G01 X-64.02671 Y41.65584
G01 X-64.01320 Y41.62752
G01 X-63.97380 Y41.57888
G01 X-63.92133 Y41.54480
G01 X-63.86090 Y41.52862
G01 X-63.44000 Y41.52752
G01 X-63.44000 Y38.03002
G01 X-63.43677 Y37.96807
G01 X-63.42692 Y37.90683
G01 X-63.40665 Y37.83365
G01 X-63.37754 Y37.76352
G01 X-63.34063 Y37.70007
G01 X-63.27134 Y37.61305
G01 X-62.78346 Y37.12502
G01 X-62.78938 Y37.00201
G01 X-62.77012 Y36.86396
G01 X-62.73949 Y36.76431
G01 X-62.68803 Y36.66038
G01 X-62.61348 Y36.55677
G01 X-62.51305 Y36.46012
G01 X-62.41615 Y36.39639
G01 X-62.32931 Y36.35492
G01 X-62.25461 Y36.33025
G01 X-62.17835 Y36.31392
G01 X-62.10807 Y36.30630
G01 X-61.59789 Y36.30531
G01 X-61.46748 Y36.32040
G01 X-61.40175 Y36.33708
G01 X-61.31686 Y36.36944
G01 X-61.23972 Y36.40993
G01 X-61.18328 Y36.44755
G01 X-61.13088 Y36.49060
G01 X-61.06197 Y36.56116
G01 X-61.01407 Y36.62441
G01 X-60.97272 Y36.69373
G01 X-60.92893 Y36.79578
G01 X-60.90157 Y36.90132
G01 X-60.89014 Y37.01732
G04 P0 ( dwell for no time -- G64 should not smooth over this point )
G00 Z2.00000 ( retract )

G00 X-55.00003 Y37.82801 ( rapid move to begin. )
G01 F300.00000
( Mill infeed pass 1/1 )
G01 Z-0.80000
G04 P0 ( dwell for no time -- G64 should not smooth over this point )
G01 F600.00000
G01 X-55.00003 Y37.82801
G01 X-55.00801 Y37.98433
G01 X-55.03920 Y38.15649
G01 X-55.06572 Y38.24785
G01 X-55.09503 Y38.32763
G01 X-55.13389 Y38.41447
G01 X-55.17347 Y38.48864
G01 X-55.21827 Y38.56085
G01 X-55.27446 Y38.63876
G01 X-55.33562 Y38.71165
G01 X-55.39160 Y38.76995
G01 X-55.52254 Y38.88178
G01 X-55.60082 Y38.93589
G01 X-55.70001 Y38.99265
G01 X-55.70095 Y40.51406
G01 X-55.71223 Y40.60047
G01 X-55.73940 Y40.69240
G01 X-55.75342 Y40.72620
G01 X-55.79917 Y40.81043
G01 X-55.86127 Y40.88907
G01 X-60.62210 Y45.65050
G01 X-60.69106 Y45.70811
G01 X-60.76218 Y45.75187
G01 X-60.83716 Y45.78469
G01 X-60.93167 Y45.80996
G01 X-61.00934 Y45.81890
G01 X-61.80866 Y45.81995
G01 X-61.89352 Y45.94121
G01 X-61.98798 Y46.04527
G01 X-62.09438 Y46.13701
G01 X-62.21117 Y46.21522
G01 X-62.33660 Y46.27852
G01 X-62.46880 Y46.32612
G01 X-62.60533 Y46.35726
G01 X-62.72278 Y46.37016
G01 X-62.90558 Y46.37232
G01 X-63.02725 Y46.36404
G01 X-63.13268 Y46.34613
G01 X-63.26542 Y46.30857
G01 X-63.36479 Y46.26902
G01 X-63.45989 Y46.22007
G01 X-63.56707 Y46.15050
G01 X-63.67505 Y46.06142
G01 X-63.75656 Y45.97659
G01 X-63.84208 Y45.86579
G01 X-63.90820 Y45.75523
G01 X-63.96154 Y45.63795
G01 X-63.99832 Y45.52622
G01 X-64.03037 Y45.36661
G01 X-64.03962 Y45.24931
G01 X-64.03568 Y45.12053
G01 X-64.01742 Y44.99302
G01 X-63.98503 Y44.86836
G01 X-63.93890 Y44.74804
G01 X-63.88508 Y44.64342
G01 X-63.80106 Y44.51784
G01 X-63.72488 Y44.42818
G01 X-63.63128 Y44.33966
G01 X-63.52839 Y44.26214
G01 X-63.41749 Y44.19661
G01 X-63.29997 Y44.14385
G01 X-63.17777 Y44.10466
G01 X-63.06207 Y44.08081
G01 X-62.93609 Y44.06854
G01 X-62.75501 Y44.06813
G01 X-62.62849 Y44.07923
G01 X-62.49136 Y44.10755
G01 X-62.35775 Y44.15266
G01 X-62.22176 Y44.21876
G01 X-62.11374 Y44.28896
G01 X-61.99639 Y44.38665
G01 X-61.90891 Y44.48053
G01 X-61.80922 Y44.62005
G01 X-61.28849 Y44.62005
G01 X-56.89998 Y40.23149
G01 X-56.89998 Y38.99298
G01 X-56.99493 Y38.93868
G01 X-57.09429 Y38.86885
G01 X-57.18654 Y38.79057
G01 X-57.28431 Y38.68920
G01 X-57.36391 Y38.58674
G01 X-57.42380 Y38.49347
G01 X-57.47524 Y38.39530
G01 X-57.52490 Y38.27541
G01 X-57.56465 Y38.14031
G01 X-57.58581 Y38.03149
G01 X-57.59726 Y37.92126
G01 X-57.59909 Y37.79151
G01 X-57.58753 Y37.66040
G01 X-57.56277 Y37.53114
G01 X-57.52446 Y37.40429
G01 X-57.46902 Y37.27132
G01 X-57.39244 Y37.13536
G01 X-57.29983 Y37.00917
G01 X-57.18464 Y36.88743
G01 X-57.05474 Y36.78153
G01 X-56.91133 Y36.69309
G01 X-56.78078 Y36.63218
G01 X-56.64410 Y36.58669
G01 X-56.49142 Y36.55448
G01 X-56.31245 Y36.54008
G01 X-56.15614 Y36.54801
G01 X-56.00234 Y36.57455
G01 X-55.84171 Y36.62380
G01 X-55.70938 Y36.68191
G01 X-55.55561 Y36.77460
G01 X-55.44210 Y36.86327
G01 X-55.33951 Y36.96441
G01 X-55.23432 Y37.09545
G01 X-55.14746 Y37.23929
G01 X-55.08777 Y37.37041
G01 X-55.04355 Y37.50749
G01 X-55.01086 Y37.67231
G01 X-55.00003 Y37.82801
G04 P0 ( dwell for no time -- G64 should not smooth over this point )
G00 Z2.00000 ( retract )

G00 X-51.88765 Y41.56087 ( rapid move to begin. )
G01 F300.00000
( Mill infeed pass 1/1 )
G01 Z-0.80000
G04 P0 ( dwell for no time -- G64 should not smooth over this point )
G01 F600.00000
G01 X-51.88765 Y41.56087
G01 X-51.93969 Y41.58165
G01 X-51.98605 Y41.61823
G01 X-52.02305 Y41.66895
G01 X-52.04058 Y41.71830
G01 X-52.04500 Y41.76001
G01 X-52.04500 Y42.81002
G01 X-52.15496 Y42.81002
G01 X-52.15496 Y41.77431
G01 X-52.13946 Y41.66639
G01 X-52.13189 Y41.64538
G01 X-52.08292 Y41.56285
G01 X-52.01769 Y41.50212
G01 X-51.97131 Y41.47723
G01 X-51.88765 Y41.56087
G04 P0 ( dwell for no time -- G64 should not smooth over this point )
G00 Z2.00000 ( retract )

G00 X-49.78999 Y41.44505 ( rapid move to begin. )
G01 F300.00000
( Mill infeed pass 1/1 )
G01 Z-0.80000
G04 P0 ( dwell for no time -- G64 should not smooth over this point )
G01 F600.00000
G01 X-49.78999 Y41.44505
G01 X-49.78999 Y41.55503
G01 X-50.19641 Y41.55503
G01 X-50.30642 Y41.44505
G01 X-49.78999 Y41.44505
G04 P0 ( dwell for no time -- G64 should not smooth over this point )
G00 Z2.00000 ( retract )

G00 X-46.52499 Y41.76539 ( rapid move to begin. )
G01 F300.00000
( Mill infeed pass 1/1 )
G01 Z-0.80000
G04 P0 ( dwell for no time -- G64 should not smooth over this point )
G01 F600.00000
G01 X-46.52499 Y41.76539
G01 X-46.52499 Y42.31002
G01 X-46.63538 Y42.31002
G01 X-46.63899 Y41.72486
G01 X-46.65385 Y41.67492
G01 X-46.68113 Y41.63050
G01 X-46.71897 Y41.59463
G01 X-46.76477 Y41.56976
G01 X-46.79482 Y41.56087
G01 X-46.83632 Y41.55648
G01 X-48.88996 Y41.55516
G01 X-48.88996 Y41.44505
G01 X-46.85425 Y41.44505
G01 X-46.74630 Y41.46054
G01 X-46.72532 Y41.46811
G01 X-46.64280 Y41.51706
G01 X-46.58207 Y41.58231
G01 X-46.55118 Y41.63984
G01 X-46.52654 Y41.73641
G01 X-46.52499 Y41.76539
G04 P0 ( dwell for no time -- G64 should not smooth over this point )
G00 Z2.00000 ( retract )

G00 X-46.52499 Y44.21002 ( rapid move to begin. )
G01 F300.00000
( Mill infeed pass 1/1 )
G01 Z-0.80000
G04 P0 ( dwell for no time -- G64 should not smooth over this point )
G01 F600.00000
G01 X-46.52499 Y44.21002
G01 X-46.52499 Y44.74573
G01 X-46.54049 Y44.85370
G01 X-46.54806 Y44.87466
G01 X-46.59700 Y44.95718
G01 X-46.66226 Y45.01792
G01 X-46.70864 Y45.04283
G01 X-46.79279 Y44.95868
G01 X-46.73620 Y44.93664
G01 X-46.69495 Y44.90486
G01 X-46.66327 Y44.86359
G01 X-46.64089 Y44.80542
G01 X-46.63645 Y44.76394
G01 X-46.63538 Y44.21002
G01 X-46.52499 Y44.21002
G04 P0 ( dwell for no time -- G64 should not smooth over this point )
G00 Z2.00000 ( retract )

G00 X-48.37348 Y45.07501 ( rapid move to begin. )
G01 F300.00000
( Mill infeed pass 1/1 )
G01 Z-0.80000
G04 P0 ( dwell for no time -- G64 should not smooth over this point )
G01 F600.00000
G01 X-48.37348 Y45.07501
G01 X-48.48351 Y44.96498
G01 X-48.88996 Y44.96498
G01 X-48.88996 Y45.07501
G01 X-48.37348 Y45.07501
G04 P0 ( dwell for no time -- G64 should not smooth over this point )
G00 Z2.00000 ( retract )

G00 X-49.78999 Y44.96488 ( rapid move to begin. )
G01 F300.00000
( Mill infeed pass 1/1 )
G01 Z-0.80000
G04 P0 ( dwell for no time -- G64 should not smooth over this point )
G01 F600.00000
G01 X-49.78999 Y44.96488
G01 X-49.78999 Y45.07501
G01 X-51.82570 Y45.07501
G01 X-51.93425 Y45.05944
G01 X-51.94881 Y45.05429
G01 X-52.03766 Y45.00242
G01 X-52.09836 Y44.93722
G01 X-52.12635 Y44.88596
G01 X-52.15346 Y44.78291
G01 X-52.15496 Y43.71004
G01 X-52.04474 Y43.71004
G01 X-52.04238 Y44.78467
G01 X-52.03017 Y44.83537
G01 X-52.00527 Y44.88116
G01 X-51.97731 Y44.91220
G01 X-51.93433 Y44.94174
G01 X-51.88518 Y44.95917
G01 X-51.84365 Y44.96353
G01 X-49.78999 Y44.96488

G04 P0 ( dwell for no time -- G64 should not smooth over this point )
G00 Z0.000000 ( retract )

M5 ( Spindle off. )
G04 P1.000000
M9 ( Coolant off. )
M2 ( Program end. )

