ISO-10303-21;
HEADER;
/* Generated by software containing ST-Developer
 * from STEP Tools, Inc. (www.steptools.com) 
 */

FILE_DESCRIPTION(
/* description */ (''),
/* implementation_level */ '2;1');

FILE_NAME(
/* name */ 'AgroNeck.step',
/* time_stamp */ '2026-07-22T14:36:26-03:00',
/* author */ (''),
/* organization */ (''),
/* preprocessor_version */ 'ST-DEVELOPER v20.1',
/* originating_system */ 'Autodesk Translation Framework v15.8.0.0',
/* authorisation */ '');

FILE_SCHEMA (('AUTOMOTIVE_DESIGN { 1 0 10303 214 3 1 1 }'));
ENDSEC;

DATA;
#10=MECHANICAL_DESIGN_GEOMETRIC_PRESENTATION_REPRESENTATION('',(#94,#95,
#96,#97,#98,#99,#100,#101,#102,#103),#3457);
#11=SHAPE_REPRESENTATION_RELATIONSHIP('SRR','None',#3464,#12);
#12=ADVANCED_BREP_SHAPE_REPRESENTATION('',(#104,#105,#106,#107,#108,#109,
#110,#111,#112),#3456);
#13=CIRCLE('',#2143,4.099999999997);
#14=CIRCLE('',#2144,4.099999999997);
#15=CIRCLE('',#2146,1.49999999999999);
#16=CIRCLE('',#2147,1.49999999999999);
#17=CIRCLE('',#2150,3.99999999999999);
#18=CIRCLE('',#2151,3.99999999999999);
#19=CIRCLE('',#2155,1.49999999999999);
#20=CIRCLE('',#2156,1.49999999999999);
#21=CIRCLE('',#2159,3.99999999999999);
#22=CIRCLE('',#2160,3.99999999999999);
#23=CIRCLE('',#2165,1.49999999999999);
#24=CIRCLE('',#2166,1.49999999999999);
#25=CIRCLE('',#2169,3.99999999999999);
#26=CIRCLE('',#2170,3.99999999999999);
#27=CIRCLE('',#2175,1.49999999999999);
#28=CIRCLE('',#2176,1.49999999999999);
#29=CIRCLE('',#2178,3.99999999999999);
#30=CIRCLE('',#2179,3.99999999999999);
#31=CIRCLE('',#2202,1.5);
#32=CIRCLE('',#2203,1.5);
#33=CIRCLE('',#2207,1.5);
#34=CIRCLE('',#2208,1.5);
#35=CIRCLE('',#2212,1.49999999999999);
#36=CIRCLE('',#2213,1.49999999999999);
#37=CIRCLE('',#2216,3.99999999999999);
#38=CIRCLE('',#2217,3.99999999999999);
#39=CIRCLE('',#2221,1.49999999999999);
#40=CIRCLE('',#2222,1.49999999999999);
#41=CIRCLE('',#2224,3.99999999999999);
#42=CIRCLE('',#2225,3.99999999999999);
#43=CIRCLE('',#2230,1.49999999999999);
#44=CIRCLE('',#2231,1.49999999999999);
#45=CIRCLE('',#2233,3.99999999999999);
#46=CIRCLE('',#2234,3.99999999999999);
#47=CIRCLE('',#2239,1.49999999999999);
#48=CIRCLE('',#2240,1.49999999999999);
#49=CIRCLE('',#2243,3.99999999999999);
#50=CIRCLE('',#2244,3.99999999999999);
#51=CIRCLE('',#2268,1.95);
#52=CIRCLE('',#2269,1.95);
#53=CIRCLE('',#2271,4.5);
#54=CIRCLE('',#2272,4.5);
#55=CIRCLE('',#2276,1.95);
#56=CIRCLE('',#2277,1.95);
#57=CIRCLE('',#2279,4.5);
#58=CIRCLE('',#2280,4.5);
#59=CIRCLE('',#2284,1.95);
#60=CIRCLE('',#2285,1.95);
#61=CIRCLE('',#2287,4.5);
#62=CIRCLE('',#2288,4.5);
#63=CIRCLE('',#2292,1.95);
#64=CIRCLE('',#2293,1.95);
#65=CIRCLE('',#2295,4.5);
#66=CIRCLE('',#2296,4.5);
#67=CYLINDRICAL_SURFACE('',#2142,4.099999999997);
#68=CYLINDRICAL_SURFACE('',#2145,1.49999999999999);
#69=CYLINDRICAL_SURFACE('',#2149,3.99999999999999);
#70=CYLINDRICAL_SURFACE('',#2154,1.49999999999999);
#71=CYLINDRICAL_SURFACE('',#2158,3.99999999999999);
#72=CYLINDRICAL_SURFACE('',#2164,1.49999999999999);
#73=CYLINDRICAL_SURFACE('',#2168,3.99999999999999);
#74=CYLINDRICAL_SURFACE('',#2174,1.49999999999999);
#75=CYLINDRICAL_SURFACE('',#2177,3.99999999999999);
#76=CYLINDRICAL_SURFACE('',#2201,1.5);
#77=CYLINDRICAL_SURFACE('',#2206,1.5);
#78=CYLINDRICAL_SURFACE('',#2211,1.49999999999999);
#79=CYLINDRICAL_SURFACE('',#2215,3.99999999999999);
#80=CYLINDRICAL_SURFACE('',#2220,1.49999999999999);
#81=CYLINDRICAL_SURFACE('',#2223,3.99999999999999);
#82=CYLINDRICAL_SURFACE('',#2229,1.49999999999999);
#83=CYLINDRICAL_SURFACE('',#2232,3.99999999999999);
#84=CYLINDRICAL_SURFACE('',#2238,1.49999999999999);
#85=CYLINDRICAL_SURFACE('',#2242,3.99999999999999);
#86=CYLINDRICAL_SURFACE('',#2267,1.95);
#87=CYLINDRICAL_SURFACE('',#2270,4.5);
#88=CYLINDRICAL_SURFACE('',#2275,1.95);
#89=CYLINDRICAL_SURFACE('',#2278,4.5);
#90=CYLINDRICAL_SURFACE('',#2283,1.95);
#91=CYLINDRICAL_SURFACE('',#2286,4.5);
#92=CYLINDRICAL_SURFACE('',#2291,1.95);
#93=CYLINDRICAL_SURFACE('',#2294,4.5);
#94=STYLED_ITEM('',(#3473),#104);
#95=STYLED_ITEM('',(#3474),#2002);
#96=STYLED_ITEM('',(#3473),#105);
#97=STYLED_ITEM('',(#3473),#106);
#98=STYLED_ITEM('',(#3473),#107);
#99=STYLED_ITEM('',(#3473),#108);
#100=STYLED_ITEM('',(#3473),#109);
#101=STYLED_ITEM('',(#3473),#110);
#102=STYLED_ITEM('',(#3473),#111);
#103=STYLED_ITEM('',(#3473),#112);
#104=MANIFOLD_SOLID_BREP('Cuerpo30',#2105);
#105=MANIFOLD_SOLID_BREP('Cuerpo34',#2106);
#106=MANIFOLD_SOLID_BREP('Cuerpo41',#2107);
#107=MANIFOLD_SOLID_BREP('Cuerpo42',#2108);
#108=MANIFOLD_SOLID_BREP('Cuerpo46',#2109);
#109=MANIFOLD_SOLID_BREP('Cuerpo66',#2110);
#110=MANIFOLD_SOLID_BREP('Cuerpo67',#2111);
#111=MANIFOLD_SOLID_BREP('Cuerpo68',#2112);
#112=MANIFOLD_SOLID_BREP('Cuerpo69',#2113);
#113=FACE_BOUND('',#269,.T.);
#114=FACE_BOUND('',#275,.T.);
#115=FACE_BOUND('',#285,.T.);
#116=FACE_BOUND('',#291,.T.);
#117=FACE_BOUND('',#293,.T.);
#118=FACE_BOUND('',#299,.T.);
#119=FACE_BOUND('',#301,.T.);
#120=FACE_BOUND('',#307,.T.);
#121=FACE_BOUND('',#309,.T.);
#122=FACE_BOUND('',#314,.T.);
#123=FACE_BOUND('',#316,.T.);
#124=FACE_BOUND('',#322,.T.);
#125=FACE_BOUND('',#324,.T.);
#126=FACE_BOUND('',#327,.T.);
#127=FACE_BOUND('',#336,.T.);
#128=FACE_BOUND('',#338,.T.);
#129=FACE_BOUND('',#340,.T.);
#130=FACE_BOUND('',#351,.T.);
#131=FACE_BOUND('',#353,.T.);
#132=FACE_BOUND('',#358,.T.);
#133=FACE_BOUND('',#360,.T.);
#134=FACE_BOUND('',#365,.T.);
#135=FACE_BOUND('',#367,.T.);
#136=FACE_BOUND('',#372,.T.);
#137=FACE_BOUND('',#374,.T.);
#138=FACE_BOUND('',#384,.T.);
#139=FACE_BOUND('',#386,.T.);
#140=FACE_BOUND('',#388,.T.);
#141=FACE_BOUND('',#398,.T.);
#142=FACE_BOUND('',#402,.T.);
#143=FACE_BOUND('',#404,.T.);
#144=FACE_BOUND('',#408,.T.);
#145=FACE_BOUND('',#410,.T.);
#146=FACE_BOUND('',#414,.T.);
#147=FACE_BOUND('',#416,.T.);
#148=FACE_BOUND('',#420,.T.);
#149=FACE_BOUND('',#422,.T.);
#150=FACE_OUTER_BOUND('',#268,.T.);
#151=FACE_OUTER_BOUND('',#270,.T.);
#152=FACE_OUTER_BOUND('',#271,.T.);
#153=FACE_OUTER_BOUND('',#272,.T.);
#154=FACE_OUTER_BOUND('',#273,.T.);
#155=FACE_OUTER_BOUND('',#274,.T.);
#156=FACE_OUTER_BOUND('',#276,.T.);
#157=FACE_OUTER_BOUND('',#277,.T.);
#158=FACE_OUTER_BOUND('',#278,.T.);
#159=FACE_OUTER_BOUND('',#279,.T.);
#160=FACE_OUTER_BOUND('',#280,.T.);
#161=FACE_OUTER_BOUND('',#281,.T.);
#162=FACE_OUTER_BOUND('',#282,.T.);
#163=FACE_OUTER_BOUND('',#283,.T.);
#164=FACE_OUTER_BOUND('',#284,.T.);
#165=FACE_OUTER_BOUND('',#286,.T.);
#166=FACE_OUTER_BOUND('',#287,.T.);
#167=FACE_OUTER_BOUND('',#288,.T.);
#168=FACE_OUTER_BOUND('',#289,.T.);
#169=FACE_OUTER_BOUND('',#290,.T.);
#170=FACE_OUTER_BOUND('',#292,.T.);
#171=FACE_OUTER_BOUND('',#294,.T.);
#172=FACE_OUTER_BOUND('',#295,.T.);
#173=FACE_OUTER_BOUND('',#296,.T.);
#174=FACE_OUTER_BOUND('',#297,.T.);
#175=FACE_OUTER_BOUND('',#298,.T.);
#176=FACE_OUTER_BOUND('',#300,.T.);
#177=FACE_OUTER_BOUND('',#302,.T.);
#178=FACE_OUTER_BOUND('',#303,.T.);
#179=FACE_OUTER_BOUND('',#304,.T.);
#180=FACE_OUTER_BOUND('',#305,.T.);
#181=FACE_OUTER_BOUND('',#306,.T.);
#182=FACE_OUTER_BOUND('',#308,.T.);
#183=FACE_OUTER_BOUND('',#310,.T.);
#184=FACE_OUTER_BOUND('',#311,.T.);
#185=FACE_OUTER_BOUND('',#312,.T.);
#186=FACE_OUTER_BOUND('',#313,.T.);
#187=FACE_OUTER_BOUND('',#315,.T.);
#188=FACE_OUTER_BOUND('',#317,.T.);
#189=FACE_OUTER_BOUND('',#318,.T.);
#190=FACE_OUTER_BOUND('',#319,.T.);
#191=FACE_OUTER_BOUND('',#320,.T.);
#192=FACE_OUTER_BOUND('',#321,.T.);
#193=FACE_OUTER_BOUND('',#323,.T.);
#194=FACE_OUTER_BOUND('',#325,.T.);
#195=FACE_OUTER_BOUND('',#326,.T.);
#196=FACE_OUTER_BOUND('',#328,.T.);
#197=FACE_OUTER_BOUND('',#329,.T.);
#198=FACE_OUTER_BOUND('',#330,.T.);
#199=FACE_OUTER_BOUND('',#331,.T.);
#200=FACE_OUTER_BOUND('',#332,.T.);
#201=FACE_OUTER_BOUND('',#333,.T.);
#202=FACE_OUTER_BOUND('',#334,.T.);
#203=FACE_OUTER_BOUND('',#335,.T.);
#204=FACE_OUTER_BOUND('',#337,.T.);
#205=FACE_OUTER_BOUND('',#339,.T.);
#206=FACE_OUTER_BOUND('',#341,.T.);
#207=FACE_OUTER_BOUND('',#342,.T.);
#208=FACE_OUTER_BOUND('',#343,.T.);
#209=FACE_OUTER_BOUND('',#344,.T.);
#210=FACE_OUTER_BOUND('',#345,.T.);
#211=FACE_OUTER_BOUND('',#346,.T.);
#212=FACE_OUTER_BOUND('',#347,.T.);
#213=FACE_OUTER_BOUND('',#348,.T.);
#214=FACE_OUTER_BOUND('',#349,.T.);
#215=FACE_OUTER_BOUND('',#350,.T.);
#216=FACE_OUTER_BOUND('',#352,.T.);
#217=FACE_OUTER_BOUND('',#354,.T.);
#218=FACE_OUTER_BOUND('',#355,.T.);
#219=FACE_OUTER_BOUND('',#356,.T.);
#220=FACE_OUTER_BOUND('',#357,.T.);
#221=FACE_OUTER_BOUND('',#359,.T.);
#222=FACE_OUTER_BOUND('',#361,.T.);
#223=FACE_OUTER_BOUND('',#362,.T.);
#224=FACE_OUTER_BOUND('',#363,.T.);
#225=FACE_OUTER_BOUND('',#364,.T.);
#226=FACE_OUTER_BOUND('',#366,.T.);
#227=FACE_OUTER_BOUND('',#368,.T.);
#228=FACE_OUTER_BOUND('',#369,.T.);
#229=FACE_OUTER_BOUND('',#370,.T.);
#230=FACE_OUTER_BOUND('',#371,.T.);
#231=FACE_OUTER_BOUND('',#373,.T.);
#232=FACE_OUTER_BOUND('',#375,.T.);
#233=FACE_OUTER_BOUND('',#376,.T.);
#234=FACE_OUTER_BOUND('',#377,.T.);
#235=FACE_OUTER_BOUND('',#378,.T.);
#236=FACE_OUTER_BOUND('',#379,.T.);
#237=FACE_OUTER_BOUND('',#380,.T.);
#238=FACE_OUTER_BOUND('',#381,.T.);
#239=FACE_OUTER_BOUND('',#382,.T.);
#240=FACE_OUTER_BOUND('',#383,.T.);
#241=FACE_OUTER_BOUND('',#385,.T.);
#242=FACE_OUTER_BOUND('',#387,.T.);
#243=FACE_OUTER_BOUND('',#389,.T.);
#244=FACE_OUTER_BOUND('',#390,.T.);
#245=FACE_OUTER_BOUND('',#391,.T.);
#246=FACE_OUTER_BOUND('',#392,.T.);
#247=FACE_OUTER_BOUND('',#393,.T.);
#248=FACE_OUTER_BOUND('',#394,.T.);
#249=FACE_OUTER_BOUND('',#395,.T.);
#250=FACE_OUTER_BOUND('',#396,.T.);
#251=FACE_OUTER_BOUND('',#397,.T.);
#252=FACE_OUTER_BOUND('',#399,.T.);
#253=FACE_OUTER_BOUND('',#400,.T.);
#254=FACE_OUTER_BOUND('',#401,.T.);
#255=FACE_OUTER_BOUND('',#403,.T.);
#256=FACE_OUTER_BOUND('',#405,.T.);
#257=FACE_OUTER_BOUND('',#406,.T.);
#258=FACE_OUTER_BOUND('',#407,.T.);
#259=FACE_OUTER_BOUND('',#409,.T.);
#260=FACE_OUTER_BOUND('',#411,.T.);
#261=FACE_OUTER_BOUND('',#412,.T.);
#262=FACE_OUTER_BOUND('',#413,.T.);
#263=FACE_OUTER_BOUND('',#415,.T.);
#264=FACE_OUTER_BOUND('',#417,.T.);
#265=FACE_OUTER_BOUND('',#418,.T.);
#266=FACE_OUTER_BOUND('',#419,.T.);
#267=FACE_OUTER_BOUND('',#421,.T.);
#268=EDGE_LOOP('',(#1338,#1339,#1340,#1341));
#269=EDGE_LOOP('',(#1342,#1343,#1344,#1345));
#270=EDGE_LOOP('',(#1346,#1347,#1348,#1349));
#271=EDGE_LOOP('',(#1350,#1351,#1352,#1353));
#272=EDGE_LOOP('',(#1354,#1355,#1356,#1357));
#273=EDGE_LOOP('',(#1358,#1359,#1360,#1361));
#274=EDGE_LOOP('',(#1362,#1363,#1364,#1365));
#275=EDGE_LOOP('',(#1366,#1367,#1368,#1369));
#276=EDGE_LOOP('',(#1370,#1371,#1372,#1373));
#277=EDGE_LOOP('',(#1374,#1375,#1376,#1377));
#278=EDGE_LOOP('',(#1378,#1379,#1380,#1381));
#279=EDGE_LOOP('',(#1382,#1383,#1384,#1385));
#280=EDGE_LOOP('',(#1386,#1387,#1388,#1389));
#281=EDGE_LOOP('',(#1390,#1391,#1392,#1393));
#282=EDGE_LOOP('',(#1394,#1395,#1396,#1397));
#283=EDGE_LOOP('',(#1398,#1399,#1400,#1401));
#284=EDGE_LOOP('',(#1402,#1403,#1404,#1405));
#285=EDGE_LOOP('',(#1406,#1407,#1408,#1409));
#286=EDGE_LOOP('',(#1410,#1411,#1412,#1413));
#287=EDGE_LOOP('',(#1414,#1415,#1416,#1417));
#288=EDGE_LOOP('',(#1418,#1419,#1420,#1421));
#289=EDGE_LOOP('',(#1422,#1423,#1424,#1425));
#290=EDGE_LOOP('',(#1426,#1427,#1428,#1429));
#291=EDGE_LOOP('',(#1430));
#292=EDGE_LOOP('',(#1431,#1432,#1433,#1434));
#293=EDGE_LOOP('',(#1435));
#294=EDGE_LOOP('',(#1436,#1437,#1438,#1439));
#295=EDGE_LOOP('',(#1440,#1441,#1442,#1443));
#296=EDGE_LOOP('',(#1444,#1445,#1446,#1447));
#297=EDGE_LOOP('',(#1448,#1449,#1450,#1451));
#298=EDGE_LOOP('',(#1452,#1453,#1454,#1455));
#299=EDGE_LOOP('',(#1456));
#300=EDGE_LOOP('',(#1457,#1458,#1459,#1460));
#301=EDGE_LOOP('',(#1461));
#302=EDGE_LOOP('',(#1462,#1463,#1464,#1465));
#303=EDGE_LOOP('',(#1466,#1467,#1468,#1469));
#304=EDGE_LOOP('',(#1470,#1471,#1472,#1473));
#305=EDGE_LOOP('',(#1474,#1475,#1476,#1477));
#306=EDGE_LOOP('',(#1478,#1479,#1480,#1481));
#307=EDGE_LOOP('',(#1482));
#308=EDGE_LOOP('',(#1483,#1484,#1485,#1486));
#309=EDGE_LOOP('',(#1487));
#310=EDGE_LOOP('',(#1488,#1489,#1490,#1491));
#311=EDGE_LOOP('',(#1492,#1493,#1494,#1495));
#312=EDGE_LOOP('',(#1496,#1497,#1498,#1499));
#313=EDGE_LOOP('',(#1500,#1501,#1502,#1503));
#314=EDGE_LOOP('',(#1504));
#315=EDGE_LOOP('',(#1505,#1506,#1507,#1508));
#316=EDGE_LOOP('',(#1509));
#317=EDGE_LOOP('',(#1510,#1511,#1512,#1513));
#318=EDGE_LOOP('',(#1514,#1515,#1516,#1517));
#319=EDGE_LOOP('',(#1518,#1519,#1520,#1521));
#320=EDGE_LOOP('',(#1522,#1523,#1524,#1525));
#321=EDGE_LOOP('',(#1526,#1527,#1528,#1529));
#322=EDGE_LOOP('',(#1530,#1531,#1532,#1533));
#323=EDGE_LOOP('',(#1534,#1535,#1536,#1537,#1538,#1539,#1540,#1541));
#324=EDGE_LOOP('',(#1542,#1543,#1544,#1545));
#325=EDGE_LOOP('',(#1546,#1547,#1548,#1549,#1550,#1551,#1552,#1553,#1554,
#1555,#1556,#1557));
#326=EDGE_LOOP('',(#1558,#1559,#1560,#1561));
#327=EDGE_LOOP('',(#1562,#1563,#1564,#1565));
#328=EDGE_LOOP('',(#1566,#1567,#1568,#1569));
#329=EDGE_LOOP('',(#1570,#1571,#1572,#1573));
#330=EDGE_LOOP('',(#1574,#1575,#1576,#1577));
#331=EDGE_LOOP('',(#1578,#1579,#1580,#1581,#1582,#1583));
#332=EDGE_LOOP('',(#1584,#1585,#1586,#1587));
#333=EDGE_LOOP('',(#1588,#1589,#1590,#1591));
#334=EDGE_LOOP('',(#1592,#1593,#1594,#1595,#1596,#1597));
#335=EDGE_LOOP('',(#1598,#1599,#1600,#1601));
#336=EDGE_LOOP('',(#1602));
#337=EDGE_LOOP('',(#1603,#1604,#1605,#1606,#1607,#1608,#1609,#1610));
#338=EDGE_LOOP('',(#1611,#1612,#1613,#1614));
#339=EDGE_LOOP('',(#1615,#1616,#1617,#1618));
#340=EDGE_LOOP('',(#1619));
#341=EDGE_LOOP('',(#1620,#1621,#1622,#1623));
#342=EDGE_LOOP('',(#1624));
#343=EDGE_LOOP('',(#1625));
#344=EDGE_LOOP('',(#1626,#1627,#1628,#1629));
#345=EDGE_LOOP('',(#1630));
#346=EDGE_LOOP('',(#1631));
#347=EDGE_LOOP('',(#1632,#1633,#1634,#1635));
#348=EDGE_LOOP('',(#1636,#1637,#1638,#1639));
#349=EDGE_LOOP('',(#1640,#1641,#1642,#1643));
#350=EDGE_LOOP('',(#1644,#1645,#1646,#1647));
#351=EDGE_LOOP('',(#1648));
#352=EDGE_LOOP('',(#1649,#1650,#1651,#1652));
#353=EDGE_LOOP('',(#1653));
#354=EDGE_LOOP('',(#1654,#1655,#1656,#1657));
#355=EDGE_LOOP('',(#1658,#1659,#1660,#1661));
#356=EDGE_LOOP('',(#1662,#1663,#1664,#1665));
#357=EDGE_LOOP('',(#1666,#1667,#1668,#1669));
#358=EDGE_LOOP('',(#1670));
#359=EDGE_LOOP('',(#1671,#1672,#1673,#1674));
#360=EDGE_LOOP('',(#1675));
#361=EDGE_LOOP('',(#1676,#1677,#1678,#1679));
#362=EDGE_LOOP('',(#1680,#1681,#1682,#1683));
#363=EDGE_LOOP('',(#1684,#1685,#1686,#1687));
#364=EDGE_LOOP('',(#1688,#1689,#1690,#1691));
#365=EDGE_LOOP('',(#1692));
#366=EDGE_LOOP('',(#1693,#1694,#1695,#1696));
#367=EDGE_LOOP('',(#1697));
#368=EDGE_LOOP('',(#1698,#1699,#1700,#1701));
#369=EDGE_LOOP('',(#1702,#1703,#1704,#1705));
#370=EDGE_LOOP('',(#1706,#1707,#1708,#1709));
#371=EDGE_LOOP('',(#1710,#1711,#1712,#1713));
#372=EDGE_LOOP('',(#1714));
#373=EDGE_LOOP('',(#1715,#1716,#1717,#1718));
#374=EDGE_LOOP('',(#1719));
#375=EDGE_LOOP('',(#1720,#1721,#1722,#1723));
#376=EDGE_LOOP('',(#1724,#1725,#1726,#1727));
#377=EDGE_LOOP('',(#1728,#1729,#1730,#1731));
#378=EDGE_LOOP('',(#1732,#1733,#1734,#1735));
#379=EDGE_LOOP('',(#1736,#1737,#1738,#1739));
#380=EDGE_LOOP('',(#1740,#1741,#1742,#1743));
#381=EDGE_LOOP('',(#1744,#1745,#1746,#1747));
#382=EDGE_LOOP('',(#1748,#1749,#1750,#1751));
#383=EDGE_LOOP('',(#1752,#1753,#1754,#1755));
#384=EDGE_LOOP('',(#1756,#1757,#1758,#1759));
#385=EDGE_LOOP('',(#1760,#1761,#1762,#1763));
#386=EDGE_LOOP('',(#1764,#1765,#1766,#1767));
#387=EDGE_LOOP('',(#1768,#1769,#1770,#1771));
#388=EDGE_LOOP('',(#1772,#1773,#1774,#1775));
#389=EDGE_LOOP('',(#1776,#1777,#1778,#1779));
#390=EDGE_LOOP('',(#1780,#1781,#1782,#1783));
#391=EDGE_LOOP('',(#1784,#1785,#1786,#1787));
#392=EDGE_LOOP('',(#1788,#1789,#1790,#1791));
#393=EDGE_LOOP('',(#1792,#1793,#1794,#1795,#1796,#1797,#1798,#1799,#1800,
#1801,#1802,#1803));
#394=EDGE_LOOP('',(#1804,#1805,#1806,#1807,#1808,#1809,#1810,#1811,#1812,
#1813,#1814,#1815));
#395=EDGE_LOOP('',(#1816,#1817,#1818,#1819,#1820,#1821,#1822,#1823,#1824,
#1825,#1826,#1827));
#396=EDGE_LOOP('',(#1828,#1829,#1830,#1831,#1832,#1833,#1834,#1835,#1836,
#1837,#1838,#1839));
#397=EDGE_LOOP('',(#1840,#1841,#1842,#1843));
#398=EDGE_LOOP('',(#1844,#1845,#1846,#1847));
#399=EDGE_LOOP('',(#1848,#1849,#1850,#1851));
#400=EDGE_LOOP('',(#1852,#1853,#1854,#1855));
#401=EDGE_LOOP('',(#1856));
#402=EDGE_LOOP('',(#1857));
#403=EDGE_LOOP('',(#1858));
#404=EDGE_LOOP('',(#1859));
#405=EDGE_LOOP('',(#1860,#1861,#1862,#1863));
#406=EDGE_LOOP('',(#1864,#1865,#1866,#1867));
#407=EDGE_LOOP('',(#1868));
#408=EDGE_LOOP('',(#1869));
#409=EDGE_LOOP('',(#1870));
#410=EDGE_LOOP('',(#1871));
#411=EDGE_LOOP('',(#1872,#1873,#1874,#1875));
#412=EDGE_LOOP('',(#1876,#1877,#1878,#1879));
#413=EDGE_LOOP('',(#1880));
#414=EDGE_LOOP('',(#1881));
#415=EDGE_LOOP('',(#1882));
#416=EDGE_LOOP('',(#1883));
#417=EDGE_LOOP('',(#1884,#1885,#1886,#1887));
#418=EDGE_LOOP('',(#1888,#1889,#1890,#1891));
#419=EDGE_LOOP('',(#1892));
#420=EDGE_LOOP('',(#1893));
#421=EDGE_LOOP('',(#1894));
#422=EDGE_LOOP('',(#1895));
#423=LINE('',#2874,#648);
#424=LINE('',#2876,#649);
#425=LINE('',#2878,#650);
#426=LINE('',#2879,#651);
#427=LINE('',#2882,#652);
#428=LINE('',#2884,#653);
#429=LINE('',#2886,#654);
#430=LINE('',#2887,#655);
#431=LINE('',#2891,#656);
#432=LINE('',#2892,#657);
#433=LINE('',#2893,#658);
#434=LINE('',#2896,#659);
#435=LINE('',#2897,#660);
#436=LINE('',#2900,#661);
#437=LINE('',#2901,#662);
#438=LINE('',#2903,#663);
#439=LINE('',#2907,#664);
#440=LINE('',#2909,#665);
#441=LINE('',#2911,#666);
#442=LINE('',#2912,#667);
#443=LINE('',#2915,#668);
#444=LINE('',#2917,#669);
#445=LINE('',#2918,#670);
#446=LINE('',#2921,#671);
#447=LINE('',#2922,#672);
#448=LINE('',#2925,#673);
#449=LINE('',#2926,#674);
#450=LINE('',#2928,#675);
#451=LINE('',#2931,#676);
#452=LINE('',#2933,#677);
#453=LINE('',#2934,#678);
#454=LINE('',#2937,#679);
#455=LINE('',#2938,#680);
#456=LINE('',#2941,#681);
#457=LINE('',#2942,#682);
#458=LINE('',#2944,#683);
#459=LINE('',#2950,#684);
#460=LINE('',#2956,#685);
#461=LINE('',#2961,#686);
#462=LINE('',#2963,#687);
#463=LINE('',#2965,#688);
#464=LINE('',#2966,#689);
#465=LINE('',#2972,#690);
#466=LINE('',#2975,#691);
#467=LINE('',#2976,#692);
#468=LINE('',#2979,#693);
#469=LINE('',#2980,#694);
#470=LINE('',#2985,#695);
#471=LINE('',#2990,#696);
#472=LINE('',#2992,#697);
#473=LINE('',#2994,#698);
#474=LINE('',#2995,#699);
#475=LINE('',#3001,#700);
#476=LINE('',#3004,#701);
#477=LINE('',#3006,#702);
#478=LINE('',#3007,#703);
#479=LINE('',#3009,#704);
#480=LINE('',#3011,#705);
#481=LINE('',#3016,#706);
#482=LINE('',#3021,#707);
#483=LINE('',#3023,#708);
#484=LINE('',#3025,#709);
#485=LINE('',#3026,#710);
#486=LINE('',#3032,#711);
#487=LINE('',#3035,#712);
#488=LINE('',#3037,#713);
#489=LINE('',#3038,#714);
#490=LINE('',#3040,#715);
#491=LINE('',#3042,#716);
#492=LINE('',#3047,#717);
#493=LINE('',#3054,#718);
#494=LINE('',#3057,#719);
#495=LINE('',#3060,#720);
#496=LINE('',#3062,#721);
#497=LINE('',#3063,#722);
#498=LINE('',#3066,#723);
#499=LINE('',#3067,#724);
#500=LINE('',#3070,#725);
#501=LINE('',#3071,#726);
#502=LINE('',#3075,#727);
#503=LINE('',#3077,#728);
#504=LINE('',#3079,#729);
#505=LINE('',#3080,#730);
#506=LINE('',#3083,#731);
#507=LINE('',#3085,#732);
#508=LINE('',#3086,#733);
#509=LINE('',#3089,#734);
#510=LINE('',#3091,#735);
#511=LINE('',#3092,#736);
#512=LINE('',#3094,#737);
#513=LINE('',#3095,#738);
#514=LINE('',#3099,#739);
#515=LINE('',#3101,#740);
#516=LINE('',#3103,#741);
#517=LINE('',#3104,#742);
#518=LINE('',#3106,#743);
#519=LINE('',#3108,#744);
#520=LINE('',#3110,#745);
#521=LINE('',#3111,#746);
#522=LINE('',#3113,#747);
#523=LINE('',#3115,#748);
#524=LINE('',#3116,#749);
#525=LINE('',#3120,#750);
#526=LINE('',#3122,#751);
#527=LINE('',#3124,#752);
#528=LINE('',#3125,#753);
#529=LINE('',#3128,#754);
#530=LINE('',#3130,#755);
#531=LINE('',#3131,#756);
#532=LINE('',#3134,#757);
#533=LINE('',#3136,#758);
#534=LINE('',#3137,#759);
#535=LINE('',#3140,#760);
#536=LINE('',#3141,#761);
#537=LINE('',#3144,#762);
#538=LINE('',#3146,#763);
#539=LINE('',#3147,#764);
#540=LINE('',#3150,#765);
#541=LINE('',#3151,#766);
#542=LINE('',#3154,#767);
#543=LINE('',#3155,#768);
#544=LINE('',#3157,#769);
#545=LINE('',#3160,#770);
#546=LINE('',#3166,#771);
#547=LINE('',#3174,#772);
#548=LINE('',#3182,#773);
#549=LINE('',#3187,#774);
#550=LINE('',#3189,#775);
#551=LINE('',#3191,#776);
#552=LINE('',#3192,#777);
#553=LINE('',#3198,#778);
#554=LINE('',#3201,#779);
#555=LINE('',#3202,#780);
#556=LINE('',#3205,#781);
#557=LINE('',#3206,#782);
#558=LINE('',#3211,#783);
#559=LINE('',#3218,#784);
#560=LINE('',#3221,#785);
#561=LINE('',#3224,#786);
#562=LINE('',#3226,#787);
#563=LINE('',#3227,#788);
#564=LINE('',#3230,#789);
#565=LINE('',#3231,#790);
#566=LINE('',#3234,#791);
#567=LINE('',#3235,#792);
#568=LINE('',#3240,#793);
#569=LINE('',#3247,#794);
#570=LINE('',#3250,#795);
#571=LINE('',#3253,#796);
#572=LINE('',#3255,#797);
#573=LINE('',#3256,#798);
#574=LINE('',#3259,#799);
#575=LINE('',#3260,#800);
#576=LINE('',#3263,#801);
#577=LINE('',#3264,#802);
#578=LINE('',#3269,#803);
#579=LINE('',#3274,#804);
#580=LINE('',#3276,#805);
#581=LINE('',#3278,#806);
#582=LINE('',#3279,#807);
#583=LINE('',#3285,#808);
#584=LINE('',#3288,#809);
#585=LINE('',#3289,#810);
#586=LINE('',#3292,#811);
#587=LINE('',#3293,#812);
#588=LINE('',#3297,#813);
#589=LINE('',#3299,#814);
#590=LINE('',#3301,#815);
#591=LINE('',#3302,#816);
#592=LINE('',#3305,#817);
#593=LINE('',#3307,#818);
#594=LINE('',#3308,#819);
#595=LINE('',#3311,#820);
#596=LINE('',#3313,#821);
#597=LINE('',#3314,#822);
#598=LINE('',#3316,#823);
#599=LINE('',#3317,#824);
#600=LINE('',#3321,#825);
#601=LINE('',#3323,#826);
#602=LINE('',#3325,#827);
#603=LINE('',#3326,#828);
#604=LINE('',#3329,#829);
#605=LINE('',#3331,#830);
#606=LINE('',#3332,#831);
#607=LINE('',#3335,#832);
#608=LINE('',#3337,#833);
#609=LINE('',#3338,#834);
#610=LINE('',#3340,#835);
#611=LINE('',#3341,#836);
#612=LINE('',#3346,#837);
#613=LINE('',#3348,#838);
#614=LINE('',#3350,#839);
#615=LINE('',#3351,#840);
#616=LINE('',#3355,#841);
#617=LINE('',#3357,#842);
#618=LINE('',#3359,#843);
#619=LINE('',#3360,#844);
#620=LINE('',#3364,#845);
#621=LINE('',#3365,#846);
#622=LINE('',#3366,#847);
#623=LINE('',#3369,#848);
#624=LINE('',#3370,#849);
#625=LINE('',#3373,#850);
#626=LINE('',#3374,#851);
#627=LINE('',#3376,#852);
#628=LINE('',#3379,#853);
#629=LINE('',#3381,#854);
#630=LINE('',#3382,#855);
#631=LINE('',#3383,#856);
#632=LINE('',#3384,#857);
#633=LINE('',#3387,#858);
#634=LINE('',#3388,#859);
#635=LINE('',#3389,#860);
#636=LINE('',#3391,#861);
#637=LINE('',#3393,#862);
#638=LINE('',#3394,#863);
#639=LINE('',#3396,#864);
#640=LINE('',#3402,#865);
#641=LINE('',#3408,#866);
#642=LINE('',#3416,#867);
#643=LINE('',#3422,#868);
#644=LINE('',#3430,#869);
#645=LINE('',#3436,#870);
#646=LINE('',#3444,#871);
#647=LINE('',#3450,#872);
#648=VECTOR('',#2303,10.);
#649=VECTOR('',#2304,10.);
#650=VECTOR('',#2305,10.);
#651=VECTOR('',#2306,10.);
#652=VECTOR('',#2307,10.);
#653=VECTOR('',#2308,10.);
#654=VECTOR('',#2309,10.);
#655=VECTOR('',#2310,10.);
#656=VECTOR('',#2313,10.);
#657=VECTOR('',#2314,10.);
#658=VECTOR('',#2315,10.);
#659=VECTOR('',#2318,10.);
#660=VECTOR('',#2319,10.);
#661=VECTOR('',#2322,10.);
#662=VECTOR('',#2323,10.);
#663=VECTOR('',#2326,10.);
#664=VECTOR('',#2329,10.);
#665=VECTOR('',#2330,10.);
#666=VECTOR('',#2331,10.);
#667=VECTOR('',#2332,10.);
#668=VECTOR('',#2335,10.);
#669=VECTOR('',#2336,10.);
#670=VECTOR('',#2337,10.);
#671=VECTOR('',#2340,10.);
#672=VECTOR('',#2341,10.);
#673=VECTOR('',#2344,10.);
#674=VECTOR('',#2345,10.);
#675=VECTOR('',#2348,10.);
#676=VECTOR('',#2351,10.);
#677=VECTOR('',#2352,10.);
#678=VECTOR('',#2353,10.);
#679=VECTOR('',#2356,10.);
#680=VECTOR('',#2357,10.);
#681=VECTOR('',#2360,10.);
#682=VECTOR('',#2361,10.);
#683=VECTOR('',#2364,10.);
#684=VECTOR('',#2371,4.099999999997);
#685=VECTOR('',#2378,1.49999999999999);
#686=VECTOR('',#2383,10.);
#687=VECTOR('',#2384,10.);
#688=VECTOR('',#2385,10.);
#689=VECTOR('',#2386,10.);
#690=VECTOR('',#2393,10.);
#691=VECTOR('',#2396,10.);
#692=VECTOR('',#2397,10.);
#693=VECTOR('',#2400,10.);
#694=VECTOR('',#2401,10.);
#695=VECTOR('',#2406,1.49999999999999);
#696=VECTOR('',#2411,10.);
#697=VECTOR('',#2412,10.);
#698=VECTOR('',#2413,10.);
#699=VECTOR('',#2414,10.);
#700=VECTOR('',#2421,10.);
#701=VECTOR('',#2424,10.);
#702=VECTOR('',#2425,10.);
#703=VECTOR('',#2426,10.);
#704=VECTOR('',#2429,10.);
#705=VECTOR('',#2432,10.);
#706=VECTOR('',#2437,1.49999999999999);
#707=VECTOR('',#2442,10.);
#708=VECTOR('',#2443,10.);
#709=VECTOR('',#2444,10.);
#710=VECTOR('',#2445,10.);
#711=VECTOR('',#2452,10.);
#712=VECTOR('',#2455,10.);
#713=VECTOR('',#2456,10.);
#714=VECTOR('',#2457,10.);
#715=VECTOR('',#2460,10.);
#716=VECTOR('',#2463,10.);
#717=VECTOR('',#2468,1.49999999999999);
#718=VECTOR('',#2475,10.);
#719=VECTOR('',#2478,10.);
#720=VECTOR('',#2481,10.);
#721=VECTOR('',#2482,10.);
#722=VECTOR('',#2483,10.);
#723=VECTOR('',#2486,10.);
#724=VECTOR('',#2487,10.);
#725=VECTOR('',#2490,10.);
#726=VECTOR('',#2491,10.);
#727=VECTOR('',#2494,10.);
#728=VECTOR('',#2495,10.);
#729=VECTOR('',#2496,10.);
#730=VECTOR('',#2497,10.);
#731=VECTOR('',#2500,10.);
#732=VECTOR('',#2501,10.);
#733=VECTOR('',#2502,10.);
#734=VECTOR('',#2505,10.);
#735=VECTOR('',#2506,10.);
#736=VECTOR('',#2507,10.);
#737=VECTOR('',#2510,10.);
#738=VECTOR('',#2511,10.);
#739=VECTOR('',#2514,10.);
#740=VECTOR('',#2515,10.);
#741=VECTOR('',#2516,10.);
#742=VECTOR('',#2517,10.);
#743=VECTOR('',#2520,10.);
#744=VECTOR('',#2521,10.);
#745=VECTOR('',#2522,10.);
#746=VECTOR('',#2523,10.);
#747=VECTOR('',#2526,10.);
#748=VECTOR('',#2527,10.);
#749=VECTOR('',#2528,10.);
#750=VECTOR('',#2531,10.);
#751=VECTOR('',#2532,10.);
#752=VECTOR('',#2533,10.);
#753=VECTOR('',#2534,10.);
#754=VECTOR('',#2537,10.);
#755=VECTOR('',#2538,10.);
#756=VECTOR('',#2539,10.);
#757=VECTOR('',#2542,10.);
#758=VECTOR('',#2543,10.);
#759=VECTOR('',#2544,10.);
#760=VECTOR('',#2547,10.);
#761=VECTOR('',#2548,10.);
#762=VECTOR('',#2551,10.);
#763=VECTOR('',#2552,10.);
#764=VECTOR('',#2553,10.);
#765=VECTOR('',#2556,10.);
#766=VECTOR('',#2557,10.);
#767=VECTOR('',#2560,10.);
#768=VECTOR('',#2561,10.);
#769=VECTOR('',#2564,10.);
#770=VECTOR('',#2569,10.);
#771=VECTOR('',#2576,1.5);
#772=VECTOR('',#2587,1.5);
#773=VECTOR('',#2598,1.49999999999999);
#774=VECTOR('',#2603,10.);
#775=VECTOR('',#2604,10.);
#776=VECTOR('',#2605,10.);
#777=VECTOR('',#2606,10.);
#778=VECTOR('',#2613,10.);
#779=VECTOR('',#2616,10.);
#780=VECTOR('',#2617,10.);
#781=VECTOR('',#2620,10.);
#782=VECTOR('',#2621,10.);
#783=VECTOR('',#2626,1.49999999999999);
#784=VECTOR('',#2633,10.);
#785=VECTOR('',#2636,10.);
#786=VECTOR('',#2639,10.);
#787=VECTOR('',#2640,10.);
#788=VECTOR('',#2641,10.);
#789=VECTOR('',#2644,10.);
#790=VECTOR('',#2645,10.);
#791=VECTOR('',#2648,10.);
#792=VECTOR('',#2649,10.);
#793=VECTOR('',#2654,1.49999999999999);
#794=VECTOR('',#2661,10.);
#795=VECTOR('',#2664,10.);
#796=VECTOR('',#2667,10.);
#797=VECTOR('',#2668,10.);
#798=VECTOR('',#2669,10.);
#799=VECTOR('',#2672,10.);
#800=VECTOR('',#2673,10.);
#801=VECTOR('',#2676,10.);
#802=VECTOR('',#2677,10.);
#803=VECTOR('',#2682,1.49999999999999);
#804=VECTOR('',#2687,10.);
#805=VECTOR('',#2688,10.);
#806=VECTOR('',#2689,10.);
#807=VECTOR('',#2690,10.);
#808=VECTOR('',#2697,10.);
#809=VECTOR('',#2700,10.);
#810=VECTOR('',#2701,10.);
#811=VECTOR('',#2704,10.);
#812=VECTOR('',#2705,10.);
#813=VECTOR('',#2708,10.);
#814=VECTOR('',#2709,10.);
#815=VECTOR('',#2710,10.);
#816=VECTOR('',#2711,10.);
#817=VECTOR('',#2714,10.);
#818=VECTOR('',#2715,10.);
#819=VECTOR('',#2716,10.);
#820=VECTOR('',#2719,10.);
#821=VECTOR('',#2720,10.);
#822=VECTOR('',#2721,10.);
#823=VECTOR('',#2724,10.);
#824=VECTOR('',#2725,10.);
#825=VECTOR('',#2728,10.);
#826=VECTOR('',#2729,10.);
#827=VECTOR('',#2730,10.);
#828=VECTOR('',#2731,10.);
#829=VECTOR('',#2734,10.);
#830=VECTOR('',#2735,10.);
#831=VECTOR('',#2736,10.);
#832=VECTOR('',#2739,10.);
#833=VECTOR('',#2740,10.);
#834=VECTOR('',#2741,10.);
#835=VECTOR('',#2744,10.);
#836=VECTOR('',#2745,10.);
#837=VECTOR('',#2750,10.);
#838=VECTOR('',#2751,10.);
#839=VECTOR('',#2752,10.);
#840=VECTOR('',#2753,10.);
#841=VECTOR('',#2756,10.);
#842=VECTOR('',#2757,10.);
#843=VECTOR('',#2758,10.);
#844=VECTOR('',#2759,10.);
#845=VECTOR('',#2762,10.);
#846=VECTOR('',#2763,10.);
#847=VECTOR('',#2764,10.);
#848=VECTOR('',#2767,10.);
#849=VECTOR('',#2768,10.);
#850=VECTOR('',#2771,10.);
#851=VECTOR('',#2772,10.);
#852=VECTOR('',#2775,10.);
#853=VECTOR('',#2778,10.);
#854=VECTOR('',#2779,10.);
#855=VECTOR('',#2780,10.);
#856=VECTOR('',#2781,10.);
#857=VECTOR('',#2782,10.);
#858=VECTOR('',#2785,10.);
#859=VECTOR('',#2786,10.);
#860=VECTOR('',#2787,10.);
#861=VECTOR('',#2790,10.);
#862=VECTOR('',#2791,10.);
#863=VECTOR('',#2792,10.);
#864=VECTOR('',#2795,10.);
#865=VECTOR('',#2802,1.95);
#866=VECTOR('',#2809,4.5);
#867=VECTOR('',#2820,1.95);
#868=VECTOR('',#2827,4.5);
#869=VECTOR('',#2838,1.95);
#870=VECTOR('',#2845,4.5);
#871=VECTOR('',#2856,1.95);
#872=VECTOR('',#2863,4.5);
#873=VERTEX_POINT('',#2872);
#874=VERTEX_POINT('',#2873);
#875=VERTEX_POINT('',#2875);
#876=VERTEX_POINT('',#2877);
#877=VERTEX_POINT('',#2880);
#878=VERTEX_POINT('',#2881);
#879=VERTEX_POINT('',#2883);
#880=VERTEX_POINT('',#2885);
#881=VERTEX_POINT('',#2889);
#882=VERTEX_POINT('',#2890);
#883=VERTEX_POINT('',#2895);
#884=VERTEX_POINT('',#2899);
#885=VERTEX_POINT('',#2905);
#886=VERTEX_POINT('',#2906);
#887=VERTEX_POINT('',#2908);
#888=VERTEX_POINT('',#2910);
#889=VERTEX_POINT('',#2914);
#890=VERTEX_POINT('',#2916);
#891=VERTEX_POINT('',#2920);
#892=VERTEX_POINT('',#2924);
#893=VERTEX_POINT('',#2930);
#894=VERTEX_POINT('',#2932);
#895=VERTEX_POINT('',#2936);
#896=VERTEX_POINT('',#2940);
#897=VERTEX_POINT('',#2947);
#898=VERTEX_POINT('',#2949);
#899=VERTEX_POINT('',#2953);
#900=VERTEX_POINT('',#2955);
#901=VERTEX_POINT('',#2959);
#902=VERTEX_POINT('',#2960);
#903=VERTEX_POINT('',#2962);
#904=VERTEX_POINT('',#2964);
#905=VERTEX_POINT('',#2968);
#906=VERTEX_POINT('',#2970);
#907=VERTEX_POINT('',#2974);
#908=VERTEX_POINT('',#2978);
#909=VERTEX_POINT('',#2982);
#910=VERTEX_POINT('',#2984);
#911=VERTEX_POINT('',#2988);
#912=VERTEX_POINT('',#2989);
#913=VERTEX_POINT('',#2991);
#914=VERTEX_POINT('',#2993);
#915=VERTEX_POINT('',#2997);
#916=VERTEX_POINT('',#2999);
#917=VERTEX_POINT('',#3003);
#918=VERTEX_POINT('',#3005);
#919=VERTEX_POINT('',#3013);
#920=VERTEX_POINT('',#3015);
#921=VERTEX_POINT('',#3019);
#922=VERTEX_POINT('',#3020);
#923=VERTEX_POINT('',#3022);
#924=VERTEX_POINT('',#3024);
#925=VERTEX_POINT('',#3028);
#926=VERTEX_POINT('',#3030);
#927=VERTEX_POINT('',#3034);
#928=VERTEX_POINT('',#3036);
#929=VERTEX_POINT('',#3044);
#930=VERTEX_POINT('',#3046);
#931=VERTEX_POINT('',#3050);
#932=VERTEX_POINT('',#3051);
#933=VERTEX_POINT('',#3053);
#934=VERTEX_POINT('',#3055);
#935=VERTEX_POINT('',#3059);
#936=VERTEX_POINT('',#3061);
#937=VERTEX_POINT('',#3065);
#938=VERTEX_POINT('',#3069);
#939=VERTEX_POINT('',#3073);
#940=VERTEX_POINT('',#3074);
#941=VERTEX_POINT('',#3076);
#942=VERTEX_POINT('',#3078);
#943=VERTEX_POINT('',#3082);
#944=VERTEX_POINT('',#3084);
#945=VERTEX_POINT('',#3088);
#946=VERTEX_POINT('',#3090);
#947=VERTEX_POINT('',#3097);
#948=VERTEX_POINT('',#3098);
#949=VERTEX_POINT('',#3100);
#950=VERTEX_POINT('',#3102);
#951=VERTEX_POINT('',#3107);
#952=VERTEX_POINT('',#3109);
#953=VERTEX_POINT('',#3114);
#954=VERTEX_POINT('',#3118);
#955=VERTEX_POINT('',#3119);
#956=VERTEX_POINT('',#3121);
#957=VERTEX_POINT('',#3123);
#958=VERTEX_POINT('',#3127);
#959=VERTEX_POINT('',#3129);
#960=VERTEX_POINT('',#3133);
#961=VERTEX_POINT('',#3135);
#962=VERTEX_POINT('',#3139);
#963=VERTEX_POINT('',#3143);
#964=VERTEX_POINT('',#3145);
#965=VERTEX_POINT('',#3149);
#966=VERTEX_POINT('',#3153);
#967=VERTEX_POINT('',#3163);
#968=VERTEX_POINT('',#3165);
#969=VERTEX_POINT('',#3171);
#970=VERTEX_POINT('',#3173);
#971=VERTEX_POINT('',#3179);
#972=VERTEX_POINT('',#3181);
#973=VERTEX_POINT('',#3185);
#974=VERTEX_POINT('',#3186);
#975=VERTEX_POINT('',#3188);
#976=VERTEX_POINT('',#3190);
#977=VERTEX_POINT('',#3194);
#978=VERTEX_POINT('',#3196);
#979=VERTEX_POINT('',#3200);
#980=VERTEX_POINT('',#3204);
#981=VERTEX_POINT('',#3208);
#982=VERTEX_POINT('',#3210);
#983=VERTEX_POINT('',#3214);
#984=VERTEX_POINT('',#3215);
#985=VERTEX_POINT('',#3217);
#986=VERTEX_POINT('',#3219);
#987=VERTEX_POINT('',#3223);
#988=VERTEX_POINT('',#3225);
#989=VERTEX_POINT('',#3229);
#990=VERTEX_POINT('',#3233);
#991=VERTEX_POINT('',#3237);
#992=VERTEX_POINT('',#3239);
#993=VERTEX_POINT('',#3243);
#994=VERTEX_POINT('',#3244);
#995=VERTEX_POINT('',#3246);
#996=VERTEX_POINT('',#3248);
#997=VERTEX_POINT('',#3252);
#998=VERTEX_POINT('',#3254);
#999=VERTEX_POINT('',#3258);
#1000=VERTEX_POINT('',#3262);
#1001=VERTEX_POINT('',#3266);
#1002=VERTEX_POINT('',#3268);
#1003=VERTEX_POINT('',#3272);
#1004=VERTEX_POINT('',#3273);
#1005=VERTEX_POINT('',#3275);
#1006=VERTEX_POINT('',#3277);
#1007=VERTEX_POINT('',#3281);
#1008=VERTEX_POINT('',#3283);
#1009=VERTEX_POINT('',#3287);
#1010=VERTEX_POINT('',#3291);
#1011=VERTEX_POINT('',#3295);
#1012=VERTEX_POINT('',#3296);
#1013=VERTEX_POINT('',#3298);
#1014=VERTEX_POINT('',#3300);
#1015=VERTEX_POINT('',#3304);
#1016=VERTEX_POINT('',#3306);
#1017=VERTEX_POINT('',#3310);
#1018=VERTEX_POINT('',#3312);
#1019=VERTEX_POINT('',#3319);
#1020=VERTEX_POINT('',#3320);
#1021=VERTEX_POINT('',#3322);
#1022=VERTEX_POINT('',#3324);
#1023=VERTEX_POINT('',#3328);
#1024=VERTEX_POINT('',#3330);
#1025=VERTEX_POINT('',#3334);
#1026=VERTEX_POINT('',#3336);
#1027=VERTEX_POINT('',#3344);
#1028=VERTEX_POINT('',#3345);
#1029=VERTEX_POINT('',#3347);
#1030=VERTEX_POINT('',#3349);
#1031=VERTEX_POINT('',#3353);
#1032=VERTEX_POINT('',#3354);
#1033=VERTEX_POINT('',#3356);
#1034=VERTEX_POINT('',#3358);
#1035=VERTEX_POINT('',#3362);
#1036=VERTEX_POINT('',#3363);
#1037=VERTEX_POINT('',#3368);
#1038=VERTEX_POINT('',#3372);
#1039=VERTEX_POINT('',#3378);
#1040=VERTEX_POINT('',#3380);
#1041=VERTEX_POINT('',#3386);
#1042=VERTEX_POINT('',#3392);
#1043=VERTEX_POINT('',#3399);
#1044=VERTEX_POINT('',#3401);
#1045=VERTEX_POINT('',#3405);
#1046=VERTEX_POINT('',#3407);
#1047=VERTEX_POINT('',#3413);
#1048=VERTEX_POINT('',#3415);
#1049=VERTEX_POINT('',#3419);
#1050=VERTEX_POINT('',#3421);
#1051=VERTEX_POINT('',#3427);
#1052=VERTEX_POINT('',#3429);
#1053=VERTEX_POINT('',#3433);
#1054=VERTEX_POINT('',#3435);
#1055=VERTEX_POINT('',#3441);
#1056=VERTEX_POINT('',#3443);
#1057=VERTEX_POINT('',#3447);
#1058=VERTEX_POINT('',#3449);
#1059=EDGE_CURVE('',#873,#874,#423,.T.);
#1060=EDGE_CURVE('',#875,#873,#424,.T.);
#1061=EDGE_CURVE('',#876,#875,#425,.T.);
#1062=EDGE_CURVE('',#874,#876,#426,.T.);
#1063=EDGE_CURVE('',#877,#878,#427,.T.);
#1064=EDGE_CURVE('',#878,#879,#428,.T.);
#1065=EDGE_CURVE('',#879,#880,#429,.T.);
#1066=EDGE_CURVE('',#880,#877,#430,.T.);
#1067=EDGE_CURVE('',#881,#882,#431,.T.);
#1068=EDGE_CURVE('',#882,#877,#432,.T.);
#1069=EDGE_CURVE('',#881,#880,#433,.T.);
#1070=EDGE_CURVE('',#883,#881,#434,.T.);
#1071=EDGE_CURVE('',#883,#879,#435,.T.);
#1072=EDGE_CURVE('',#884,#883,#436,.T.);
#1073=EDGE_CURVE('',#884,#878,#437,.T.);
#1074=EDGE_CURVE('',#882,#884,#438,.T.);
#1075=EDGE_CURVE('',#885,#886,#439,.T.);
#1076=EDGE_CURVE('',#887,#885,#440,.T.);
#1077=EDGE_CURVE('',#888,#887,#441,.T.);
#1078=EDGE_CURVE('',#886,#888,#442,.T.);
#1079=EDGE_CURVE('',#874,#889,#443,.T.);
#1080=EDGE_CURVE('',#890,#889,#444,.T.);
#1081=EDGE_CURVE('',#873,#890,#445,.T.);
#1082=EDGE_CURVE('',#891,#890,#446,.T.);
#1083=EDGE_CURVE('',#875,#891,#447,.T.);
#1084=EDGE_CURVE('',#892,#891,#448,.T.);
#1085=EDGE_CURVE('',#876,#892,#449,.T.);
#1086=EDGE_CURVE('',#889,#892,#450,.T.);
#1087=EDGE_CURVE('',#885,#893,#451,.T.);
#1088=EDGE_CURVE('',#894,#893,#452,.T.);
#1089=EDGE_CURVE('',#887,#894,#453,.T.);
#1090=EDGE_CURVE('',#895,#894,#454,.T.);
#1091=EDGE_CURVE('',#888,#895,#455,.T.);
#1092=EDGE_CURVE('',#896,#895,#456,.T.);
#1093=EDGE_CURVE('',#886,#896,#457,.T.);
#1094=EDGE_CURVE('',#893,#896,#458,.T.);
#1095=EDGE_CURVE('',#897,#897,#13,.T.);
#1096=EDGE_CURVE('',#897,#898,#459,.T.);
#1097=EDGE_CURVE('',#898,#898,#14,.T.);
#1098=EDGE_CURVE('',#899,#899,#15,.T.);
#1099=EDGE_CURVE('',#899,#900,#460,.T.);
#1100=EDGE_CURVE('',#900,#900,#16,.T.);
#1101=EDGE_CURVE('',#901,#902,#461,.T.);
#1102=EDGE_CURVE('',#903,#901,#462,.T.);
#1103=EDGE_CURVE('',#904,#903,#463,.T.);
#1104=EDGE_CURVE('',#902,#904,#464,.T.);
#1105=EDGE_CURVE('',#905,#902,#17,.T.);
#1106=EDGE_CURVE('',#906,#904,#18,.T.);
#1107=EDGE_CURVE('',#905,#906,#465,.T.);
#1108=EDGE_CURVE('',#907,#906,#466,.T.);
#1109=EDGE_CURVE('',#907,#903,#467,.T.);
#1110=EDGE_CURVE('',#905,#908,#468,.T.);
#1111=EDGE_CURVE('',#901,#908,#469,.T.);
#1112=EDGE_CURVE('',#909,#909,#19,.T.);
#1113=EDGE_CURVE('',#909,#910,#470,.T.);
#1114=EDGE_CURVE('',#910,#910,#20,.T.);
#1115=EDGE_CURVE('',#911,#912,#471,.T.);
#1116=EDGE_CURVE('',#913,#911,#472,.T.);
#1117=EDGE_CURVE('',#914,#913,#473,.T.);
#1118=EDGE_CURVE('',#912,#914,#474,.T.);
#1119=EDGE_CURVE('',#915,#912,#21,.T.);
#1120=EDGE_CURVE('',#916,#914,#22,.T.);
#1121=EDGE_CURVE('',#915,#916,#475,.T.);
#1122=EDGE_CURVE('',#915,#917,#476,.T.);
#1123=EDGE_CURVE('',#918,#916,#477,.T.);
#1124=EDGE_CURVE('',#917,#918,#478,.T.);
#1125=EDGE_CURVE('',#918,#913,#479,.T.);
#1126=EDGE_CURVE('',#911,#917,#480,.T.);
#1127=EDGE_CURVE('',#919,#919,#23,.T.);
#1128=EDGE_CURVE('',#919,#920,#481,.T.);
#1129=EDGE_CURVE('',#920,#920,#24,.T.);
#1130=EDGE_CURVE('',#921,#922,#482,.T.);
#1131=EDGE_CURVE('',#923,#921,#483,.T.);
#1132=EDGE_CURVE('',#924,#923,#484,.T.);
#1133=EDGE_CURVE('',#922,#924,#485,.T.);
#1134=EDGE_CURVE('',#925,#922,#25,.T.);
#1135=EDGE_CURVE('',#926,#924,#26,.T.);
#1136=EDGE_CURVE('',#925,#926,#486,.T.);
#1137=EDGE_CURVE('',#925,#927,#487,.T.);
#1138=EDGE_CURVE('',#928,#926,#488,.T.);
#1139=EDGE_CURVE('',#927,#928,#489,.T.);
#1140=EDGE_CURVE('',#928,#923,#490,.T.);
#1141=EDGE_CURVE('',#921,#927,#491,.T.);
#1142=EDGE_CURVE('',#929,#929,#27,.T.);
#1143=EDGE_CURVE('',#929,#930,#492,.T.);
#1144=EDGE_CURVE('',#930,#930,#28,.T.);
#1145=EDGE_CURVE('',#931,#932,#29,.T.);
#1146=EDGE_CURVE('',#932,#933,#493,.T.);
#1147=EDGE_CURVE('',#934,#933,#30,.T.);
#1148=EDGE_CURVE('',#931,#934,#494,.T.);
#1149=EDGE_CURVE('',#931,#935,#495,.T.);
#1150=EDGE_CURVE('',#936,#934,#496,.T.);
#1151=EDGE_CURVE('',#935,#936,#497,.T.);
#1152=EDGE_CURVE('',#933,#937,#498,.T.);
#1153=EDGE_CURVE('',#936,#937,#499,.T.);
#1154=EDGE_CURVE('',#938,#935,#500,.T.);
#1155=EDGE_CURVE('',#938,#932,#501,.T.);
#1156=EDGE_CURVE('',#939,#940,#502,.T.);
#1157=EDGE_CURVE('',#939,#941,#503,.T.);
#1158=EDGE_CURVE('',#942,#941,#504,.T.);
#1159=EDGE_CURVE('',#940,#942,#505,.T.);
#1160=EDGE_CURVE('',#943,#939,#506,.T.);
#1161=EDGE_CURVE('',#943,#944,#507,.T.);
#1162=EDGE_CURVE('',#941,#944,#508,.T.);
#1163=EDGE_CURVE('',#945,#943,#509,.T.);
#1164=EDGE_CURVE('',#945,#946,#510,.T.);
#1165=EDGE_CURVE('',#944,#946,#511,.T.);
#1166=EDGE_CURVE('',#940,#945,#512,.T.);
#1167=EDGE_CURVE('',#946,#942,#513,.T.);
#1168=EDGE_CURVE('',#947,#948,#514,.T.);
#1169=EDGE_CURVE('',#949,#947,#515,.T.);
#1170=EDGE_CURVE('',#949,#950,#516,.T.);
#1171=EDGE_CURVE('',#950,#948,#517,.T.);
#1172=EDGE_CURVE('',#907,#949,#518,.T.);
#1173=EDGE_CURVE('',#951,#908,#519,.T.);
#1174=EDGE_CURVE('',#952,#951,#520,.T.);
#1175=EDGE_CURVE('',#952,#950,#521,.T.);
#1176=EDGE_CURVE('',#937,#947,#522,.T.);
#1177=EDGE_CURVE('',#953,#938,#523,.T.);
#1178=EDGE_CURVE('',#951,#953,#524,.T.);
#1179=EDGE_CURVE('',#954,#955,#525,.F.);
#1180=EDGE_CURVE('',#955,#956,#526,.T.);
#1181=EDGE_CURVE('',#956,#957,#527,.T.);
#1182=EDGE_CURVE('',#957,#954,#528,.T.);
#1183=EDGE_CURVE('',#958,#954,#529,.T.);
#1184=EDGE_CURVE('',#958,#959,#530,.F.);
#1185=EDGE_CURVE('',#955,#959,#531,.T.);
#1186=EDGE_CURVE('',#960,#958,#532,.T.);
#1187=EDGE_CURVE('',#961,#960,#533,.T.);
#1188=EDGE_CURVE('',#959,#961,#534,.T.);
#1189=EDGE_CURVE('',#962,#952,#535,.T.);
#1190=EDGE_CURVE('',#962,#948,#536,.T.);
#1191=EDGE_CURVE('',#963,#961,#537,.F.);
#1192=EDGE_CURVE('',#963,#964,#538,.T.);
#1193=EDGE_CURVE('',#964,#956,#539,.F.);
#1194=EDGE_CURVE('',#965,#960,#540,.T.);
#1195=EDGE_CURVE('',#965,#963,#541,.T.);
#1196=EDGE_CURVE('',#964,#966,#542,.T.);
#1197=EDGE_CURVE('',#966,#957,#543,.F.);
#1198=EDGE_CURVE('',#966,#965,#544,.T.);
#1199=EDGE_CURVE('',#953,#962,#545,.T.);
#1200=EDGE_CURVE('',#967,#967,#31,.T.);
#1201=EDGE_CURVE('',#967,#968,#546,.T.);
#1202=EDGE_CURVE('',#968,#968,#32,.T.);
#1203=EDGE_CURVE('',#969,#969,#33,.T.);
#1204=EDGE_CURVE('',#969,#970,#547,.T.);
#1205=EDGE_CURVE('',#970,#970,#34,.T.);
#1206=EDGE_CURVE('',#971,#971,#35,.T.);
#1207=EDGE_CURVE('',#971,#972,#548,.T.);
#1208=EDGE_CURVE('',#972,#972,#36,.T.);
#1209=EDGE_CURVE('',#973,#974,#549,.T.);
#1210=EDGE_CURVE('',#975,#973,#550,.T.);
#1211=EDGE_CURVE('',#976,#975,#551,.T.);
#1212=EDGE_CURVE('',#974,#976,#552,.T.);
#1213=EDGE_CURVE('',#977,#974,#37,.T.);
#1214=EDGE_CURVE('',#978,#976,#38,.T.);
#1215=EDGE_CURVE('',#977,#978,#553,.T.);
#1216=EDGE_CURVE('',#979,#978,#554,.T.);
#1217=EDGE_CURVE('',#979,#975,#555,.T.);
#1218=EDGE_CURVE('',#977,#980,#556,.T.);
#1219=EDGE_CURVE('',#973,#980,#557,.T.);
#1220=EDGE_CURVE('',#981,#981,#39,.T.);
#1221=EDGE_CURVE('',#981,#982,#558,.T.);
#1222=EDGE_CURVE('',#982,#982,#40,.T.);
#1223=EDGE_CURVE('',#983,#984,#41,.T.);
#1224=EDGE_CURVE('',#984,#985,#559,.T.);
#1225=EDGE_CURVE('',#986,#985,#42,.T.);
#1226=EDGE_CURVE('',#983,#986,#560,.T.);
#1227=EDGE_CURVE('',#983,#987,#561,.T.);
#1228=EDGE_CURVE('',#988,#986,#562,.T.);
#1229=EDGE_CURVE('',#987,#988,#563,.T.);
#1230=EDGE_CURVE('',#985,#989,#564,.T.);
#1231=EDGE_CURVE('',#988,#989,#565,.T.);
#1232=EDGE_CURVE('',#990,#987,#566,.T.);
#1233=EDGE_CURVE('',#990,#984,#567,.T.);
#1234=EDGE_CURVE('',#991,#991,#43,.T.);
#1235=EDGE_CURVE('',#991,#992,#568,.T.);
#1236=EDGE_CURVE('',#992,#992,#44,.T.);
#1237=EDGE_CURVE('',#993,#994,#45,.T.);
#1238=EDGE_CURVE('',#994,#995,#569,.T.);
#1239=EDGE_CURVE('',#996,#995,#46,.T.);
#1240=EDGE_CURVE('',#993,#996,#570,.T.);
#1241=EDGE_CURVE('',#993,#997,#571,.T.);
#1242=EDGE_CURVE('',#998,#996,#572,.T.);
#1243=EDGE_CURVE('',#997,#998,#573,.T.);
#1244=EDGE_CURVE('',#995,#999,#574,.T.);
#1245=EDGE_CURVE('',#998,#999,#575,.T.);
#1246=EDGE_CURVE('',#1000,#997,#576,.T.);
#1247=EDGE_CURVE('',#1000,#994,#577,.T.);
#1248=EDGE_CURVE('',#1001,#1001,#47,.T.);
#1249=EDGE_CURVE('',#1001,#1002,#578,.T.);
#1250=EDGE_CURVE('',#1002,#1002,#48,.T.);
#1251=EDGE_CURVE('',#1003,#1004,#579,.T.);
#1252=EDGE_CURVE('',#1005,#1003,#580,.T.);
#1253=EDGE_CURVE('',#1006,#1005,#581,.T.);
#1254=EDGE_CURVE('',#1004,#1006,#582,.T.);
#1255=EDGE_CURVE('',#1007,#1004,#49,.T.);
#1256=EDGE_CURVE('',#1008,#1006,#50,.T.);
#1257=EDGE_CURVE('',#1007,#1008,#583,.T.);
#1258=EDGE_CURVE('',#1009,#1008,#584,.T.);
#1259=EDGE_CURVE('',#1009,#1005,#585,.T.);
#1260=EDGE_CURVE('',#1007,#1010,#586,.T.);
#1261=EDGE_CURVE('',#1003,#1010,#587,.T.);
#1262=EDGE_CURVE('',#1011,#1012,#588,.T.);
#1263=EDGE_CURVE('',#1013,#1011,#589,.T.);
#1264=EDGE_CURVE('',#1014,#1013,#590,.T.);
#1265=EDGE_CURVE('',#1014,#1012,#591,.T.);
#1266=EDGE_CURVE('',#1012,#1015,#592,.T.);
#1267=EDGE_CURVE('',#1016,#1014,#593,.T.);
#1268=EDGE_CURVE('',#1016,#1015,#594,.T.);
#1269=EDGE_CURVE('',#1015,#1017,#595,.T.);
#1270=EDGE_CURVE('',#1018,#1016,#596,.T.);
#1271=EDGE_CURVE('',#1018,#1017,#597,.T.);
#1272=EDGE_CURVE('',#1017,#1011,#598,.T.);
#1273=EDGE_CURVE('',#1013,#1018,#599,.T.);
#1274=EDGE_CURVE('',#1019,#1020,#600,.F.);
#1275=EDGE_CURVE('',#1019,#1021,#601,.F.);
#1276=EDGE_CURVE('',#1022,#1021,#602,.F.);
#1277=EDGE_CURVE('',#1020,#1022,#603,.T.);
#1278=EDGE_CURVE('',#1023,#1019,#604,.F.);
#1279=EDGE_CURVE('',#1023,#1024,#605,.F.);
#1280=EDGE_CURVE('',#1021,#1024,#606,.F.);
#1281=EDGE_CURVE('',#1025,#1023,#607,.F.);
#1282=EDGE_CURVE('',#1025,#1026,#608,.F.);
#1283=EDGE_CURVE('',#1024,#1026,#609,.F.);
#1284=EDGE_CURVE('',#1020,#1025,#610,.F.);
#1285=EDGE_CURVE('',#1026,#1022,#611,.F.);
#1286=EDGE_CURVE('',#1027,#1028,#612,.T.);
#1287=EDGE_CURVE('',#1028,#1029,#613,.T.);
#1288=EDGE_CURVE('',#1029,#1030,#614,.T.);
#1289=EDGE_CURVE('',#1030,#1027,#615,.T.);
#1290=EDGE_CURVE('',#1031,#1032,#616,.F.);
#1291=EDGE_CURVE('',#1032,#1033,#617,.F.);
#1292=EDGE_CURVE('',#1033,#1034,#618,.F.);
#1293=EDGE_CURVE('',#1034,#1031,#619,.F.);
#1294=EDGE_CURVE('',#1035,#1036,#620,.F.);
#1295=EDGE_CURVE('',#1036,#1032,#621,.F.);
#1296=EDGE_CURVE('',#1035,#1031,#622,.T.);
#1297=EDGE_CURVE('',#1037,#1035,#623,.F.);
#1298=EDGE_CURVE('',#1037,#1034,#624,.F.);
#1299=EDGE_CURVE('',#1038,#1037,#625,.F.);
#1300=EDGE_CURVE('',#1038,#1033,#626,.F.);
#1301=EDGE_CURVE('',#1036,#1038,#627,.F.);
#1302=EDGE_CURVE('',#1039,#980,#628,.T.);
#1303=EDGE_CURVE('',#1039,#1040,#629,.T.);
#1304=EDGE_CURVE('',#1040,#1000,#630,.T.);
#1305=EDGE_CURVE('',#999,#1029,#631,.T.);
#1306=EDGE_CURVE('',#979,#1028,#632,.T.);
#1307=EDGE_CURVE('',#1041,#1039,#633,.T.);
#1308=EDGE_CURVE('',#989,#1027,#634,.T.);
#1309=EDGE_CURVE('',#1041,#990,#635,.T.);
#1310=EDGE_CURVE('',#1009,#1030,#636,.T.);
#1311=EDGE_CURVE('',#1042,#1010,#637,.T.);
#1312=EDGE_CURVE('',#1042,#1041,#638,.T.);
#1313=EDGE_CURVE('',#1040,#1042,#639,.T.);
#1314=EDGE_CURVE('',#1043,#1043,#51,.T.);
#1315=EDGE_CURVE('',#1043,#1044,#640,.T.);
#1316=EDGE_CURVE('',#1044,#1044,#52,.T.);
#1317=EDGE_CURVE('',#1045,#1045,#53,.T.);
#1318=EDGE_CURVE('',#1045,#1046,#641,.T.);
#1319=EDGE_CURVE('',#1046,#1046,#54,.T.);
#1320=EDGE_CURVE('',#1047,#1047,#55,.T.);
#1321=EDGE_CURVE('',#1047,#1048,#642,.T.);
#1322=EDGE_CURVE('',#1048,#1048,#56,.T.);
#1323=EDGE_CURVE('',#1049,#1049,#57,.T.);
#1324=EDGE_CURVE('',#1049,#1050,#643,.T.);
#1325=EDGE_CURVE('',#1050,#1050,#58,.T.);
#1326=EDGE_CURVE('',#1051,#1051,#59,.T.);
#1327=EDGE_CURVE('',#1051,#1052,#644,.T.);
#1328=EDGE_CURVE('',#1052,#1052,#60,.T.);
#1329=EDGE_CURVE('',#1053,#1053,#61,.T.);
#1330=EDGE_CURVE('',#1053,#1054,#645,.T.);
#1331=EDGE_CURVE('',#1054,#1054,#62,.T.);
#1332=EDGE_CURVE('',#1055,#1055,#63,.T.);
#1333=EDGE_CURVE('',#1055,#1056,#646,.T.);
#1334=EDGE_CURVE('',#1056,#1056,#64,.T.);
#1335=EDGE_CURVE('',#1057,#1057,#65,.T.);
#1336=EDGE_CURVE('',#1057,#1058,#647,.T.);
#1337=EDGE_CURVE('',#1058,#1058,#66,.T.);
#1338=ORIENTED_EDGE('',*,*,#1059,.F.);
#1339=ORIENTED_EDGE('',*,*,#1060,.F.);
#1340=ORIENTED_EDGE('',*,*,#1061,.F.);
#1341=ORIENTED_EDGE('',*,*,#1062,.F.);
#1342=ORIENTED_EDGE('',*,*,#1063,.T.);
#1343=ORIENTED_EDGE('',*,*,#1064,.T.);
#1344=ORIENTED_EDGE('',*,*,#1065,.T.);
#1345=ORIENTED_EDGE('',*,*,#1066,.T.);
#1346=ORIENTED_EDGE('',*,*,#1067,.T.);
#1347=ORIENTED_EDGE('',*,*,#1068,.T.);
#1348=ORIENTED_EDGE('',*,*,#1066,.F.);
#1349=ORIENTED_EDGE('',*,*,#1069,.F.);
#1350=ORIENTED_EDGE('',*,*,#1070,.T.);
#1351=ORIENTED_EDGE('',*,*,#1069,.T.);
#1352=ORIENTED_EDGE('',*,*,#1065,.F.);
#1353=ORIENTED_EDGE('',*,*,#1071,.F.);
#1354=ORIENTED_EDGE('',*,*,#1072,.T.);
#1355=ORIENTED_EDGE('',*,*,#1071,.T.);
#1356=ORIENTED_EDGE('',*,*,#1064,.F.);
#1357=ORIENTED_EDGE('',*,*,#1073,.F.);
#1358=ORIENTED_EDGE('',*,*,#1074,.T.);
#1359=ORIENTED_EDGE('',*,*,#1073,.T.);
#1360=ORIENTED_EDGE('',*,*,#1063,.F.);
#1361=ORIENTED_EDGE('',*,*,#1068,.F.);
#1362=ORIENTED_EDGE('',*,*,#1075,.F.);
#1363=ORIENTED_EDGE('',*,*,#1076,.F.);
#1364=ORIENTED_EDGE('',*,*,#1077,.F.);
#1365=ORIENTED_EDGE('',*,*,#1078,.F.);
#1366=ORIENTED_EDGE('',*,*,#1074,.F.);
#1367=ORIENTED_EDGE('',*,*,#1067,.F.);
#1368=ORIENTED_EDGE('',*,*,#1070,.F.);
#1369=ORIENTED_EDGE('',*,*,#1072,.F.);
#1370=ORIENTED_EDGE('',*,*,#1059,.T.);
#1371=ORIENTED_EDGE('',*,*,#1079,.T.);
#1372=ORIENTED_EDGE('',*,*,#1080,.F.);
#1373=ORIENTED_EDGE('',*,*,#1081,.F.);
#1374=ORIENTED_EDGE('',*,*,#1060,.T.);
#1375=ORIENTED_EDGE('',*,*,#1081,.T.);
#1376=ORIENTED_EDGE('',*,*,#1082,.F.);
#1377=ORIENTED_EDGE('',*,*,#1083,.F.);
#1378=ORIENTED_EDGE('',*,*,#1061,.T.);
#1379=ORIENTED_EDGE('',*,*,#1083,.T.);
#1380=ORIENTED_EDGE('',*,*,#1084,.F.);
#1381=ORIENTED_EDGE('',*,*,#1085,.F.);
#1382=ORIENTED_EDGE('',*,*,#1062,.T.);
#1383=ORIENTED_EDGE('',*,*,#1085,.T.);
#1384=ORIENTED_EDGE('',*,*,#1086,.F.);
#1385=ORIENTED_EDGE('',*,*,#1079,.F.);
#1386=ORIENTED_EDGE('',*,*,#1087,.T.);
#1387=ORIENTED_EDGE('',*,*,#1088,.F.);
#1388=ORIENTED_EDGE('',*,*,#1089,.F.);
#1389=ORIENTED_EDGE('',*,*,#1076,.T.);
#1390=ORIENTED_EDGE('',*,*,#1089,.T.);
#1391=ORIENTED_EDGE('',*,*,#1090,.F.);
#1392=ORIENTED_EDGE('',*,*,#1091,.F.);
#1393=ORIENTED_EDGE('',*,*,#1077,.T.);
#1394=ORIENTED_EDGE('',*,*,#1091,.T.);
#1395=ORIENTED_EDGE('',*,*,#1092,.F.);
#1396=ORIENTED_EDGE('',*,*,#1093,.F.);
#1397=ORIENTED_EDGE('',*,*,#1078,.T.);
#1398=ORIENTED_EDGE('',*,*,#1093,.T.);
#1399=ORIENTED_EDGE('',*,*,#1094,.F.);
#1400=ORIENTED_EDGE('',*,*,#1087,.F.);
#1401=ORIENTED_EDGE('',*,*,#1075,.T.);
#1402=ORIENTED_EDGE('',*,*,#1094,.T.);
#1403=ORIENTED_EDGE('',*,*,#1092,.T.);
#1404=ORIENTED_EDGE('',*,*,#1090,.T.);
#1405=ORIENTED_EDGE('',*,*,#1088,.T.);
#1406=ORIENTED_EDGE('',*,*,#1086,.T.);
#1407=ORIENTED_EDGE('',*,*,#1084,.T.);
#1408=ORIENTED_EDGE('',*,*,#1082,.T.);
#1409=ORIENTED_EDGE('',*,*,#1080,.T.);
#1410=ORIENTED_EDGE('',*,*,#1095,.F.);
#1411=ORIENTED_EDGE('',*,*,#1096,.T.);
#1412=ORIENTED_EDGE('',*,*,#1097,.F.);
#1413=ORIENTED_EDGE('',*,*,#1096,.F.);
#1414=ORIENTED_EDGE('',*,*,#1098,.F.);
#1415=ORIENTED_EDGE('',*,*,#1099,.T.);
#1416=ORIENTED_EDGE('',*,*,#1100,.F.);
#1417=ORIENTED_EDGE('',*,*,#1099,.F.);
#1418=ORIENTED_EDGE('',*,*,#1101,.F.);
#1419=ORIENTED_EDGE('',*,*,#1102,.F.);
#1420=ORIENTED_EDGE('',*,*,#1103,.F.);
#1421=ORIENTED_EDGE('',*,*,#1104,.F.);
#1422=ORIENTED_EDGE('',*,*,#1105,.T.);
#1423=ORIENTED_EDGE('',*,*,#1104,.T.);
#1424=ORIENTED_EDGE('',*,*,#1106,.F.);
#1425=ORIENTED_EDGE('',*,*,#1107,.F.);
#1426=ORIENTED_EDGE('',*,*,#1108,.T.);
#1427=ORIENTED_EDGE('',*,*,#1106,.T.);
#1428=ORIENTED_EDGE('',*,*,#1103,.T.);
#1429=ORIENTED_EDGE('',*,*,#1109,.F.);
#1430=ORIENTED_EDGE('',*,*,#1100,.T.);
#1431=ORIENTED_EDGE('',*,*,#1110,.T.);
#1432=ORIENTED_EDGE('',*,*,#1111,.F.);
#1433=ORIENTED_EDGE('',*,*,#1101,.T.);
#1434=ORIENTED_EDGE('',*,*,#1105,.F.);
#1435=ORIENTED_EDGE('',*,*,#1098,.T.);
#1436=ORIENTED_EDGE('',*,*,#1112,.F.);
#1437=ORIENTED_EDGE('',*,*,#1113,.T.);
#1438=ORIENTED_EDGE('',*,*,#1114,.F.);
#1439=ORIENTED_EDGE('',*,*,#1113,.F.);
#1440=ORIENTED_EDGE('',*,*,#1115,.F.);
#1441=ORIENTED_EDGE('',*,*,#1116,.F.);
#1442=ORIENTED_EDGE('',*,*,#1117,.F.);
#1443=ORIENTED_EDGE('',*,*,#1118,.F.);
#1444=ORIENTED_EDGE('',*,*,#1119,.T.);
#1445=ORIENTED_EDGE('',*,*,#1118,.T.);
#1446=ORIENTED_EDGE('',*,*,#1120,.F.);
#1447=ORIENTED_EDGE('',*,*,#1121,.F.);
#1448=ORIENTED_EDGE('',*,*,#1122,.F.);
#1449=ORIENTED_EDGE('',*,*,#1121,.T.);
#1450=ORIENTED_EDGE('',*,*,#1123,.F.);
#1451=ORIENTED_EDGE('',*,*,#1124,.F.);
#1452=ORIENTED_EDGE('',*,*,#1123,.T.);
#1453=ORIENTED_EDGE('',*,*,#1120,.T.);
#1454=ORIENTED_EDGE('',*,*,#1117,.T.);
#1455=ORIENTED_EDGE('',*,*,#1125,.F.);
#1456=ORIENTED_EDGE('',*,*,#1114,.T.);
#1457=ORIENTED_EDGE('',*,*,#1122,.T.);
#1458=ORIENTED_EDGE('',*,*,#1126,.F.);
#1459=ORIENTED_EDGE('',*,*,#1115,.T.);
#1460=ORIENTED_EDGE('',*,*,#1119,.F.);
#1461=ORIENTED_EDGE('',*,*,#1112,.T.);
#1462=ORIENTED_EDGE('',*,*,#1127,.F.);
#1463=ORIENTED_EDGE('',*,*,#1128,.T.);
#1464=ORIENTED_EDGE('',*,*,#1129,.F.);
#1465=ORIENTED_EDGE('',*,*,#1128,.F.);
#1466=ORIENTED_EDGE('',*,*,#1130,.F.);
#1467=ORIENTED_EDGE('',*,*,#1131,.F.);
#1468=ORIENTED_EDGE('',*,*,#1132,.F.);
#1469=ORIENTED_EDGE('',*,*,#1133,.F.);
#1470=ORIENTED_EDGE('',*,*,#1134,.T.);
#1471=ORIENTED_EDGE('',*,*,#1133,.T.);
#1472=ORIENTED_EDGE('',*,*,#1135,.F.);
#1473=ORIENTED_EDGE('',*,*,#1136,.F.);
#1474=ORIENTED_EDGE('',*,*,#1137,.F.);
#1475=ORIENTED_EDGE('',*,*,#1136,.T.);
#1476=ORIENTED_EDGE('',*,*,#1138,.F.);
#1477=ORIENTED_EDGE('',*,*,#1139,.F.);
#1478=ORIENTED_EDGE('',*,*,#1138,.T.);
#1479=ORIENTED_EDGE('',*,*,#1135,.T.);
#1480=ORIENTED_EDGE('',*,*,#1132,.T.);
#1481=ORIENTED_EDGE('',*,*,#1140,.F.);
#1482=ORIENTED_EDGE('',*,*,#1129,.T.);
#1483=ORIENTED_EDGE('',*,*,#1137,.T.);
#1484=ORIENTED_EDGE('',*,*,#1141,.F.);
#1485=ORIENTED_EDGE('',*,*,#1130,.T.);
#1486=ORIENTED_EDGE('',*,*,#1134,.F.);
#1487=ORIENTED_EDGE('',*,*,#1127,.T.);
#1488=ORIENTED_EDGE('',*,*,#1142,.F.);
#1489=ORIENTED_EDGE('',*,*,#1143,.T.);
#1490=ORIENTED_EDGE('',*,*,#1144,.F.);
#1491=ORIENTED_EDGE('',*,*,#1143,.F.);
#1492=ORIENTED_EDGE('',*,*,#1145,.T.);
#1493=ORIENTED_EDGE('',*,*,#1146,.T.);
#1494=ORIENTED_EDGE('',*,*,#1147,.F.);
#1495=ORIENTED_EDGE('',*,*,#1148,.F.);
#1496=ORIENTED_EDGE('',*,*,#1149,.F.);
#1497=ORIENTED_EDGE('',*,*,#1148,.T.);
#1498=ORIENTED_EDGE('',*,*,#1150,.F.);
#1499=ORIENTED_EDGE('',*,*,#1151,.F.);
#1500=ORIENTED_EDGE('',*,*,#1150,.T.);
#1501=ORIENTED_EDGE('',*,*,#1147,.T.);
#1502=ORIENTED_EDGE('',*,*,#1152,.T.);
#1503=ORIENTED_EDGE('',*,*,#1153,.F.);
#1504=ORIENTED_EDGE('',*,*,#1144,.T.);
#1505=ORIENTED_EDGE('',*,*,#1149,.T.);
#1506=ORIENTED_EDGE('',*,*,#1154,.F.);
#1507=ORIENTED_EDGE('',*,*,#1155,.T.);
#1508=ORIENTED_EDGE('',*,*,#1145,.F.);
#1509=ORIENTED_EDGE('',*,*,#1142,.T.);
#1510=ORIENTED_EDGE('',*,*,#1156,.F.);
#1511=ORIENTED_EDGE('',*,*,#1157,.T.);
#1512=ORIENTED_EDGE('',*,*,#1158,.F.);
#1513=ORIENTED_EDGE('',*,*,#1159,.F.);
#1514=ORIENTED_EDGE('',*,*,#1160,.F.);
#1515=ORIENTED_EDGE('',*,*,#1161,.T.);
#1516=ORIENTED_EDGE('',*,*,#1162,.F.);
#1517=ORIENTED_EDGE('',*,*,#1157,.F.);
#1518=ORIENTED_EDGE('',*,*,#1163,.F.);
#1519=ORIENTED_EDGE('',*,*,#1164,.T.);
#1520=ORIENTED_EDGE('',*,*,#1165,.F.);
#1521=ORIENTED_EDGE('',*,*,#1161,.F.);
#1522=ORIENTED_EDGE('',*,*,#1166,.F.);
#1523=ORIENTED_EDGE('',*,*,#1159,.T.);
#1524=ORIENTED_EDGE('',*,*,#1167,.F.);
#1525=ORIENTED_EDGE('',*,*,#1164,.F.);
#1526=ORIENTED_EDGE('',*,*,#1168,.F.);
#1527=ORIENTED_EDGE('',*,*,#1169,.F.);
#1528=ORIENTED_EDGE('',*,*,#1170,.T.);
#1529=ORIENTED_EDGE('',*,*,#1171,.T.);
#1530=ORIENTED_EDGE('',*,*,#1166,.T.);
#1531=ORIENTED_EDGE('',*,*,#1163,.T.);
#1532=ORIENTED_EDGE('',*,*,#1160,.T.);
#1533=ORIENTED_EDGE('',*,*,#1156,.T.);
#1534=ORIENTED_EDGE('',*,*,#1170,.F.);
#1535=ORIENTED_EDGE('',*,*,#1172,.F.);
#1536=ORIENTED_EDGE('',*,*,#1109,.T.);
#1537=ORIENTED_EDGE('',*,*,#1102,.T.);
#1538=ORIENTED_EDGE('',*,*,#1111,.T.);
#1539=ORIENTED_EDGE('',*,*,#1173,.F.);
#1540=ORIENTED_EDGE('',*,*,#1174,.F.);
#1541=ORIENTED_EDGE('',*,*,#1175,.T.);
#1542=ORIENTED_EDGE('',*,*,#1124,.T.);
#1543=ORIENTED_EDGE('',*,*,#1125,.T.);
#1544=ORIENTED_EDGE('',*,*,#1116,.T.);
#1545=ORIENTED_EDGE('',*,*,#1126,.T.);
#1546=ORIENTED_EDGE('',*,*,#1169,.T.);
#1547=ORIENTED_EDGE('',*,*,#1176,.F.);
#1548=ORIENTED_EDGE('',*,*,#1152,.F.);
#1549=ORIENTED_EDGE('',*,*,#1146,.F.);
#1550=ORIENTED_EDGE('',*,*,#1155,.F.);
#1551=ORIENTED_EDGE('',*,*,#1177,.F.);
#1552=ORIENTED_EDGE('',*,*,#1178,.F.);
#1553=ORIENTED_EDGE('',*,*,#1173,.T.);
#1554=ORIENTED_EDGE('',*,*,#1110,.F.);
#1555=ORIENTED_EDGE('',*,*,#1107,.T.);
#1556=ORIENTED_EDGE('',*,*,#1108,.F.);
#1557=ORIENTED_EDGE('',*,*,#1172,.T.);
#1558=ORIENTED_EDGE('',*,*,#1158,.T.);
#1559=ORIENTED_EDGE('',*,*,#1162,.T.);
#1560=ORIENTED_EDGE('',*,*,#1165,.T.);
#1561=ORIENTED_EDGE('',*,*,#1167,.T.);
#1562=ORIENTED_EDGE('',*,*,#1179,.T.);
#1563=ORIENTED_EDGE('',*,*,#1180,.T.);
#1564=ORIENTED_EDGE('',*,*,#1181,.T.);
#1565=ORIENTED_EDGE('',*,*,#1182,.T.);
#1566=ORIENTED_EDGE('',*,*,#1183,.F.);
#1567=ORIENTED_EDGE('',*,*,#1184,.T.);
#1568=ORIENTED_EDGE('',*,*,#1185,.F.);
#1569=ORIENTED_EDGE('',*,*,#1179,.F.);
#1570=ORIENTED_EDGE('',*,*,#1186,.F.);
#1571=ORIENTED_EDGE('',*,*,#1187,.F.);
#1572=ORIENTED_EDGE('',*,*,#1188,.F.);
#1573=ORIENTED_EDGE('',*,*,#1184,.F.);
#1574=ORIENTED_EDGE('',*,*,#1175,.F.);
#1575=ORIENTED_EDGE('',*,*,#1189,.F.);
#1576=ORIENTED_EDGE('',*,*,#1190,.T.);
#1577=ORIENTED_EDGE('',*,*,#1171,.F.);
#1578=ORIENTED_EDGE('',*,*,#1185,.T.);
#1579=ORIENTED_EDGE('',*,*,#1188,.T.);
#1580=ORIENTED_EDGE('',*,*,#1191,.F.);
#1581=ORIENTED_EDGE('',*,*,#1192,.T.);
#1582=ORIENTED_EDGE('',*,*,#1193,.T.);
#1583=ORIENTED_EDGE('',*,*,#1180,.F.);
#1584=ORIENTED_EDGE('',*,*,#1187,.T.);
#1585=ORIENTED_EDGE('',*,*,#1194,.F.);
#1586=ORIENTED_EDGE('',*,*,#1195,.T.);
#1587=ORIENTED_EDGE('',*,*,#1191,.T.);
#1588=ORIENTED_EDGE('',*,*,#1196,.T.);
#1589=ORIENTED_EDGE('',*,*,#1197,.T.);
#1590=ORIENTED_EDGE('',*,*,#1181,.F.);
#1591=ORIENTED_EDGE('',*,*,#1193,.F.);
#1592=ORIENTED_EDGE('',*,*,#1183,.T.);
#1593=ORIENTED_EDGE('',*,*,#1182,.F.);
#1594=ORIENTED_EDGE('',*,*,#1197,.F.);
#1595=ORIENTED_EDGE('',*,*,#1198,.T.);
#1596=ORIENTED_EDGE('',*,*,#1194,.T.);
#1597=ORIENTED_EDGE('',*,*,#1186,.T.);
#1598=ORIENTED_EDGE('',*,*,#1198,.F.);
#1599=ORIENTED_EDGE('',*,*,#1196,.F.);
#1600=ORIENTED_EDGE('',*,*,#1192,.F.);
#1601=ORIENTED_EDGE('',*,*,#1195,.F.);
#1602=ORIENTED_EDGE('',*,*,#1097,.T.);
#1603=ORIENTED_EDGE('',*,*,#1168,.T.);
#1604=ORIENTED_EDGE('',*,*,#1190,.F.);
#1605=ORIENTED_EDGE('',*,*,#1199,.F.);
#1606=ORIENTED_EDGE('',*,*,#1177,.T.);
#1607=ORIENTED_EDGE('',*,*,#1154,.T.);
#1608=ORIENTED_EDGE('',*,*,#1151,.T.);
#1609=ORIENTED_EDGE('',*,*,#1153,.T.);
#1610=ORIENTED_EDGE('',*,*,#1176,.T.);
#1611=ORIENTED_EDGE('',*,*,#1139,.T.);
#1612=ORIENTED_EDGE('',*,*,#1140,.T.);
#1613=ORIENTED_EDGE('',*,*,#1131,.T.);
#1614=ORIENTED_EDGE('',*,*,#1141,.T.);
#1615=ORIENTED_EDGE('',*,*,#1199,.T.);
#1616=ORIENTED_EDGE('',*,*,#1189,.T.);
#1617=ORIENTED_EDGE('',*,*,#1174,.T.);
#1618=ORIENTED_EDGE('',*,*,#1178,.T.);
#1619=ORIENTED_EDGE('',*,*,#1095,.T.);
#1620=ORIENTED_EDGE('',*,*,#1200,.F.);
#1621=ORIENTED_EDGE('',*,*,#1201,.T.);
#1622=ORIENTED_EDGE('',*,*,#1202,.T.);
#1623=ORIENTED_EDGE('',*,*,#1201,.F.);
#1624=ORIENTED_EDGE('',*,*,#1200,.T.);
#1625=ORIENTED_EDGE('',*,*,#1202,.F.);
#1626=ORIENTED_EDGE('',*,*,#1203,.F.);
#1627=ORIENTED_EDGE('',*,*,#1204,.T.);
#1628=ORIENTED_EDGE('',*,*,#1205,.T.);
#1629=ORIENTED_EDGE('',*,*,#1204,.F.);
#1630=ORIENTED_EDGE('',*,*,#1203,.T.);
#1631=ORIENTED_EDGE('',*,*,#1205,.F.);
#1632=ORIENTED_EDGE('',*,*,#1206,.F.);
#1633=ORIENTED_EDGE('',*,*,#1207,.T.);
#1634=ORIENTED_EDGE('',*,*,#1208,.F.);
#1635=ORIENTED_EDGE('',*,*,#1207,.F.);
#1636=ORIENTED_EDGE('',*,*,#1209,.F.);
#1637=ORIENTED_EDGE('',*,*,#1210,.F.);
#1638=ORIENTED_EDGE('',*,*,#1211,.F.);
#1639=ORIENTED_EDGE('',*,*,#1212,.F.);
#1640=ORIENTED_EDGE('',*,*,#1213,.T.);
#1641=ORIENTED_EDGE('',*,*,#1212,.T.);
#1642=ORIENTED_EDGE('',*,*,#1214,.F.);
#1643=ORIENTED_EDGE('',*,*,#1215,.F.);
#1644=ORIENTED_EDGE('',*,*,#1216,.T.);
#1645=ORIENTED_EDGE('',*,*,#1214,.T.);
#1646=ORIENTED_EDGE('',*,*,#1211,.T.);
#1647=ORIENTED_EDGE('',*,*,#1217,.F.);
#1648=ORIENTED_EDGE('',*,*,#1208,.T.);
#1649=ORIENTED_EDGE('',*,*,#1218,.T.);
#1650=ORIENTED_EDGE('',*,*,#1219,.F.);
#1651=ORIENTED_EDGE('',*,*,#1209,.T.);
#1652=ORIENTED_EDGE('',*,*,#1213,.F.);
#1653=ORIENTED_EDGE('',*,*,#1206,.T.);
#1654=ORIENTED_EDGE('',*,*,#1220,.F.);
#1655=ORIENTED_EDGE('',*,*,#1221,.T.);
#1656=ORIENTED_EDGE('',*,*,#1222,.F.);
#1657=ORIENTED_EDGE('',*,*,#1221,.F.);
#1658=ORIENTED_EDGE('',*,*,#1223,.T.);
#1659=ORIENTED_EDGE('',*,*,#1224,.T.);
#1660=ORIENTED_EDGE('',*,*,#1225,.F.);
#1661=ORIENTED_EDGE('',*,*,#1226,.F.);
#1662=ORIENTED_EDGE('',*,*,#1227,.F.);
#1663=ORIENTED_EDGE('',*,*,#1226,.T.);
#1664=ORIENTED_EDGE('',*,*,#1228,.F.);
#1665=ORIENTED_EDGE('',*,*,#1229,.F.);
#1666=ORIENTED_EDGE('',*,*,#1228,.T.);
#1667=ORIENTED_EDGE('',*,*,#1225,.T.);
#1668=ORIENTED_EDGE('',*,*,#1230,.T.);
#1669=ORIENTED_EDGE('',*,*,#1231,.F.);
#1670=ORIENTED_EDGE('',*,*,#1222,.T.);
#1671=ORIENTED_EDGE('',*,*,#1227,.T.);
#1672=ORIENTED_EDGE('',*,*,#1232,.F.);
#1673=ORIENTED_EDGE('',*,*,#1233,.T.);
#1674=ORIENTED_EDGE('',*,*,#1223,.F.);
#1675=ORIENTED_EDGE('',*,*,#1220,.T.);
#1676=ORIENTED_EDGE('',*,*,#1234,.F.);
#1677=ORIENTED_EDGE('',*,*,#1235,.T.);
#1678=ORIENTED_EDGE('',*,*,#1236,.F.);
#1679=ORIENTED_EDGE('',*,*,#1235,.F.);
#1680=ORIENTED_EDGE('',*,*,#1237,.T.);
#1681=ORIENTED_EDGE('',*,*,#1238,.T.);
#1682=ORIENTED_EDGE('',*,*,#1239,.F.);
#1683=ORIENTED_EDGE('',*,*,#1240,.F.);
#1684=ORIENTED_EDGE('',*,*,#1241,.F.);
#1685=ORIENTED_EDGE('',*,*,#1240,.T.);
#1686=ORIENTED_EDGE('',*,*,#1242,.F.);
#1687=ORIENTED_EDGE('',*,*,#1243,.F.);
#1688=ORIENTED_EDGE('',*,*,#1242,.T.);
#1689=ORIENTED_EDGE('',*,*,#1239,.T.);
#1690=ORIENTED_EDGE('',*,*,#1244,.T.);
#1691=ORIENTED_EDGE('',*,*,#1245,.F.);
#1692=ORIENTED_EDGE('',*,*,#1236,.T.);
#1693=ORIENTED_EDGE('',*,*,#1241,.T.);
#1694=ORIENTED_EDGE('',*,*,#1246,.F.);
#1695=ORIENTED_EDGE('',*,*,#1247,.T.);
#1696=ORIENTED_EDGE('',*,*,#1237,.F.);
#1697=ORIENTED_EDGE('',*,*,#1234,.T.);
#1698=ORIENTED_EDGE('',*,*,#1248,.F.);
#1699=ORIENTED_EDGE('',*,*,#1249,.T.);
#1700=ORIENTED_EDGE('',*,*,#1250,.F.);
#1701=ORIENTED_EDGE('',*,*,#1249,.F.);
#1702=ORIENTED_EDGE('',*,*,#1251,.F.);
#1703=ORIENTED_EDGE('',*,*,#1252,.F.);
#1704=ORIENTED_EDGE('',*,*,#1253,.F.);
#1705=ORIENTED_EDGE('',*,*,#1254,.F.);
#1706=ORIENTED_EDGE('',*,*,#1255,.T.);
#1707=ORIENTED_EDGE('',*,*,#1254,.T.);
#1708=ORIENTED_EDGE('',*,*,#1256,.F.);
#1709=ORIENTED_EDGE('',*,*,#1257,.F.);
#1710=ORIENTED_EDGE('',*,*,#1258,.T.);
#1711=ORIENTED_EDGE('',*,*,#1256,.T.);
#1712=ORIENTED_EDGE('',*,*,#1253,.T.);
#1713=ORIENTED_EDGE('',*,*,#1259,.F.);
#1714=ORIENTED_EDGE('',*,*,#1250,.T.);
#1715=ORIENTED_EDGE('',*,*,#1260,.T.);
#1716=ORIENTED_EDGE('',*,*,#1261,.F.);
#1717=ORIENTED_EDGE('',*,*,#1251,.T.);
#1718=ORIENTED_EDGE('',*,*,#1255,.F.);
#1719=ORIENTED_EDGE('',*,*,#1248,.T.);
#1720=ORIENTED_EDGE('',*,*,#1262,.F.);
#1721=ORIENTED_EDGE('',*,*,#1263,.F.);
#1722=ORIENTED_EDGE('',*,*,#1264,.F.);
#1723=ORIENTED_EDGE('',*,*,#1265,.T.);
#1724=ORIENTED_EDGE('',*,*,#1266,.F.);
#1725=ORIENTED_EDGE('',*,*,#1265,.F.);
#1726=ORIENTED_EDGE('',*,*,#1267,.F.);
#1727=ORIENTED_EDGE('',*,*,#1268,.T.);
#1728=ORIENTED_EDGE('',*,*,#1269,.F.);
#1729=ORIENTED_EDGE('',*,*,#1268,.F.);
#1730=ORIENTED_EDGE('',*,*,#1270,.F.);
#1731=ORIENTED_EDGE('',*,*,#1271,.T.);
#1732=ORIENTED_EDGE('',*,*,#1272,.F.);
#1733=ORIENTED_EDGE('',*,*,#1271,.F.);
#1734=ORIENTED_EDGE('',*,*,#1273,.F.);
#1735=ORIENTED_EDGE('',*,*,#1263,.T.);
#1736=ORIENTED_EDGE('',*,*,#1274,.F.);
#1737=ORIENTED_EDGE('',*,*,#1275,.T.);
#1738=ORIENTED_EDGE('',*,*,#1276,.F.);
#1739=ORIENTED_EDGE('',*,*,#1277,.F.);
#1740=ORIENTED_EDGE('',*,*,#1278,.F.);
#1741=ORIENTED_EDGE('',*,*,#1279,.T.);
#1742=ORIENTED_EDGE('',*,*,#1280,.F.);
#1743=ORIENTED_EDGE('',*,*,#1275,.F.);
#1744=ORIENTED_EDGE('',*,*,#1281,.F.);
#1745=ORIENTED_EDGE('',*,*,#1282,.T.);
#1746=ORIENTED_EDGE('',*,*,#1283,.F.);
#1747=ORIENTED_EDGE('',*,*,#1279,.F.);
#1748=ORIENTED_EDGE('',*,*,#1284,.F.);
#1749=ORIENTED_EDGE('',*,*,#1277,.T.);
#1750=ORIENTED_EDGE('',*,*,#1285,.F.);
#1751=ORIENTED_EDGE('',*,*,#1282,.F.);
#1752=ORIENTED_EDGE('',*,*,#1284,.T.);
#1753=ORIENTED_EDGE('',*,*,#1281,.T.);
#1754=ORIENTED_EDGE('',*,*,#1278,.T.);
#1755=ORIENTED_EDGE('',*,*,#1274,.T.);
#1756=ORIENTED_EDGE('',*,*,#1269,.T.);
#1757=ORIENTED_EDGE('',*,*,#1272,.T.);
#1758=ORIENTED_EDGE('',*,*,#1262,.T.);
#1759=ORIENTED_EDGE('',*,*,#1266,.T.);
#1760=ORIENTED_EDGE('',*,*,#1286,.T.);
#1761=ORIENTED_EDGE('',*,*,#1287,.T.);
#1762=ORIENTED_EDGE('',*,*,#1288,.T.);
#1763=ORIENTED_EDGE('',*,*,#1289,.T.);
#1764=ORIENTED_EDGE('',*,*,#1276,.T.);
#1765=ORIENTED_EDGE('',*,*,#1280,.T.);
#1766=ORIENTED_EDGE('',*,*,#1283,.T.);
#1767=ORIENTED_EDGE('',*,*,#1285,.T.);
#1768=ORIENTED_EDGE('',*,*,#1290,.T.);
#1769=ORIENTED_EDGE('',*,*,#1291,.T.);
#1770=ORIENTED_EDGE('',*,*,#1292,.T.);
#1771=ORIENTED_EDGE('',*,*,#1293,.T.);
#1772=ORIENTED_EDGE('',*,*,#1270,.T.);
#1773=ORIENTED_EDGE('',*,*,#1267,.T.);
#1774=ORIENTED_EDGE('',*,*,#1264,.T.);
#1775=ORIENTED_EDGE('',*,*,#1273,.T.);
#1776=ORIENTED_EDGE('',*,*,#1294,.T.);
#1777=ORIENTED_EDGE('',*,*,#1295,.T.);
#1778=ORIENTED_EDGE('',*,*,#1290,.F.);
#1779=ORIENTED_EDGE('',*,*,#1296,.F.);
#1780=ORIENTED_EDGE('',*,*,#1297,.T.);
#1781=ORIENTED_EDGE('',*,*,#1296,.T.);
#1782=ORIENTED_EDGE('',*,*,#1293,.F.);
#1783=ORIENTED_EDGE('',*,*,#1298,.F.);
#1784=ORIENTED_EDGE('',*,*,#1299,.T.);
#1785=ORIENTED_EDGE('',*,*,#1298,.T.);
#1786=ORIENTED_EDGE('',*,*,#1292,.F.);
#1787=ORIENTED_EDGE('',*,*,#1300,.F.);
#1788=ORIENTED_EDGE('',*,*,#1301,.T.);
#1789=ORIENTED_EDGE('',*,*,#1300,.T.);
#1790=ORIENTED_EDGE('',*,*,#1291,.F.);
#1791=ORIENTED_EDGE('',*,*,#1295,.F.);
#1792=ORIENTED_EDGE('',*,*,#1219,.T.);
#1793=ORIENTED_EDGE('',*,*,#1302,.F.);
#1794=ORIENTED_EDGE('',*,*,#1303,.T.);
#1795=ORIENTED_EDGE('',*,*,#1304,.T.);
#1796=ORIENTED_EDGE('',*,*,#1246,.T.);
#1797=ORIENTED_EDGE('',*,*,#1243,.T.);
#1798=ORIENTED_EDGE('',*,*,#1245,.T.);
#1799=ORIENTED_EDGE('',*,*,#1305,.T.);
#1800=ORIENTED_EDGE('',*,*,#1287,.F.);
#1801=ORIENTED_EDGE('',*,*,#1306,.F.);
#1802=ORIENTED_EDGE('',*,*,#1217,.T.);
#1803=ORIENTED_EDGE('',*,*,#1210,.T.);
#1804=ORIENTED_EDGE('',*,*,#1307,.T.);
#1805=ORIENTED_EDGE('',*,*,#1302,.T.);
#1806=ORIENTED_EDGE('',*,*,#1218,.F.);
#1807=ORIENTED_EDGE('',*,*,#1215,.T.);
#1808=ORIENTED_EDGE('',*,*,#1216,.F.);
#1809=ORIENTED_EDGE('',*,*,#1306,.T.);
#1810=ORIENTED_EDGE('',*,*,#1286,.F.);
#1811=ORIENTED_EDGE('',*,*,#1308,.F.);
#1812=ORIENTED_EDGE('',*,*,#1230,.F.);
#1813=ORIENTED_EDGE('',*,*,#1224,.F.);
#1814=ORIENTED_EDGE('',*,*,#1233,.F.);
#1815=ORIENTED_EDGE('',*,*,#1309,.F.);
#1816=ORIENTED_EDGE('',*,*,#1231,.T.);
#1817=ORIENTED_EDGE('',*,*,#1308,.T.);
#1818=ORIENTED_EDGE('',*,*,#1289,.F.);
#1819=ORIENTED_EDGE('',*,*,#1310,.F.);
#1820=ORIENTED_EDGE('',*,*,#1259,.T.);
#1821=ORIENTED_EDGE('',*,*,#1252,.T.);
#1822=ORIENTED_EDGE('',*,*,#1261,.T.);
#1823=ORIENTED_EDGE('',*,*,#1311,.F.);
#1824=ORIENTED_EDGE('',*,*,#1312,.T.);
#1825=ORIENTED_EDGE('',*,*,#1309,.T.);
#1826=ORIENTED_EDGE('',*,*,#1232,.T.);
#1827=ORIENTED_EDGE('',*,*,#1229,.T.);
#1828=ORIENTED_EDGE('',*,*,#1313,.T.);
#1829=ORIENTED_EDGE('',*,*,#1311,.T.);
#1830=ORIENTED_EDGE('',*,*,#1260,.F.);
#1831=ORIENTED_EDGE('',*,*,#1257,.T.);
#1832=ORIENTED_EDGE('',*,*,#1258,.F.);
#1833=ORIENTED_EDGE('',*,*,#1310,.T.);
#1834=ORIENTED_EDGE('',*,*,#1288,.F.);
#1835=ORIENTED_EDGE('',*,*,#1305,.F.);
#1836=ORIENTED_EDGE('',*,*,#1244,.F.);
#1837=ORIENTED_EDGE('',*,*,#1238,.F.);
#1838=ORIENTED_EDGE('',*,*,#1247,.F.);
#1839=ORIENTED_EDGE('',*,*,#1304,.F.);
#1840=ORIENTED_EDGE('',*,*,#1313,.F.);
#1841=ORIENTED_EDGE('',*,*,#1303,.F.);
#1842=ORIENTED_EDGE('',*,*,#1307,.F.);
#1843=ORIENTED_EDGE('',*,*,#1312,.F.);
#1844=ORIENTED_EDGE('',*,*,#1301,.F.);
#1845=ORIENTED_EDGE('',*,*,#1294,.F.);
#1846=ORIENTED_EDGE('',*,*,#1297,.F.);
#1847=ORIENTED_EDGE('',*,*,#1299,.F.);
#1848=ORIENTED_EDGE('',*,*,#1314,.F.);
#1849=ORIENTED_EDGE('',*,*,#1315,.T.);
#1850=ORIENTED_EDGE('',*,*,#1316,.T.);
#1851=ORIENTED_EDGE('',*,*,#1315,.F.);
#1852=ORIENTED_EDGE('',*,*,#1317,.F.);
#1853=ORIENTED_EDGE('',*,*,#1318,.T.);
#1854=ORIENTED_EDGE('',*,*,#1319,.T.);
#1855=ORIENTED_EDGE('',*,*,#1318,.F.);
#1856=ORIENTED_EDGE('',*,*,#1317,.T.);
#1857=ORIENTED_EDGE('',*,*,#1314,.T.);
#1858=ORIENTED_EDGE('',*,*,#1319,.F.);
#1859=ORIENTED_EDGE('',*,*,#1316,.F.);
#1860=ORIENTED_EDGE('',*,*,#1320,.F.);
#1861=ORIENTED_EDGE('',*,*,#1321,.T.);
#1862=ORIENTED_EDGE('',*,*,#1322,.T.);
#1863=ORIENTED_EDGE('',*,*,#1321,.F.);
#1864=ORIENTED_EDGE('',*,*,#1323,.F.);
#1865=ORIENTED_EDGE('',*,*,#1324,.T.);
#1866=ORIENTED_EDGE('',*,*,#1325,.T.);
#1867=ORIENTED_EDGE('',*,*,#1324,.F.);
#1868=ORIENTED_EDGE('',*,*,#1323,.T.);
#1869=ORIENTED_EDGE('',*,*,#1320,.T.);
#1870=ORIENTED_EDGE('',*,*,#1325,.F.);
#1871=ORIENTED_EDGE('',*,*,#1322,.F.);
#1872=ORIENTED_EDGE('',*,*,#1326,.F.);
#1873=ORIENTED_EDGE('',*,*,#1327,.T.);
#1874=ORIENTED_EDGE('',*,*,#1328,.T.);
#1875=ORIENTED_EDGE('',*,*,#1327,.F.);
#1876=ORIENTED_EDGE('',*,*,#1329,.F.);
#1877=ORIENTED_EDGE('',*,*,#1330,.T.);
#1878=ORIENTED_EDGE('',*,*,#1331,.T.);
#1879=ORIENTED_EDGE('',*,*,#1330,.F.);
#1880=ORIENTED_EDGE('',*,*,#1329,.T.);
#1881=ORIENTED_EDGE('',*,*,#1326,.T.);
#1882=ORIENTED_EDGE('',*,*,#1331,.F.);
#1883=ORIENTED_EDGE('',*,*,#1328,.F.);
#1884=ORIENTED_EDGE('',*,*,#1332,.F.);
#1885=ORIENTED_EDGE('',*,*,#1333,.T.);
#1886=ORIENTED_EDGE('',*,*,#1334,.T.);
#1887=ORIENTED_EDGE('',*,*,#1333,.F.);
#1888=ORIENTED_EDGE('',*,*,#1335,.F.);
#1889=ORIENTED_EDGE('',*,*,#1336,.T.);
#1890=ORIENTED_EDGE('',*,*,#1337,.T.);
#1891=ORIENTED_EDGE('',*,*,#1336,.F.);
#1892=ORIENTED_EDGE('',*,*,#1335,.T.);
#1893=ORIENTED_EDGE('',*,*,#1332,.T.);
#1894=ORIENTED_EDGE('',*,*,#1337,.F.);
#1895=ORIENTED_EDGE('',*,*,#1334,.F.);
#1896=PLANE('',#2127);
#1897=PLANE('',#2128);
#1898=PLANE('',#2129);
#1899=PLANE('',#2130);
#1900=PLANE('',#2131);
#1901=PLANE('',#2132);
#1902=PLANE('',#2133);
#1903=PLANE('',#2134);
#1904=PLANE('',#2135);
#1905=PLANE('',#2136);
#1906=PLANE('',#2137);
#1907=PLANE('',#2138);
#1908=PLANE('',#2139);
#1909=PLANE('',#2140);
#1910=PLANE('',#2141);
#1911=PLANE('',#2148);
#1912=PLANE('',#2152);
#1913=PLANE('',#2153);
#1914=PLANE('',#2157);
#1915=PLANE('',#2161);
#1916=PLANE('',#2162);
#1917=PLANE('',#2163);
#1918=PLANE('',#2167);
#1919=PLANE('',#2171);
#1920=PLANE('',#2172);
#1921=PLANE('',#2173);
#1922=PLANE('',#2180);
#1923=PLANE('',#2181);
#1924=PLANE('',#2182);
#1925=PLANE('',#2183);
#1926=PLANE('',#2184);
#1927=PLANE('',#2185);
#1928=PLANE('',#2186);
#1929=PLANE('',#2187);
#1930=PLANE('',#2188);
#1931=PLANE('',#2189);
#1932=PLANE('',#2190);
#1933=PLANE('',#2191);
#1934=PLANE('',#2192);
#1935=PLANE('',#2193);
#1936=PLANE('',#2194);
#1937=PLANE('',#2195);
#1938=PLANE('',#2196);
#1939=PLANE('',#2197);
#1940=PLANE('',#2198);
#1941=PLANE('',#2199);
#1942=PLANE('',#2200);
#1943=PLANE('',#2204);
#1944=PLANE('',#2205);
#1945=PLANE('',#2209);
#1946=PLANE('',#2210);
#1947=PLANE('',#2214);
#1948=PLANE('',#2218);
#1949=PLANE('',#2219);
#1950=PLANE('',#2226);
#1951=PLANE('',#2227);
#1952=PLANE('',#2228);
#1953=PLANE('',#2235);
#1954=PLANE('',#2236);
#1955=PLANE('',#2237);
#1956=PLANE('',#2241);
#1957=PLANE('',#2245);
#1958=PLANE('',#2246);
#1959=PLANE('',#2247);
#1960=PLANE('',#2248);
#1961=PLANE('',#2249);
#1962=PLANE('',#2250);
#1963=PLANE('',#2251);
#1964=PLANE('',#2252);
#1965=PLANE('',#2253);
#1966=PLANE('',#2254);
#1967=PLANE('',#2255);
#1968=PLANE('',#2256);
#1969=PLANE('',#2257);
#1970=PLANE('',#2258);
#1971=PLANE('',#2259);
#1972=PLANE('',#2260);
#1973=PLANE('',#2261);
#1974=PLANE('',#2262);
#1975=PLANE('',#2263);
#1976=PLANE('',#2264);
#1977=PLANE('',#2265);
#1978=PLANE('',#2266);
#1979=PLANE('',#2273);
#1980=PLANE('',#2274);
#1981=PLANE('',#2281);
#1982=PLANE('',#2282);
#1983=PLANE('',#2289);
#1984=PLANE('',#2290);
#1985=PLANE('',#2297);
#1986=PLANE('',#2298);
#1987=ADVANCED_FACE('',(#150,#113),#1896,.T.);
#1988=ADVANCED_FACE('',(#151),#1897,.T.);
#1989=ADVANCED_FACE('',(#152),#1898,.T.);
#1990=ADVANCED_FACE('',(#153),#1899,.T.);
#1991=ADVANCED_FACE('',(#154),#1900,.T.);
#1992=ADVANCED_FACE('',(#155,#114),#1901,.F.);
#1993=ADVANCED_FACE('',(#156),#1902,.T.);
#1994=ADVANCED_FACE('',(#157),#1903,.T.);
#1995=ADVANCED_FACE('',(#158),#1904,.T.);
#1996=ADVANCED_FACE('',(#159),#1905,.T.);
#1997=ADVANCED_FACE('',(#160),#1906,.T.);
#1998=ADVANCED_FACE('',(#161),#1907,.T.);
#1999=ADVANCED_FACE('',(#162),#1908,.T.);
#2000=ADVANCED_FACE('',(#163),#1909,.T.);
#2001=ADVANCED_FACE('',(#164,#115),#1910,.T.);
#2002=ADVANCED_FACE('',(#165),#67,.F.);
#2003=ADVANCED_FACE('',(#166),#68,.F.);
#2004=ADVANCED_FACE('',(#167),#1911,.T.);
#2005=ADVANCED_FACE('',(#168),#69,.T.);
#2006=ADVANCED_FACE('',(#169,#116),#1912,.T.);
#2007=ADVANCED_FACE('',(#170,#117),#1913,.F.);
#2008=ADVANCED_FACE('',(#171),#70,.F.);
#2009=ADVANCED_FACE('',(#172),#1914,.T.);
#2010=ADVANCED_FACE('',(#173),#71,.T.);
#2011=ADVANCED_FACE('',(#174),#1915,.T.);
#2012=ADVANCED_FACE('',(#175,#118),#1916,.T.);
#2013=ADVANCED_FACE('',(#176,#119),#1917,.F.);
#2014=ADVANCED_FACE('',(#177),#72,.F.);
#2015=ADVANCED_FACE('',(#178),#1918,.T.);
#2016=ADVANCED_FACE('',(#179),#73,.T.);
#2017=ADVANCED_FACE('',(#180),#1919,.T.);
#2018=ADVANCED_FACE('',(#181,#120),#1920,.T.);
#2019=ADVANCED_FACE('',(#182,#121),#1921,.F.);
#2020=ADVANCED_FACE('',(#183),#74,.F.);
#2021=ADVANCED_FACE('',(#184),#75,.T.);
#2022=ADVANCED_FACE('',(#185),#1922,.T.);
#2023=ADVANCED_FACE('',(#186,#122),#1923,.T.);
#2024=ADVANCED_FACE('',(#187,#123),#1924,.F.);
#2025=ADVANCED_FACE('',(#188),#1925,.F.);
#2026=ADVANCED_FACE('',(#189),#1926,.F.);
#2027=ADVANCED_FACE('',(#190),#1927,.F.);
#2028=ADVANCED_FACE('',(#191),#1928,.F.);
#2029=ADVANCED_FACE('',(#192,#124),#1929,.T.);
#2030=ADVANCED_FACE('',(#193,#125),#1930,.T.);
#2031=ADVANCED_FACE('',(#194),#1931,.T.);
#2032=ADVANCED_FACE('',(#195,#126),#1932,.T.);
#2033=ADVANCED_FACE('',(#196),#1933,.T.);
#2034=ADVANCED_FACE('',(#197),#1934,.F.);
#2035=ADVANCED_FACE('',(#198),#1935,.T.);
#2036=ADVANCED_FACE('',(#199),#1936,.F.);
#2037=ADVANCED_FACE('',(#200),#1937,.F.);
#2038=ADVANCED_FACE('',(#201),#1938,.F.);
#2039=ADVANCED_FACE('',(#202),#1939,.F.);
#2040=ADVANCED_FACE('',(#203,#127),#1940,.T.);
#2041=ADVANCED_FACE('',(#204,#128),#1941,.T.);
#2042=ADVANCED_FACE('',(#205,#129),#1942,.F.);
#2043=ADVANCED_FACE('',(#206),#76,.T.);
#2044=ADVANCED_FACE('',(#207),#1943,.T.);
#2045=ADVANCED_FACE('',(#208),#1944,.F.);
#2046=ADVANCED_FACE('',(#209),#77,.T.);
#2047=ADVANCED_FACE('',(#210),#1945,.T.);
#2048=ADVANCED_FACE('',(#211),#1946,.F.);
#2049=ADVANCED_FACE('',(#212),#78,.F.);
#2050=ADVANCED_FACE('',(#213),#1947,.T.);
#2051=ADVANCED_FACE('',(#214),#79,.T.);
#2052=ADVANCED_FACE('',(#215,#130),#1948,.T.);
#2053=ADVANCED_FACE('',(#216,#131),#1949,.F.);
#2054=ADVANCED_FACE('',(#217),#80,.F.);
#2055=ADVANCED_FACE('',(#218),#81,.T.);
#2056=ADVANCED_FACE('',(#219),#1950,.T.);
#2057=ADVANCED_FACE('',(#220,#132),#1951,.T.);
#2058=ADVANCED_FACE('',(#221,#133),#1952,.F.);
#2059=ADVANCED_FACE('',(#222),#82,.F.);
#2060=ADVANCED_FACE('',(#223),#83,.T.);
#2061=ADVANCED_FACE('',(#224),#1953,.T.);
#2062=ADVANCED_FACE('',(#225,#134),#1954,.T.);
#2063=ADVANCED_FACE('',(#226,#135),#1955,.F.);
#2064=ADVANCED_FACE('',(#227),#84,.F.);
#2065=ADVANCED_FACE('',(#228),#1956,.T.);
#2066=ADVANCED_FACE('',(#229),#85,.T.);
#2067=ADVANCED_FACE('',(#230,#136),#1957,.T.);
#2068=ADVANCED_FACE('',(#231,#137),#1958,.F.);
#2069=ADVANCED_FACE('',(#232),#1959,.F.);
#2070=ADVANCED_FACE('',(#233),#1960,.F.);
#2071=ADVANCED_FACE('',(#234),#1961,.F.);
#2072=ADVANCED_FACE('',(#235),#1962,.F.);
#2073=ADVANCED_FACE('',(#236),#1963,.F.);
#2074=ADVANCED_FACE('',(#237),#1964,.F.);
#2075=ADVANCED_FACE('',(#238),#1965,.F.);
#2076=ADVANCED_FACE('',(#239),#1966,.F.);
#2077=ADVANCED_FACE('',(#240,#138),#1967,.T.);
#2078=ADVANCED_FACE('',(#241,#139),#1968,.T.);
#2079=ADVANCED_FACE('',(#242,#140),#1969,.F.);
#2080=ADVANCED_FACE('',(#243),#1970,.T.);
#2081=ADVANCED_FACE('',(#244),#1971,.T.);
#2082=ADVANCED_FACE('',(#245),#1972,.T.);
#2083=ADVANCED_FACE('',(#246),#1973,.T.);
#2084=ADVANCED_FACE('',(#247),#1974,.T.);
#2085=ADVANCED_FACE('',(#248),#1975,.T.);
#2086=ADVANCED_FACE('',(#249),#1976,.T.);
#2087=ADVANCED_FACE('',(#250),#1977,.T.);
#2088=ADVANCED_FACE('',(#251,#141),#1978,.F.);
#2089=ADVANCED_FACE('',(#252),#86,.F.);
#2090=ADVANCED_FACE('',(#253),#87,.T.);
#2091=ADVANCED_FACE('',(#254,#142),#1979,.T.);
#2092=ADVANCED_FACE('',(#255,#143),#1980,.F.);
#2093=ADVANCED_FACE('',(#256),#88,.F.);
#2094=ADVANCED_FACE('',(#257),#89,.T.);
#2095=ADVANCED_FACE('',(#258,#144),#1981,.T.);
#2096=ADVANCED_FACE('',(#259,#145),#1982,.F.);
#2097=ADVANCED_FACE('',(#260),#90,.F.);
#2098=ADVANCED_FACE('',(#261),#91,.T.);
#2099=ADVANCED_FACE('',(#262,#146),#1983,.T.);
#2100=ADVANCED_FACE('',(#263,#147),#1984,.F.);
#2101=ADVANCED_FACE('',(#264),#92,.F.);
#2102=ADVANCED_FACE('',(#265),#93,.T.);
#2103=ADVANCED_FACE('',(#266,#148),#1985,.T.);
#2104=ADVANCED_FACE('',(#267,#149),#1986,.F.);
#2105=CLOSED_SHELL('',(#1987,#1988,#1989,#1990,#1991,#1992,#1993,#1994,
#1995,#1996,#1997,#1998,#1999,#2000,#2001));
#2106=CLOSED_SHELL('',(#2002,#2003,#2004,#2005,#2006,#2007,#2008,#2009,
#2010,#2011,#2012,#2013,#2014,#2015,#2016,#2017,#2018,#2019,#2020,#2021,
#2022,#2023,#2024,#2025,#2026,#2027,#2028,#2029,#2030,#2031,#2032,#2033,
#2034,#2035,#2036,#2037,#2038,#2039,#2040,#2041,#2042));
#2107=CLOSED_SHELL('',(#2043,#2044,#2045));
#2108=CLOSED_SHELL('',(#2046,#2047,#2048));
#2109=CLOSED_SHELL('',(#2049,#2050,#2051,#2052,#2053,#2054,#2055,#2056,
#2057,#2058,#2059,#2060,#2061,#2062,#2063,#2064,#2065,#2066,#2067,#2068,
#2069,#2070,#2071,#2072,#2073,#2074,#2075,#2076,#2077,#2078,#2079,#2080,
#2081,#2082,#2083,#2084,#2085,#2086,#2087,#2088));
#2110=CLOSED_SHELL('',(#2089,#2090,#2091,#2092));
#2111=CLOSED_SHELL('',(#2093,#2094,#2095,#2096));
#2112=CLOSED_SHELL('',(#2097,#2098,#2099,#2100));
#2113=CLOSED_SHELL('',(#2101,#2102,#2103,#2104));
#2114=DERIVED_UNIT_ELEMENT(#2116,1.);
#2115=DERIVED_UNIT_ELEMENT(#3459,-3.);
#2116=(
MASS_UNIT()
NAMED_UNIT(*)
SI_UNIT(.KILO.,.GRAM.)
);
#2117=DERIVED_UNIT((#2114,#2115));
#2118=MEASURE_REPRESENTATION_ITEM('density measure',
POSITIVE_RATIO_MEASURE(7850.),#2117);
#2119=PROPERTY_DEFINITION_REPRESENTATION(#2124,#2121);
#2120=PROPERTY_DEFINITION_REPRESENTATION(#2125,#2122);
#2121=REPRESENTATION('material name',(#2123),#3456);
#2122=REPRESENTATION('density',(#2118),#3456);
#2123=DESCRIPTIVE_REPRESENTATION_ITEM('Acero','Acero');
#2124=PROPERTY_DEFINITION('material property','material name',#3466);
#2125=PROPERTY_DEFINITION('material property','density of part',#3466);
#2126=AXIS2_PLACEMENT_3D('',#2870,#2299,#2300);
#2127=AXIS2_PLACEMENT_3D('',#2871,#2301,#2302);
#2128=AXIS2_PLACEMENT_3D('',#2888,#2311,#2312);
#2129=AXIS2_PLACEMENT_3D('',#2894,#2316,#2317);
#2130=AXIS2_PLACEMENT_3D('',#2898,#2320,#2321);
#2131=AXIS2_PLACEMENT_3D('',#2902,#2324,#2325);
#2132=AXIS2_PLACEMENT_3D('',#2904,#2327,#2328);
#2133=AXIS2_PLACEMENT_3D('',#2913,#2333,#2334);
#2134=AXIS2_PLACEMENT_3D('',#2919,#2338,#2339);
#2135=AXIS2_PLACEMENT_3D('',#2923,#2342,#2343);
#2136=AXIS2_PLACEMENT_3D('',#2927,#2346,#2347);
#2137=AXIS2_PLACEMENT_3D('',#2929,#2349,#2350);
#2138=AXIS2_PLACEMENT_3D('',#2935,#2354,#2355);
#2139=AXIS2_PLACEMENT_3D('',#2939,#2358,#2359);
#2140=AXIS2_PLACEMENT_3D('',#2943,#2362,#2363);
#2141=AXIS2_PLACEMENT_3D('',#2945,#2365,#2366);
#2142=AXIS2_PLACEMENT_3D('',#2946,#2367,#2368);
#2143=AXIS2_PLACEMENT_3D('',#2948,#2369,#2370);
#2144=AXIS2_PLACEMENT_3D('',#2951,#2372,#2373);
#2145=AXIS2_PLACEMENT_3D('',#2952,#2374,#2375);
#2146=AXIS2_PLACEMENT_3D('',#2954,#2376,#2377);
#2147=AXIS2_PLACEMENT_3D('',#2957,#2379,#2380);
#2148=AXIS2_PLACEMENT_3D('',#2958,#2381,#2382);
#2149=AXIS2_PLACEMENT_3D('',#2967,#2387,#2388);
#2150=AXIS2_PLACEMENT_3D('',#2969,#2389,#2390);
#2151=AXIS2_PLACEMENT_3D('',#2971,#2391,#2392);
#2152=AXIS2_PLACEMENT_3D('',#2973,#2394,#2395);
#2153=AXIS2_PLACEMENT_3D('',#2977,#2398,#2399);
#2154=AXIS2_PLACEMENT_3D('',#2981,#2402,#2403);
#2155=AXIS2_PLACEMENT_3D('',#2983,#2404,#2405);
#2156=AXIS2_PLACEMENT_3D('',#2986,#2407,#2408);
#2157=AXIS2_PLACEMENT_3D('',#2987,#2409,#2410);
#2158=AXIS2_PLACEMENT_3D('',#2996,#2415,#2416);
#2159=AXIS2_PLACEMENT_3D('',#2998,#2417,#2418);
#2160=AXIS2_PLACEMENT_3D('',#3000,#2419,#2420);
#2161=AXIS2_PLACEMENT_3D('',#3002,#2422,#2423);
#2162=AXIS2_PLACEMENT_3D('',#3008,#2427,#2428);
#2163=AXIS2_PLACEMENT_3D('',#3010,#2430,#2431);
#2164=AXIS2_PLACEMENT_3D('',#3012,#2433,#2434);
#2165=AXIS2_PLACEMENT_3D('',#3014,#2435,#2436);
#2166=AXIS2_PLACEMENT_3D('',#3017,#2438,#2439);
#2167=AXIS2_PLACEMENT_3D('',#3018,#2440,#2441);
#2168=AXIS2_PLACEMENT_3D('',#3027,#2446,#2447);
#2169=AXIS2_PLACEMENT_3D('',#3029,#2448,#2449);
#2170=AXIS2_PLACEMENT_3D('',#3031,#2450,#2451);
#2171=AXIS2_PLACEMENT_3D('',#3033,#2453,#2454);
#2172=AXIS2_PLACEMENT_3D('',#3039,#2458,#2459);
#2173=AXIS2_PLACEMENT_3D('',#3041,#2461,#2462);
#2174=AXIS2_PLACEMENT_3D('',#3043,#2464,#2465);
#2175=AXIS2_PLACEMENT_3D('',#3045,#2466,#2467);
#2176=AXIS2_PLACEMENT_3D('',#3048,#2469,#2470);
#2177=AXIS2_PLACEMENT_3D('',#3049,#2471,#2472);
#2178=AXIS2_PLACEMENT_3D('',#3052,#2473,#2474);
#2179=AXIS2_PLACEMENT_3D('',#3056,#2476,#2477);
#2180=AXIS2_PLACEMENT_3D('',#3058,#2479,#2480);
#2181=AXIS2_PLACEMENT_3D('',#3064,#2484,#2485);
#2182=AXIS2_PLACEMENT_3D('',#3068,#2488,#2489);
#2183=AXIS2_PLACEMENT_3D('',#3072,#2492,#2493);
#2184=AXIS2_PLACEMENT_3D('',#3081,#2498,#2499);
#2185=AXIS2_PLACEMENT_3D('',#3087,#2503,#2504);
#2186=AXIS2_PLACEMENT_3D('',#3093,#2508,#2509);
#2187=AXIS2_PLACEMENT_3D('',#3096,#2512,#2513);
#2188=AXIS2_PLACEMENT_3D('',#3105,#2518,#2519);
#2189=AXIS2_PLACEMENT_3D('',#3112,#2524,#2525);
#2190=AXIS2_PLACEMENT_3D('',#3117,#2529,#2530);
#2191=AXIS2_PLACEMENT_3D('',#3126,#2535,#2536);
#2192=AXIS2_PLACEMENT_3D('',#3132,#2540,#2541);
#2193=AXIS2_PLACEMENT_3D('',#3138,#2545,#2546);
#2194=AXIS2_PLACEMENT_3D('',#3142,#2549,#2550);
#2195=AXIS2_PLACEMENT_3D('',#3148,#2554,#2555);
#2196=AXIS2_PLACEMENT_3D('',#3152,#2558,#2559);
#2197=AXIS2_PLACEMENT_3D('',#3156,#2562,#2563);
#2198=AXIS2_PLACEMENT_3D('',#3158,#2565,#2566);
#2199=AXIS2_PLACEMENT_3D('',#3159,#2567,#2568);
#2200=AXIS2_PLACEMENT_3D('',#3161,#2570,#2571);
#2201=AXIS2_PLACEMENT_3D('',#3162,#2572,#2573);
#2202=AXIS2_PLACEMENT_3D('',#3164,#2574,#2575);
#2203=AXIS2_PLACEMENT_3D('',#3167,#2577,#2578);
#2204=AXIS2_PLACEMENT_3D('',#3168,#2579,#2580);
#2205=AXIS2_PLACEMENT_3D('',#3169,#2581,#2582);
#2206=AXIS2_PLACEMENT_3D('',#3170,#2583,#2584);
#2207=AXIS2_PLACEMENT_3D('',#3172,#2585,#2586);
#2208=AXIS2_PLACEMENT_3D('',#3175,#2588,#2589);
#2209=AXIS2_PLACEMENT_3D('',#3176,#2590,#2591);
#2210=AXIS2_PLACEMENT_3D('',#3177,#2592,#2593);
#2211=AXIS2_PLACEMENT_3D('',#3178,#2594,#2595);
#2212=AXIS2_PLACEMENT_3D('',#3180,#2596,#2597);
#2213=AXIS2_PLACEMENT_3D('',#3183,#2599,#2600);
#2214=AXIS2_PLACEMENT_3D('',#3184,#2601,#2602);
#2215=AXIS2_PLACEMENT_3D('',#3193,#2607,#2608);
#2216=AXIS2_PLACEMENT_3D('',#3195,#2609,#2610);
#2217=AXIS2_PLACEMENT_3D('',#3197,#2611,#2612);
#2218=AXIS2_PLACEMENT_3D('',#3199,#2614,#2615);
#2219=AXIS2_PLACEMENT_3D('',#3203,#2618,#2619);
#2220=AXIS2_PLACEMENT_3D('',#3207,#2622,#2623);
#2221=AXIS2_PLACEMENT_3D('',#3209,#2624,#2625);
#2222=AXIS2_PLACEMENT_3D('',#3212,#2627,#2628);
#2223=AXIS2_PLACEMENT_3D('',#3213,#2629,#2630);
#2224=AXIS2_PLACEMENT_3D('',#3216,#2631,#2632);
#2225=AXIS2_PLACEMENT_3D('',#3220,#2634,#2635);
#2226=AXIS2_PLACEMENT_3D('',#3222,#2637,#2638);
#2227=AXIS2_PLACEMENT_3D('',#3228,#2642,#2643);
#2228=AXIS2_PLACEMENT_3D('',#3232,#2646,#2647);
#2229=AXIS2_PLACEMENT_3D('',#3236,#2650,#2651);
#2230=AXIS2_PLACEMENT_3D('',#3238,#2652,#2653);
#2231=AXIS2_PLACEMENT_3D('',#3241,#2655,#2656);
#2232=AXIS2_PLACEMENT_3D('',#3242,#2657,#2658);
#2233=AXIS2_PLACEMENT_3D('',#3245,#2659,#2660);
#2234=AXIS2_PLACEMENT_3D('',#3249,#2662,#2663);
#2235=AXIS2_PLACEMENT_3D('',#3251,#2665,#2666);
#2236=AXIS2_PLACEMENT_3D('',#3257,#2670,#2671);
#2237=AXIS2_PLACEMENT_3D('',#3261,#2674,#2675);
#2238=AXIS2_PLACEMENT_3D('',#3265,#2678,#2679);
#2239=AXIS2_PLACEMENT_3D('',#3267,#2680,#2681);
#2240=AXIS2_PLACEMENT_3D('',#3270,#2683,#2684);
#2241=AXIS2_PLACEMENT_3D('',#3271,#2685,#2686);
#2242=AXIS2_PLACEMENT_3D('',#3280,#2691,#2692);
#2243=AXIS2_PLACEMENT_3D('',#3282,#2693,#2694);
#2244=AXIS2_PLACEMENT_3D('',#3284,#2695,#2696);
#2245=AXIS2_PLACEMENT_3D('',#3286,#2698,#2699);
#2246=AXIS2_PLACEMENT_3D('',#3290,#2702,#2703);
#2247=AXIS2_PLACEMENT_3D('',#3294,#2706,#2707);
#2248=AXIS2_PLACEMENT_3D('',#3303,#2712,#2713);
#2249=AXIS2_PLACEMENT_3D('',#3309,#2717,#2718);
#2250=AXIS2_PLACEMENT_3D('',#3315,#2722,#2723);
#2251=AXIS2_PLACEMENT_3D('',#3318,#2726,#2727);
#2252=AXIS2_PLACEMENT_3D('',#3327,#2732,#2733);
#2253=AXIS2_PLACEMENT_3D('',#3333,#2737,#2738);
#2254=AXIS2_PLACEMENT_3D('',#3339,#2742,#2743);
#2255=AXIS2_PLACEMENT_3D('',#3342,#2746,#2747);
#2256=AXIS2_PLACEMENT_3D('',#3343,#2748,#2749);
#2257=AXIS2_PLACEMENT_3D('',#3352,#2754,#2755);
#2258=AXIS2_PLACEMENT_3D('',#3361,#2760,#2761);
#2259=AXIS2_PLACEMENT_3D('',#3367,#2765,#2766);
#2260=AXIS2_PLACEMENT_3D('',#3371,#2769,#2770);
#2261=AXIS2_PLACEMENT_3D('',#3375,#2773,#2774);
#2262=AXIS2_PLACEMENT_3D('',#3377,#2776,#2777);
#2263=AXIS2_PLACEMENT_3D('',#3385,#2783,#2784);
#2264=AXIS2_PLACEMENT_3D('',#3390,#2788,#2789);
#2265=AXIS2_PLACEMENT_3D('',#3395,#2793,#2794);
#2266=AXIS2_PLACEMENT_3D('',#3397,#2796,#2797);
#2267=AXIS2_PLACEMENT_3D('',#3398,#2798,#2799);
#2268=AXIS2_PLACEMENT_3D('',#3400,#2800,#2801);
#2269=AXIS2_PLACEMENT_3D('',#3403,#2803,#2804);
#2270=AXIS2_PLACEMENT_3D('',#3404,#2805,#2806);
#2271=AXIS2_PLACEMENT_3D('',#3406,#2807,#2808);
#2272=AXIS2_PLACEMENT_3D('',#3409,#2810,#2811);
#2273=AXIS2_PLACEMENT_3D('',#3410,#2812,#2813);
#2274=AXIS2_PLACEMENT_3D('',#3411,#2814,#2815);
#2275=AXIS2_PLACEMENT_3D('',#3412,#2816,#2817);
#2276=AXIS2_PLACEMENT_3D('',#3414,#2818,#2819);
#2277=AXIS2_PLACEMENT_3D('',#3417,#2821,#2822);
#2278=AXIS2_PLACEMENT_3D('',#3418,#2823,#2824);
#2279=AXIS2_PLACEMENT_3D('',#3420,#2825,#2826);
#2280=AXIS2_PLACEMENT_3D('',#3423,#2828,#2829);
#2281=AXIS2_PLACEMENT_3D('',#3424,#2830,#2831);
#2282=AXIS2_PLACEMENT_3D('',#3425,#2832,#2833);
#2283=AXIS2_PLACEMENT_3D('',#3426,#2834,#2835);
#2284=AXIS2_PLACEMENT_3D('',#3428,#2836,#2837);
#2285=AXIS2_PLACEMENT_3D('',#3431,#2839,#2840);
#2286=AXIS2_PLACEMENT_3D('',#3432,#2841,#2842);
#2287=AXIS2_PLACEMENT_3D('',#3434,#2843,#2844);
#2288=AXIS2_PLACEMENT_3D('',#3437,#2846,#2847);
#2289=AXIS2_PLACEMENT_3D('',#3438,#2848,#2849);
#2290=AXIS2_PLACEMENT_3D('',#3439,#2850,#2851);
#2291=AXIS2_PLACEMENT_3D('',#3440,#2852,#2853);
#2292=AXIS2_PLACEMENT_3D('',#3442,#2854,#2855);
#2293=AXIS2_PLACEMENT_3D('',#3445,#2857,#2858);
#2294=AXIS2_PLACEMENT_3D('',#3446,#2859,#2860);
#2295=AXIS2_PLACEMENT_3D('',#3448,#2861,#2862);
#2296=AXIS2_PLACEMENT_3D('',#3451,#2864,#2865);
#2297=AXIS2_PLACEMENT_3D('',#3452,#2866,#2867);
#2298=AXIS2_PLACEMENT_3D('',#3453,#2868,#2869);
#2299=DIRECTION('axis',(0.,0.,1.));
#2300=DIRECTION('refdir',(1.,0.,0.));
#2301=DIRECTION('center_axis',(1.22464679914735E-16,0.,-1.));
#2302=DIRECTION('ref_axis',(-1.,0.,-1.22464679914735E-16));
#2303=DIRECTION('',(0.,-1.,0.));
#2304=DIRECTION('',(-1.,0.,-1.22464679914735E-16));
#2305=DIRECTION('',(0.,1.,0.));
#2306=DIRECTION('',(1.,0.,1.22464679914735E-16));
#2307=DIRECTION('',(1.,0.,1.22464679914735E-16));
#2308=DIRECTION('',(0.,1.,0.));
#2309=DIRECTION('',(-1.,0.,-1.22464679914735E-16));
#2310=DIRECTION('',(0.,-1.,0.));
#2311=DIRECTION('center_axis',(1.,0.,1.22464679914735E-16));
#2312=DIRECTION('ref_axis',(0.,-1.,0.));
#2313=DIRECTION('',(0.,-1.,0.));
#2314=DIRECTION('',(1.22464679914735E-16,0.,-1.));
#2315=DIRECTION('',(1.22464679914735E-16,0.,-1.));
#2316=DIRECTION('center_axis',(0.,-1.,0.));
#2317=DIRECTION('ref_axis',(-1.,0.,-1.22464679914735E-16));
#2318=DIRECTION('',(-1.,0.,-1.22464679914735E-16));
#2319=DIRECTION('',(1.22464679914735E-16,0.,-1.));
#2320=DIRECTION('center_axis',(-1.,0.,-1.22464679914735E-16));
#2321=DIRECTION('ref_axis',(0.,1.,0.));
#2322=DIRECTION('',(0.,1.,0.));
#2323=DIRECTION('',(1.22464679914735E-16,0.,-1.));
#2324=DIRECTION('center_axis',(0.,1.,0.));
#2325=DIRECTION('ref_axis',(1.,0.,1.22464679914735E-16));
#2326=DIRECTION('',(1.,0.,1.22464679914735E-16));
#2327=DIRECTION('center_axis',(1.22464679914735E-16,0.,-1.));
#2328=DIRECTION('ref_axis',(-1.,0.,-1.22464679914735E-16));
#2329=DIRECTION('',(0.,-1.,0.));
#2330=DIRECTION('',(1.,0.,1.22464679914735E-16));
#2331=DIRECTION('',(0.,1.,0.));
#2332=DIRECTION('',(-1.,0.,-1.22464679914735E-16));
#2333=DIRECTION('center_axis',(1.,0.,1.22464679914735E-16));
#2334=DIRECTION('ref_axis',(0.,-1.,0.));
#2335=DIRECTION('',(1.22464679914735E-16,0.,-1.));
#2336=DIRECTION('',(0.,-1.,0.));
#2337=DIRECTION('',(1.22464679914735E-16,0.,-1.));
#2338=DIRECTION('center_axis',(0.,-1.,0.));
#2339=DIRECTION('ref_axis',(-1.,0.,-1.22464679914735E-16));
#2340=DIRECTION('',(-1.,0.,-1.22464679914735E-16));
#2341=DIRECTION('',(1.22464679914735E-16,0.,-1.));
#2342=DIRECTION('center_axis',(-1.,0.,-1.22464679914735E-16));
#2343=DIRECTION('ref_axis',(0.,1.,0.));
#2344=DIRECTION('',(0.,1.,0.));
#2345=DIRECTION('',(1.22464679914735E-16,0.,-1.));
#2346=DIRECTION('center_axis',(0.,1.,0.));
#2347=DIRECTION('ref_axis',(1.,0.,1.22464679914735E-16));
#2348=DIRECTION('',(1.,0.,1.22464679914735E-16));
#2349=DIRECTION('center_axis',(0.,1.,0.));
#2350=DIRECTION('ref_axis',(1.,0.,1.22464679914735E-16));
#2351=DIRECTION('',(1.22464679914735E-16,0.,-1.));
#2352=DIRECTION('',(1.,0.,1.22464679914735E-16));
#2353=DIRECTION('',(1.22464679914735E-16,0.,-1.));
#2354=DIRECTION('center_axis',(-1.,0.,-1.22464679914735E-16));
#2355=DIRECTION('ref_axis',(0.,1.,0.));
#2356=DIRECTION('',(0.,1.,0.));
#2357=DIRECTION('',(1.22464679914735E-16,0.,-1.));
#2358=DIRECTION('center_axis',(0.,-1.,0.));
#2359=DIRECTION('ref_axis',(-1.,0.,-1.22464679914735E-16));
#2360=DIRECTION('',(-1.,0.,-1.22464679914735E-16));
#2361=DIRECTION('',(1.22464679914735E-16,0.,-1.));
#2362=DIRECTION('center_axis',(1.,0.,1.22464679914735E-16));
#2363=DIRECTION('ref_axis',(0.,-1.,0.));
#2364=DIRECTION('',(0.,-1.,0.));
#2365=DIRECTION('center_axis',(1.22464679914735E-16,0.,-1.));
#2366=DIRECTION('ref_axis',(-1.,0.,-1.22464679914735E-16));
#2367=DIRECTION('center_axis',(-1.11022302462515E-16,-2.17211733295852E-14,
1.));
#2368=DIRECTION('ref_axis',(1.,1.11022302462498E-16,1.11022302462517E-16));
#2369=DIRECTION('center_axis',(0.,0.,1.));
#2370=DIRECTION('ref_axis',(1.,1.11022302462498E-16,1.11022302462517E-16));
#2371=DIRECTION('',(-1.11022302462515E-16,-2.17211733295852E-14,1.));
#2372=DIRECTION('center_axis',(0.,0.,-1.));
#2373=DIRECTION('ref_axis',(1.,1.11022302462498E-16,1.11022302462517E-16));
#2374=DIRECTION('center_axis',(0.,0.,1.));
#2375=DIRECTION('ref_axis',(1.,-1.22464679914735E-16,0.));
#2376=DIRECTION('center_axis',(0.,0.,1.));
#2377=DIRECTION('ref_axis',(1.,-1.22464679914735E-16,0.));
#2378=DIRECTION('',(0.,0.,1.));
#2379=DIRECTION('center_axis',(0.,0.,-1.));
#2380=DIRECTION('ref_axis',(1.,-1.22464679914735E-16,0.));
#2381=DIRECTION('center_axis',(-1.,1.22464679914735E-16,0.));
#2382=DIRECTION('ref_axis',(-1.22464679914735E-16,-1.,0.));
#2383=DIRECTION('',(1.22464679914735E-16,1.,0.));
#2384=DIRECTION('',(0.,0.,-1.));
#2385=DIRECTION('',(-1.22464679914735E-16,-1.,0.));
#2386=DIRECTION('',(0.,0.,1.));
#2387=DIRECTION('center_axis',(0.,0.,1.));
#2388=DIRECTION('ref_axis',(1.,2.09798136933558E-15,0.));
#2389=DIRECTION('center_axis',(0.,0.,1.));
#2390=DIRECTION('ref_axis',(1.,2.09798136933558E-15,0.));
#2391=DIRECTION('center_axis',(0.,0.,1.));
#2392=DIRECTION('ref_axis',(1.,2.09798136933558E-15,0.));
#2393=DIRECTION('',(0.,0.,1.));
#2394=DIRECTION('center_axis',(0.,0.,1.));
#2395=DIRECTION('ref_axis',(-1.,1.22464679914735E-16,0.));
#2396=DIRECTION('',(1.22464679914735E-16,1.,0.));
#2397=DIRECTION('',(-1.,0.,0.));
#2398=DIRECTION('center_axis',(0.,0.,1.));
#2399=DIRECTION('ref_axis',(-1.,1.22464679914735E-16,0.));
#2400=DIRECTION('',(-1.22464679914735E-16,-1.,0.));
#2401=DIRECTION('',(1.,0.,0.));
#2402=DIRECTION('center_axis',(0.,0.,1.));
#2403=DIRECTION('ref_axis',(1.,-1.22464679914735E-16,0.));
#2404=DIRECTION('center_axis',(0.,0.,1.));
#2405=DIRECTION('ref_axis',(1.,-1.22464679914735E-16,0.));
#2406=DIRECTION('',(0.,0.,1.));
#2407=DIRECTION('center_axis',(0.,0.,-1.));
#2408=DIRECTION('ref_axis',(1.,-1.22464679914735E-16,0.));
#2409=DIRECTION('center_axis',(-1.,1.22464679914735E-16,0.));
#2410=DIRECTION('ref_axis',(-1.22464679914735E-16,-1.,0.));
#2411=DIRECTION('',(1.22464679914735E-16,1.,0.));
#2412=DIRECTION('',(0.,0.,-1.));
#2413=DIRECTION('',(-1.22464679914735E-16,-1.,0.));
#2414=DIRECTION('',(0.,0.,1.));
#2415=DIRECTION('center_axis',(0.,0.,1.));
#2416=DIRECTION('ref_axis',(1.,2.09798136933558E-15,0.));
#2417=DIRECTION('center_axis',(0.,0.,1.));
#2418=DIRECTION('ref_axis',(1.,2.09798136933558E-15,0.));
#2419=DIRECTION('center_axis',(0.,0.,1.));
#2420=DIRECTION('ref_axis',(1.,2.09798136933558E-15,0.));
#2421=DIRECTION('',(0.,0.,1.));
#2422=DIRECTION('center_axis',(1.,-1.22464679914735E-16,0.));
#2423=DIRECTION('ref_axis',(1.22464679914735E-16,1.,0.));
#2424=DIRECTION('',(-1.22464679914735E-16,-1.,0.));
#2425=DIRECTION('',(1.22464679914735E-16,1.,0.));
#2426=DIRECTION('',(0.,0.,1.));
#2427=DIRECTION('center_axis',(0.,0.,1.));
#2428=DIRECTION('ref_axis',(-1.,1.22464679914735E-16,0.));
#2429=DIRECTION('',(-1.,0.,0.));
#2430=DIRECTION('center_axis',(0.,0.,1.));
#2431=DIRECTION('ref_axis',(-1.,1.22464679914735E-16,0.));
#2432=DIRECTION('',(1.,0.,0.));
#2433=DIRECTION('center_axis',(0.,0.,1.));
#2434=DIRECTION('ref_axis',(-1.,0.,0.));
#2435=DIRECTION('center_axis',(0.,0.,1.));
#2436=DIRECTION('ref_axis',(-1.,0.,0.));
#2437=DIRECTION('',(0.,0.,1.));
#2438=DIRECTION('center_axis',(0.,0.,-1.));
#2439=DIRECTION('ref_axis',(-1.,0.,0.));
#2440=DIRECTION('center_axis',(1.,0.,0.));
#2441=DIRECTION('ref_axis',(0.,1.,0.));
#2442=DIRECTION('',(0.,-1.,0.));
#2443=DIRECTION('',(0.,0.,-1.));
#2444=DIRECTION('',(0.,1.,0.));
#2445=DIRECTION('',(0.,0.,1.));
#2446=DIRECTION('center_axis',(0.,0.,1.));
#2447=DIRECTION('ref_axis',(-1.,-2.22044604925032E-15,0.));
#2448=DIRECTION('center_axis',(0.,0.,1.));
#2449=DIRECTION('ref_axis',(-1.,-2.22044604925032E-15,0.));
#2450=DIRECTION('center_axis',(0.,0.,1.));
#2451=DIRECTION('ref_axis',(-1.,-2.22044604925032E-15,0.));
#2452=DIRECTION('',(0.,0.,1.));
#2453=DIRECTION('center_axis',(-1.,0.,0.));
#2454=DIRECTION('ref_axis',(0.,-1.,0.));
#2455=DIRECTION('',(0.,1.,0.));
#2456=DIRECTION('',(0.,-1.,0.));
#2457=DIRECTION('',(0.,0.,1.));
#2458=DIRECTION('center_axis',(0.,0.,1.));
#2459=DIRECTION('ref_axis',(1.,0.,0.));
#2460=DIRECTION('',(1.,0.,0.));
#2461=DIRECTION('center_axis',(0.,0.,1.));
#2462=DIRECTION('ref_axis',(1.,0.,0.));
#2463=DIRECTION('',(-1.,0.,0.));
#2464=DIRECTION('center_axis',(0.,0.,1.));
#2465=DIRECTION('ref_axis',(-1.,0.,0.));
#2466=DIRECTION('center_axis',(0.,0.,1.));
#2467=DIRECTION('ref_axis',(-1.,0.,0.));
#2468=DIRECTION('',(0.,0.,1.));
#2469=DIRECTION('center_axis',(0.,0.,-1.));
#2470=DIRECTION('ref_axis',(-1.,0.,0.));
#2471=DIRECTION('center_axis',(0.,0.,1.));
#2472=DIRECTION('ref_axis',(-1.,-2.22044604925032E-15,0.));
#2473=DIRECTION('center_axis',(0.,0.,1.));
#2474=DIRECTION('ref_axis',(-1.,-2.22044604925032E-15,0.));
#2475=DIRECTION('',(0.,0.,1.));
#2476=DIRECTION('center_axis',(0.,0.,1.));
#2477=DIRECTION('ref_axis',(-1.,-2.22044604925032E-15,0.));
#2478=DIRECTION('',(0.,0.,1.));
#2479=DIRECTION('center_axis',(-1.,0.,0.));
#2480=DIRECTION('ref_axis',(0.,-1.,0.));
#2481=DIRECTION('',(0.,1.,0.));
#2482=DIRECTION('',(0.,-1.,0.));
#2483=DIRECTION('',(0.,0.,1.));
#2484=DIRECTION('center_axis',(0.,0.,1.));
#2485=DIRECTION('ref_axis',(1.,0.,0.));
#2486=DIRECTION('',(0.,1.,0.));
#2487=DIRECTION('',(1.,0.,0.));
#2488=DIRECTION('center_axis',(0.,0.,1.));
#2489=DIRECTION('ref_axis',(1.,0.,0.));
#2490=DIRECTION('',(-1.,0.,0.));
#2491=DIRECTION('',(0.,-1.,0.));
#2492=DIRECTION('center_axis',(-1.,0.,0.));
#2493=DIRECTION('ref_axis',(0.,-1.,0.));
#2494=DIRECTION('',(0.,-1.,0.));
#2495=DIRECTION('',(0.,0.,1.));
#2496=DIRECTION('',(0.,1.,0.));
#2497=DIRECTION('',(0.,0.,1.));
#2498=DIRECTION('center_axis',(0.,-1.,0.));
#2499=DIRECTION('ref_axis',(1.,0.,0.));
#2500=DIRECTION('',(1.,0.,0.));
#2501=DIRECTION('',(0.,0.,1.));
#2502=DIRECTION('',(-1.,0.,0.));
#2503=DIRECTION('center_axis',(1.,0.,0.));
#2504=DIRECTION('ref_axis',(0.,1.,0.));
#2505=DIRECTION('',(0.,1.,0.));
#2506=DIRECTION('',(0.,0.,1.));
#2507=DIRECTION('',(0.,-1.,0.));
#2508=DIRECTION('center_axis',(0.,1.,0.));
#2509=DIRECTION('ref_axis',(-1.,0.,0.));
#2510=DIRECTION('',(-1.,0.,0.));
#2511=DIRECTION('',(1.,0.,0.));
#2512=DIRECTION('center_axis',(0.,0.,1.));
#2513=DIRECTION('ref_axis',(-1.,0.,0.));
#2514=DIRECTION('',(-1.,0.,0.));
#2515=DIRECTION('',(0.,-1.,0.));
#2516=DIRECTION('',(-1.,0.,0.));
#2517=DIRECTION('',(0.,-1.,0.));
#2518=DIRECTION('center_axis',(0.,1.,0.));
#2519=DIRECTION('ref_axis',(-1.,0.,0.));
#2520=DIRECTION('',(0.,0.,1.));
#2521=DIRECTION('',(0.,0.,1.));
#2522=DIRECTION('',(1.,0.,0.));
#2523=DIRECTION('',(0.,0.,1.));
#2524=DIRECTION('center_axis',(1.,0.,0.));
#2525=DIRECTION('ref_axis',(0.,1.,0.));
#2526=DIRECTION('',(0.,0.,1.));
#2527=DIRECTION('',(0.,0.,1.));
#2528=DIRECTION('',(0.,-1.,0.));
#2529=DIRECTION('center_axis',(0.,0.,1.));
#2530=DIRECTION('ref_axis',(1.,0.,0.));
#2531=DIRECTION('',(0.,-1.,0.));
#2532=DIRECTION('',(1.,0.,0.));
#2533=DIRECTION('',(0.,-1.,0.));
#2534=DIRECTION('',(-1.,0.,0.));
#2535=DIRECTION('center_axis',(1.,0.,0.));
#2536=DIRECTION('ref_axis',(0.,1.,0.));
#2537=DIRECTION('',(0.,0.,1.));
#2538=DIRECTION('',(0.,-1.,0.));
#2539=DIRECTION('',(0.,0.,-1.));
#2540=DIRECTION('center_axis',(0.,0.,1.));
#2541=DIRECTION('ref_axis',(-1.,0.,0.));
#2542=DIRECTION('',(1.,0.,0.));
#2543=DIRECTION('',(0.,-1.,0.));
#2544=DIRECTION('',(-1.,0.,0.));
#2545=DIRECTION('center_axis',(-1.,0.,0.));
#2546=DIRECTION('ref_axis',(0.,-1.,0.));
#2547=DIRECTION('',(0.,1.,0.));
#2548=DIRECTION('',(0.,0.,1.));
#2549=DIRECTION('center_axis',(0.,1.,0.));
#2550=DIRECTION('ref_axis',(-1.,0.,0.));
#2551=DIRECTION('',(0.,0.,-1.));
#2552=DIRECTION('',(1.,0.,0.));
#2553=DIRECTION('',(0.,0.,-1.));
#2554=DIRECTION('center_axis',(-1.,0.,0.));
#2555=DIRECTION('ref_axis',(0.,-1.,0.));
#2556=DIRECTION('',(0.,0.,1.));
#2557=DIRECTION('',(0.,1.,0.));
#2558=DIRECTION('center_axis',(1.,0.,0.));
#2559=DIRECTION('ref_axis',(0.,1.,0.));
#2560=DIRECTION('',(0.,-1.,0.));
#2561=DIRECTION('',(0.,0.,-1.));
#2562=DIRECTION('center_axis',(0.,-1.,0.));
#2563=DIRECTION('ref_axis',(1.,0.,0.));
#2564=DIRECTION('',(-1.,0.,0.));
#2565=DIRECTION('center_axis',(0.,0.,1.));
#2566=DIRECTION('ref_axis',(1.,0.,0.));
#2567=DIRECTION('center_axis',(0.,-1.,0.));
#2568=DIRECTION('ref_axis',(1.,0.,0.));
#2569=DIRECTION('',(-1.,0.,0.));
#2570=DIRECTION('center_axis',(0.,0.,1.));
#2571=DIRECTION('ref_axis',(1.,0.,0.));
#2572=DIRECTION('center_axis',(0.,0.,1.));
#2573=DIRECTION('ref_axis',(1.,0.,0.));
#2574=DIRECTION('center_axis',(0.,0.,1.));
#2575=DIRECTION('ref_axis',(1.,0.,0.));
#2576=DIRECTION('',(0.,0.,-1.));
#2577=DIRECTION('center_axis',(0.,0.,1.));
#2578=DIRECTION('ref_axis',(1.,0.,0.));
#2579=DIRECTION('center_axis',(0.,0.,1.));
#2580=DIRECTION('ref_axis',(1.,0.,0.));
#2581=DIRECTION('center_axis',(0.,0.,1.));
#2582=DIRECTION('ref_axis',(1.,0.,0.));
#2583=DIRECTION('center_axis',(0.,0.,1.));
#2584=DIRECTION('ref_axis',(1.,0.,0.));
#2585=DIRECTION('center_axis',(0.,0.,1.));
#2586=DIRECTION('ref_axis',(1.,0.,0.));
#2587=DIRECTION('',(0.,0.,-1.));
#2588=DIRECTION('center_axis',(0.,0.,1.));
#2589=DIRECTION('ref_axis',(1.,0.,0.));
#2590=DIRECTION('center_axis',(0.,0.,1.));
#2591=DIRECTION('ref_axis',(1.,0.,0.));
#2592=DIRECTION('center_axis',(0.,0.,1.));
#2593=DIRECTION('ref_axis',(1.,0.,0.));
#2594=DIRECTION('center_axis',(0.,0.,1.));
#2595=DIRECTION('ref_axis',(1.,-1.22464679914735E-16,0.));
#2596=DIRECTION('center_axis',(0.,0.,1.));
#2597=DIRECTION('ref_axis',(1.,-1.22464679914735E-16,0.));
#2598=DIRECTION('',(0.,0.,1.));
#2599=DIRECTION('center_axis',(0.,0.,-1.));
#2600=DIRECTION('ref_axis',(1.,-1.22464679914735E-16,0.));
#2601=DIRECTION('center_axis',(-1.,1.22464679914735E-16,0.));
#2602=DIRECTION('ref_axis',(-1.22464679914735E-16,-1.,0.));
#2603=DIRECTION('',(1.22464679914735E-16,1.,0.));
#2604=DIRECTION('',(0.,0.,-1.));
#2605=DIRECTION('',(-1.22464679914735E-16,-1.,0.));
#2606=DIRECTION('',(0.,0.,1.));
#2607=DIRECTION('center_axis',(0.,0.,1.));
#2608=DIRECTION('ref_axis',(1.,2.09798136933558E-15,0.));
#2609=DIRECTION('center_axis',(0.,0.,1.));
#2610=DIRECTION('ref_axis',(1.,2.09798136933558E-15,0.));
#2611=DIRECTION('center_axis',(0.,0.,1.));
#2612=DIRECTION('ref_axis',(1.,2.09798136933558E-15,0.));
#2613=DIRECTION('',(0.,0.,1.));
#2614=DIRECTION('center_axis',(0.,0.,1.));
#2615=DIRECTION('ref_axis',(-1.,1.22464679914735E-16,0.));
#2616=DIRECTION('',(1.22464679914735E-16,1.,0.));
#2617=DIRECTION('',(-1.,0.,0.));
#2618=DIRECTION('center_axis',(0.,0.,1.));
#2619=DIRECTION('ref_axis',(-1.,1.22464679914735E-16,0.));
#2620=DIRECTION('',(-1.22464679914735E-16,-1.,0.));
#2621=DIRECTION('',(1.,0.,0.));
#2622=DIRECTION('center_axis',(0.,0.,1.));
#2623=DIRECTION('ref_axis',(-1.,0.,0.));
#2624=DIRECTION('center_axis',(0.,0.,1.));
#2625=DIRECTION('ref_axis',(-1.,0.,0.));
#2626=DIRECTION('',(0.,0.,1.));
#2627=DIRECTION('center_axis',(0.,0.,-1.));
#2628=DIRECTION('ref_axis',(-1.,0.,0.));
#2629=DIRECTION('center_axis',(0.,0.,1.));
#2630=DIRECTION('ref_axis',(-1.,-2.22044604925032E-15,0.));
#2631=DIRECTION('center_axis',(0.,0.,1.));
#2632=DIRECTION('ref_axis',(-1.,-2.22044604925032E-15,0.));
#2633=DIRECTION('',(0.,0.,1.));
#2634=DIRECTION('center_axis',(0.,0.,1.));
#2635=DIRECTION('ref_axis',(-1.,-2.22044604925032E-15,0.));
#2636=DIRECTION('',(0.,0.,1.));
#2637=DIRECTION('center_axis',(-1.,0.,0.));
#2638=DIRECTION('ref_axis',(0.,-1.,0.));
#2639=DIRECTION('',(0.,1.,0.));
#2640=DIRECTION('',(0.,-1.,0.));
#2641=DIRECTION('',(0.,0.,1.));
#2642=DIRECTION('center_axis',(0.,0.,1.));
#2643=DIRECTION('ref_axis',(1.,0.,0.));
#2644=DIRECTION('',(0.,1.,0.));
#2645=DIRECTION('',(1.,0.,0.));
#2646=DIRECTION('center_axis',(0.,0.,1.));
#2647=DIRECTION('ref_axis',(1.,0.,0.));
#2648=DIRECTION('',(-1.,0.,0.));
#2649=DIRECTION('',(0.,-1.,0.));
#2650=DIRECTION('center_axis',(0.,0.,1.));
#2651=DIRECTION('ref_axis',(1.,-1.22464679914735E-16,0.));
#2652=DIRECTION('center_axis',(0.,0.,1.));
#2653=DIRECTION('ref_axis',(1.,-1.22464679914735E-16,0.));
#2654=DIRECTION('',(0.,0.,1.));
#2655=DIRECTION('center_axis',(0.,0.,-1.));
#2656=DIRECTION('ref_axis',(1.,-1.22464679914735E-16,0.));
#2657=DIRECTION('center_axis',(0.,0.,1.));
#2658=DIRECTION('ref_axis',(1.,2.09798136933558E-15,0.));
#2659=DIRECTION('center_axis',(0.,0.,1.));
#2660=DIRECTION('ref_axis',(1.,2.09798136933558E-15,0.));
#2661=DIRECTION('',(0.,0.,1.));
#2662=DIRECTION('center_axis',(0.,0.,1.));
#2663=DIRECTION('ref_axis',(1.,2.09798136933558E-15,0.));
#2664=DIRECTION('',(0.,0.,1.));
#2665=DIRECTION('center_axis',(1.,-1.22464679914735E-16,0.));
#2666=DIRECTION('ref_axis',(1.22464679914735E-16,1.,0.));
#2667=DIRECTION('',(-1.22464679914735E-16,-1.,0.));
#2668=DIRECTION('',(1.22464679914735E-16,1.,0.));
#2669=DIRECTION('',(0.,0.,1.));
#2670=DIRECTION('center_axis',(0.,0.,1.));
#2671=DIRECTION('ref_axis',(-1.,1.22464679914735E-16,0.));
#2672=DIRECTION('',(-1.22464679914735E-16,-1.,0.));
#2673=DIRECTION('',(-1.,0.,0.));
#2674=DIRECTION('center_axis',(0.,0.,1.));
#2675=DIRECTION('ref_axis',(-1.,1.22464679914735E-16,0.));
#2676=DIRECTION('',(1.,0.,0.));
#2677=DIRECTION('',(1.22464679914735E-16,1.,0.));
#2678=DIRECTION('center_axis',(0.,0.,1.));
#2679=DIRECTION('ref_axis',(-1.,0.,0.));
#2680=DIRECTION('center_axis',(0.,0.,1.));
#2681=DIRECTION('ref_axis',(-1.,0.,0.));
#2682=DIRECTION('',(0.,0.,1.));
#2683=DIRECTION('center_axis',(0.,0.,-1.));
#2684=DIRECTION('ref_axis',(-1.,0.,0.));
#2685=DIRECTION('center_axis',(1.,0.,0.));
#2686=DIRECTION('ref_axis',(0.,1.,0.));
#2687=DIRECTION('',(0.,-1.,0.));
#2688=DIRECTION('',(0.,0.,-1.));
#2689=DIRECTION('',(0.,1.,0.));
#2690=DIRECTION('',(0.,0.,1.));
#2691=DIRECTION('center_axis',(0.,0.,1.));
#2692=DIRECTION('ref_axis',(-1.,-2.22044604925032E-15,0.));
#2693=DIRECTION('center_axis',(0.,0.,1.));
#2694=DIRECTION('ref_axis',(-1.,-2.22044604925032E-15,0.));
#2695=DIRECTION('center_axis',(0.,0.,1.));
#2696=DIRECTION('ref_axis',(-1.,-2.22044604925032E-15,0.));
#2697=DIRECTION('',(0.,0.,1.));
#2698=DIRECTION('center_axis',(0.,0.,1.));
#2699=DIRECTION('ref_axis',(1.,0.,0.));
#2700=DIRECTION('',(0.,-1.,0.));
#2701=DIRECTION('',(1.,0.,0.));
#2702=DIRECTION('center_axis',(0.,0.,1.));
#2703=DIRECTION('ref_axis',(1.,0.,0.));
#2704=DIRECTION('',(0.,1.,0.));
#2705=DIRECTION('',(-1.,0.,0.));
#2706=DIRECTION('center_axis',(1.,3.82447808790703E-42,0.));
#2707=DIRECTION('ref_axis',(-3.82447808790703E-42,1.,0.));
#2708=DIRECTION('',(3.82447808790703E-42,-1.,-4.56695613226451E-14));
#2709=DIRECTION('',(0.,0.,1.));
#2710=DIRECTION('',(-3.82447808790703E-42,1.,0.));
#2711=DIRECTION('',(0.,0.,1.));
#2712=DIRECTION('center_axis',(3.82447808790703E-42,-1.,0.));
#2713=DIRECTION('ref_axis',(1.,3.82447808790703E-42,0.));
#2714=DIRECTION('',(-1.,-3.82447808790703E-42,-8.37423872081442E-29));
#2715=DIRECTION('',(1.,3.82447808790703E-42,0.));
#2716=DIRECTION('',(0.,0.,1.));
#2717=DIRECTION('center_axis',(-1.,-3.82447808790703E-42,0.));
#2718=DIRECTION('ref_axis',(3.82447808790703E-42,-1.,0.));
#2719=DIRECTION('',(-3.82447808790703E-42,1.,4.56695613226451E-14));
#2720=DIRECTION('',(3.82447808790703E-42,-1.,0.));
#2721=DIRECTION('',(0.,0.,1.));
#2722=DIRECTION('center_axis',(-3.82447808790703E-42,1.,0.));
#2723=DIRECTION('ref_axis',(-1.,-3.82447808790703E-42,0.));
#2724=DIRECTION('',(1.,3.82447808790703E-42,8.37423872081442E-29));
#2725=DIRECTION('',(-1.,-3.82447808790703E-42,0.));
#2726=DIRECTION('center_axis',(-9.1682933647246E-16,-1.,-4.2632564145606E-14));
#2727=DIRECTION('ref_axis',(1.,-9.1682933646464E-16,-1.83437494584839E-13));
#2728=DIRECTION('',(-1.,9.1682933647246E-16,-4.18711936037152E-29));
#2729=DIRECTION('',(-1.63047307406161E-55,4.2632564145606E-14,-1.));
#2730=DIRECTION('',(1.,-9.1682933647246E-16,-3.90867854977356E-29));
#2731=DIRECTION('',(1.63047307406161E-55,-4.2632564145606E-14,1.));
#2732=DIRECTION('center_axis',(-1.,-6.87622002348483E-16,-2.93150891230518E-29));
#2733=DIRECTION('ref_axis',(6.87622002348483E-16,-1.,-4.56695613226451E-14));
#2734=DIRECTION('',(-6.87622002348483E-16,1.,4.56695613226451E-14));
#2735=DIRECTION('',(-1.63047307406161E-55,4.2632564145606E-14,-1.));
#2736=DIRECTION('',(6.87622002348483E-16,-1.,-4.2632564145606E-14));
#2737=DIRECTION('center_axis',(1.83365867292929E-15,1.,4.2632564145606E-14));
#2738=DIRECTION('ref_axis',(-1.,1.83365867292929E-15,0.));
#2739=DIRECTION('',(1.,-1.83365867292929E-15,0.));
#2740=DIRECTION('',(-1.63047307406161E-55,4.2632564145606E-14,-1.));
#2741=DIRECTION('',(-1.,1.83365867292929E-15,7.81735709948047E-29));
#2742=DIRECTION('center_axis',(1.,5.50097601878787E-15,2.34520712984414E-28));
#2743=DIRECTION('ref_axis',(-5.50097601878787E-15,1.,2.29107055907486E-13));
#2744=DIRECTION('',(5.50097601878787E-15,-1.,-4.56695613226451E-14));
#2745=DIRECTION('',(-5.50097601878787E-15,1.,4.2632564145606E-14));
#2746=DIRECTION('center_axis',(-8.37423872081442E-29,-4.56695613226451E-14,
1.));
#2747=DIRECTION('ref_axis',(1.,3.82447808790703E-42,8.37423872081442E-29));
#2748=DIRECTION('center_axis',(1.63047307406161E-55,-4.2632564145606E-14,
1.));
#2749=DIRECTION('ref_axis',(1.,3.82447808790703E-42,0.));
#2750=DIRECTION('',(-5.50097601878787E-15,1.,4.2632564145606E-14));
#2751=DIRECTION('',(-1.,1.83365867292929E-15,7.81735709948047E-29));
#2752=DIRECTION('',(6.87622002348483E-16,-1.,-4.2632564145606E-14));
#2753=DIRECTION('',(1.,-9.1682933647246E-16,-3.90867854977356E-29));
#2754=DIRECTION('center_axis',(0.,0.,1.));
#2755=DIRECTION('ref_axis',(1.,3.82447808790703E-42,0.));
#2756=DIRECTION('',(0.,1.,4.56695613226451E-14));
#2757=DIRECTION('',(1.,0.,8.37423872081442E-29));
#2758=DIRECTION('',(0.,-1.,-4.56695613226451E-14));
#2759=DIRECTION('',(-1.,0.,-8.37423872081442E-29));
#2760=DIRECTION('center_axis',(-1.,0.,0.));
#2761=DIRECTION('ref_axis',(0.,-1.,0.));
#2762=DIRECTION('',(0.,1.,0.));
#2763=DIRECTION('',(0.,0.,-1.));
#2764=DIRECTION('',(0.,0.,1.));
#2765=DIRECTION('center_axis',(0.,-1.,0.));
#2766=DIRECTION('ref_axis',(1.,0.,0.));
#2767=DIRECTION('',(-1.,0.,0.));
#2768=DIRECTION('',(0.,0.,-1.));
#2769=DIRECTION('center_axis',(1.,0.,0.));
#2770=DIRECTION('ref_axis',(0.,1.,0.));
#2771=DIRECTION('',(0.,-1.,0.));
#2772=DIRECTION('',(0.,0.,-1.));
#2773=DIRECTION('center_axis',(0.,1.,0.));
#2774=DIRECTION('ref_axis',(-1.,0.,0.));
#2775=DIRECTION('',(1.,0.,0.));
#2776=DIRECTION('center_axis',(0.,1.,0.));
#2777=DIRECTION('ref_axis',(-1.,0.,0.));
#2778=DIRECTION('',(0.,0.,1.));
#2779=DIRECTION('',(-1.,0.,0.));
#2780=DIRECTION('',(0.,0.,1.));
#2781=DIRECTION('',(0.,0.,1.));
#2782=DIRECTION('',(0.,0.,1.));
#2783=DIRECTION('center_axis',(1.,0.,0.));
#2784=DIRECTION('ref_axis',(0.,1.,0.));
#2785=DIRECTION('',(0.,1.,0.));
#2786=DIRECTION('',(0.,0.,1.));
#2787=DIRECTION('',(0.,0.,1.));
#2788=DIRECTION('center_axis',(0.,-1.,0.));
#2789=DIRECTION('ref_axis',(1.,0.,0.));
#2790=DIRECTION('',(0.,0.,1.));
#2791=DIRECTION('',(0.,0.,1.));
#2792=DIRECTION('',(1.,0.,0.));
#2793=DIRECTION('center_axis',(-1.,0.,0.));
#2794=DIRECTION('ref_axis',(0.,-1.,0.));
#2795=DIRECTION('',(0.,-1.,0.));
#2796=DIRECTION('center_axis',(0.,0.,1.));
#2797=DIRECTION('ref_axis',(1.,0.,0.));
#2798=DIRECTION('center_axis',(0.,0.,1.));
#2799=DIRECTION('ref_axis',(1.,0.,0.));
#2800=DIRECTION('center_axis',(0.,0.,-1.));
#2801=DIRECTION('ref_axis',(1.,0.,0.));
#2802=DIRECTION('',(0.,0.,-1.));
#2803=DIRECTION('center_axis',(0.,0.,-1.));
#2804=DIRECTION('ref_axis',(1.,0.,0.));
#2805=DIRECTION('center_axis',(0.,0.,1.));
#2806=DIRECTION('ref_axis',(1.,0.,0.));
#2807=DIRECTION('center_axis',(0.,0.,1.));
#2808=DIRECTION('ref_axis',(1.,0.,0.));
#2809=DIRECTION('',(0.,0.,-1.));
#2810=DIRECTION('center_axis',(0.,0.,1.));
#2811=DIRECTION('ref_axis',(1.,0.,0.));
#2812=DIRECTION('center_axis',(0.,0.,1.));
#2813=DIRECTION('ref_axis',(1.,0.,0.));
#2814=DIRECTION('center_axis',(0.,0.,1.));
#2815=DIRECTION('ref_axis',(1.,0.,0.));
#2816=DIRECTION('center_axis',(0.,0.,1.));
#2817=DIRECTION('ref_axis',(1.,0.,0.));
#2818=DIRECTION('center_axis',(0.,0.,-1.));
#2819=DIRECTION('ref_axis',(1.,0.,0.));
#2820=DIRECTION('',(0.,0.,-1.));
#2821=DIRECTION('center_axis',(0.,0.,-1.));
#2822=DIRECTION('ref_axis',(1.,0.,0.));
#2823=DIRECTION('center_axis',(0.,0.,1.));
#2824=DIRECTION('ref_axis',(1.,0.,0.));
#2825=DIRECTION('center_axis',(0.,0.,1.));
#2826=DIRECTION('ref_axis',(1.,0.,0.));
#2827=DIRECTION('',(0.,0.,-1.));
#2828=DIRECTION('center_axis',(0.,0.,1.));
#2829=DIRECTION('ref_axis',(1.,0.,0.));
#2830=DIRECTION('center_axis',(0.,0.,1.));
#2831=DIRECTION('ref_axis',(1.,0.,0.));
#2832=DIRECTION('center_axis',(0.,0.,1.));
#2833=DIRECTION('ref_axis',(1.,0.,0.));
#2834=DIRECTION('center_axis',(0.,0.,1.));
#2835=DIRECTION('ref_axis',(1.,0.,0.));
#2836=DIRECTION('center_axis',(0.,0.,-1.));
#2837=DIRECTION('ref_axis',(1.,0.,0.));
#2838=DIRECTION('',(0.,0.,-1.));
#2839=DIRECTION('center_axis',(0.,0.,-1.));
#2840=DIRECTION('ref_axis',(1.,0.,0.));
#2841=DIRECTION('center_axis',(0.,0.,1.));
#2842=DIRECTION('ref_axis',(1.,0.,0.));
#2843=DIRECTION('center_axis',(0.,0.,1.));
#2844=DIRECTION('ref_axis',(1.,0.,0.));
#2845=DIRECTION('',(0.,0.,-1.));
#2846=DIRECTION('center_axis',(0.,0.,1.));
#2847=DIRECTION('ref_axis',(1.,0.,0.));
#2848=DIRECTION('center_axis',(0.,0.,1.));
#2849=DIRECTION('ref_axis',(1.,0.,0.));
#2850=DIRECTION('center_axis',(0.,0.,1.));
#2851=DIRECTION('ref_axis',(1.,0.,0.));
#2852=DIRECTION('center_axis',(0.,0.,1.));
#2853=DIRECTION('ref_axis',(1.,0.,0.));
#2854=DIRECTION('center_axis',(0.,0.,-1.));
#2855=DIRECTION('ref_axis',(1.,0.,0.));
#2856=DIRECTION('',(0.,0.,-1.));
#2857=DIRECTION('center_axis',(0.,0.,-1.));
#2858=DIRECTION('ref_axis',(1.,0.,0.));
#2859=DIRECTION('center_axis',(0.,0.,1.));
#2860=DIRECTION('ref_axis',(1.,0.,0.));
#2861=DIRECTION('center_axis',(0.,0.,1.));
#2862=DIRECTION('ref_axis',(1.,0.,0.));
#2863=DIRECTION('',(0.,0.,-1.));
#2864=DIRECTION('center_axis',(0.,0.,1.));
#2865=DIRECTION('ref_axis',(1.,0.,0.));
#2866=DIRECTION('center_axis',(0.,0.,1.));
#2867=DIRECTION('ref_axis',(1.,0.,0.));
#2868=DIRECTION('center_axis',(0.,0.,1.));
#2869=DIRECTION('ref_axis',(1.,0.,0.));
#2870=CARTESIAN_POINT('',(0.,0.,0.));
#2871=CARTESIAN_POINT('Origin',(-97.5000000000004,-77.5000000000006,172.499999999975));
#2872=CARTESIAN_POINT('',(-170.,-5.00000000000058,172.499999999975));
#2873=CARTESIAN_POINT('',(-170.,-150.000000000001,172.499999999975));
#2874=CARTESIAN_POINT('',(-170.,-5.00000000000058,172.499999999975));
#2875=CARTESIAN_POINT('',(-25.0000000000004,-5.00000000000058,172.499999999975));
#2876=CARTESIAN_POINT('',(-25.0000000000004,-5.00000000000058,172.499999999975));
#2877=CARTESIAN_POINT('',(-25.0000000000004,-150.000000000001,172.499999999975));
#2878=CARTESIAN_POINT('',(-25.0000000000004,-150.000000000001,172.499999999975));
#2879=CARTESIAN_POINT('',(-170.,-150.000000000001,172.499999999975));
#2880=CARTESIAN_POINT('',(-165.,-145.000000000001,172.499999999975));
#2881=CARTESIAN_POINT('',(-30.0000000000004,-145.000000000001,172.499999999975));
#2882=CARTESIAN_POINT('',(-165.,-145.000000000001,172.499999999975));
#2883=CARTESIAN_POINT('',(-30.0000000000004,-10.0000000000006,172.499999999975));
#2884=CARTESIAN_POINT('',(-30.0000000000004,-145.000000000001,172.499999999975));
#2885=CARTESIAN_POINT('',(-165.,-10.0000000000006,172.499999999975));
#2886=CARTESIAN_POINT('',(-30.0000000000004,-10.0000000000006,172.499999999975));
#2887=CARTESIAN_POINT('',(-165.,-10.0000000000006,172.499999999975));
#2888=CARTESIAN_POINT('Origin',(-165.,-10.0000000000006,174.499999999975));
#2889=CARTESIAN_POINT('',(-165.,-10.0000000000006,174.499999999975));
#2890=CARTESIAN_POINT('',(-165.,-145.000000000001,174.499999999975));
#2891=CARTESIAN_POINT('',(-165.,-10.0000000000006,174.499999999975));
#2892=CARTESIAN_POINT('',(-165.,-145.000000000001,174.499999999975));
#2893=CARTESIAN_POINT('',(-165.,-10.0000000000006,174.499999999975));
#2894=CARTESIAN_POINT('Origin',(-30.0000000000004,-10.0000000000006,174.499999999975));
#2895=CARTESIAN_POINT('',(-30.0000000000004,-10.0000000000006,174.499999999975));
#2896=CARTESIAN_POINT('',(-30.0000000000004,-10.0000000000006,174.499999999975));
#2897=CARTESIAN_POINT('',(-30.0000000000004,-10.0000000000006,174.499999999975));
#2898=CARTESIAN_POINT('Origin',(-30.0000000000004,-145.000000000001,174.499999999975));
#2899=CARTESIAN_POINT('',(-30.0000000000004,-145.000000000001,174.499999999975));
#2900=CARTESIAN_POINT('',(-30.0000000000004,-145.000000000001,174.499999999975));
#2901=CARTESIAN_POINT('',(-30.0000000000004,-145.000000000001,174.499999999975));
#2902=CARTESIAN_POINT('Origin',(-165.,-145.000000000001,174.499999999975));
#2903=CARTESIAN_POINT('',(-165.,-145.000000000001,174.499999999975));
#2904=CARTESIAN_POINT('Origin',(-97.5000000000004,-77.5000000000006,174.499999999975));
#2905=CARTESIAN_POINT('',(-20.0000000000004,-5.76427794384765E-13,174.499999999975));
#2906=CARTESIAN_POINT('',(-20.0000000000004,-155.000000000001,174.499999999975));
#2907=CARTESIAN_POINT('',(-20.0000000000004,-5.76427794384765E-13,174.499999999975));
#2908=CARTESIAN_POINT('',(-175.,-5.76427794384765E-13,174.499999999975));
#2909=CARTESIAN_POINT('',(-175.,-5.76427794384765E-13,174.499999999975));
#2910=CARTESIAN_POINT('',(-175.,-155.000000000001,174.499999999975));
#2911=CARTESIAN_POINT('',(-175.,-155.000000000001,174.499999999975));
#2912=CARTESIAN_POINT('',(-20.0000000000004,-155.000000000001,174.499999999975));
#2913=CARTESIAN_POINT('Origin',(-170.,-5.00000000000058,172.499999999975));
#2914=CARTESIAN_POINT('',(-170.,-150.000000000001,170.999999999975));
#2915=CARTESIAN_POINT('',(-170.,-150.000000000001,172.499999999975));
#2916=CARTESIAN_POINT('',(-170.,-5.00000000000058,170.999999999975));
#2917=CARTESIAN_POINT('',(-170.,-5.00000000000058,170.999999999975));
#2918=CARTESIAN_POINT('',(-170.,-5.00000000000058,172.499999999975));
#2919=CARTESIAN_POINT('Origin',(-25.0000000000004,-5.00000000000058,172.499999999975));
#2920=CARTESIAN_POINT('',(-25.0000000000004,-5.00000000000058,170.999999999975));
#2921=CARTESIAN_POINT('',(-25.0000000000004,-5.00000000000058,170.999999999975));
#2922=CARTESIAN_POINT('',(-25.0000000000004,-5.00000000000058,172.499999999975));
#2923=CARTESIAN_POINT('Origin',(-25.0000000000004,-150.000000000001,172.499999999975));
#2924=CARTESIAN_POINT('',(-25.0000000000004,-150.000000000001,170.999999999975));
#2925=CARTESIAN_POINT('',(-25.0000000000004,-150.000000000001,170.999999999975));
#2926=CARTESIAN_POINT('',(-25.0000000000004,-150.000000000001,172.499999999975));
#2927=CARTESIAN_POINT('Origin',(-170.,-150.000000000001,172.499999999975));
#2928=CARTESIAN_POINT('',(-170.,-150.000000000001,170.999999999975));
#2929=CARTESIAN_POINT('Origin',(-175.,-5.76427794384765E-13,172.499999999975));
#2930=CARTESIAN_POINT('',(-20.0000000000004,-5.76427794384765E-13,170.999999999975));
#2931=CARTESIAN_POINT('',(-20.0000000000004,-5.76427794384765E-13,174.499999999975));
#2932=CARTESIAN_POINT('',(-175.,-5.76427794384765E-13,170.999999999975));
#2933=CARTESIAN_POINT('',(-175.,-5.76427794384765E-13,170.999999999975));
#2934=CARTESIAN_POINT('',(-175.,-5.76427794384765E-13,172.499999999975));
#2935=CARTESIAN_POINT('Origin',(-175.,-155.000000000001,172.499999999975));
#2936=CARTESIAN_POINT('',(-175.,-155.000000000001,170.999999999975));
#2937=CARTESIAN_POINT('',(-175.,-155.000000000001,170.999999999975));
#2938=CARTESIAN_POINT('',(-175.,-155.000000000001,172.499999999975));
#2939=CARTESIAN_POINT('Origin',(-20.0000000000004,-155.000000000001,172.499999999975));
#2940=CARTESIAN_POINT('',(-20.0000000000004,-155.000000000001,170.999999999975));
#2941=CARTESIAN_POINT('',(-20.0000000000004,-155.000000000001,170.999999999975));
#2942=CARTESIAN_POINT('',(-20.0000000000004,-155.000000000001,172.499999999975));
#2943=CARTESIAN_POINT('Origin',(-20.0000000000004,-5.76427794384765E-13,
172.499999999975));
#2944=CARTESIAN_POINT('',(-20.0000000000004,-5.76427794384765E-13,170.999999999975));
#2945=CARTESIAN_POINT('Origin',(-97.5000000000004,-77.5000000000006,170.999999999975));
#2946=CARTESIAN_POINT('Origin',(-77.1218821446206,-18.5338310879551,5.066666666663));
#2947=CARTESIAN_POINT('',(-81.2218821446176,-18.533831087955,1.28518307107584E-12));
#2948=CARTESIAN_POINT('Origin',(-77.1218821446206,-18.533831087955,1.28563826251593E-12));
#2949=CARTESIAN_POINT('',(-81.2218821446176,-18.5338310879551,5.00000000000129));
#2950=CARTESIAN_POINT('',(-81.2218821446176,-18.5338310879551,5.066666666663));
#2951=CARTESIAN_POINT('Origin',(-77.1218821446206,-18.5338310879551,5.00000000000129));
#2952=CARTESIAN_POINT('Origin',(-24.,3.99999999999995,46.5));
#2953=CARTESIAN_POINT('',(-25.5,3.99999999999995,52.5));
#2954=CARTESIAN_POINT('Origin',(-24.,3.99999999999995,52.5));
#2955=CARTESIAN_POINT('',(-25.5,3.99999999999995,55.5));
#2956=CARTESIAN_POINT('',(-25.5,3.99999999999995,46.5));
#2957=CARTESIAN_POINT('Origin',(-24.,3.99999999999995,55.5));
#2958=CARTESIAN_POINT('Origin',(-28.,3.99999999999995,52.5));
#2959=CARTESIAN_POINT('',(-28.,-3.5527136788005E-14,52.5));
#2960=CARTESIAN_POINT('',(-28.,3.99999999999995,52.5));
#2961=CARTESIAN_POINT('',(-28.,-3.5527136788005E-14,52.5));
#2962=CARTESIAN_POINT('',(-28.,-3.5527136788005E-14,55.5));
#2963=CARTESIAN_POINT('',(-28.,0.,26.25));
#2964=CARTESIAN_POINT('',(-28.,3.99999999999995,55.5));
#2965=CARTESIAN_POINT('',(-28.,-3.5527136788005E-14,55.5));
#2966=CARTESIAN_POINT('',(-28.,3.99999999999995,52.5));
#2967=CARTESIAN_POINT('Origin',(-24.,3.99999999999995,52.5));
#2968=CARTESIAN_POINT('',(-20.,3.99999999999995,52.5));
#2969=CARTESIAN_POINT('Origin',(-24.,3.99999999999995,52.5));
#2970=CARTESIAN_POINT('',(-20.,3.99999999999995,55.5));
#2971=CARTESIAN_POINT('Origin',(-24.,3.99999999999995,55.5));
#2972=CARTESIAN_POINT('',(-20.,3.99999999999995,52.5));
#2973=CARTESIAN_POINT('Origin',(-24.,3.99999999999995,55.5));
#2974=CARTESIAN_POINT('',(-20.,-3.5527136788005E-14,55.5));
#2975=CARTESIAN_POINT('',(-20.,3.99999999999995,55.5));
#2976=CARTESIAN_POINT('',(-22.,0.,55.5));
#2977=CARTESIAN_POINT('Origin',(-24.,3.99999999999995,52.5));
#2978=CARTESIAN_POINT('',(-20.,-3.5527136788005E-14,52.5));
#2979=CARTESIAN_POINT('',(-20.,3.99999999999995,52.5));
#2980=CARTESIAN_POINT('',(-22.,0.,52.5));
#2981=CARTESIAN_POINT('Origin',(-171.,3.99999999999999,46.5));
#2982=CARTESIAN_POINT('',(-172.5,3.99999999999999,52.5));
#2983=CARTESIAN_POINT('Origin',(-171.,3.99999999999999,52.5));
#2984=CARTESIAN_POINT('',(-172.5,3.99999999999999,55.5));
#2985=CARTESIAN_POINT('',(-172.5,3.99999999999999,46.5));
#2986=CARTESIAN_POINT('Origin',(-171.,3.99999999999999,55.5));
#2987=CARTESIAN_POINT('Origin',(-175.,3.99999999999995,52.5));
#2988=CARTESIAN_POINT('',(-175.,-3.5527136788005E-14,52.5));
#2989=CARTESIAN_POINT('',(-175.,3.99999999999995,52.5));
#2990=CARTESIAN_POINT('',(-175.,-3.5527136788005E-14,52.5));
#2991=CARTESIAN_POINT('',(-175.,-3.5527136788005E-14,55.5));
#2992=CARTESIAN_POINT('',(-175.,0.,26.25));
#2993=CARTESIAN_POINT('',(-175.,3.99999999999995,55.5));
#2994=CARTESIAN_POINT('',(-175.,-3.5527136788005E-14,55.5));
#2995=CARTESIAN_POINT('',(-175.,3.99999999999995,52.5));
#2996=CARTESIAN_POINT('Origin',(-171.,3.99999999999999,52.5));
#2997=CARTESIAN_POINT('',(-167.,3.99999999999999,52.5));
#2998=CARTESIAN_POINT('Origin',(-171.,3.99999999999999,52.5));
#2999=CARTESIAN_POINT('',(-167.,3.99999999999999,55.5));
#3000=CARTESIAN_POINT('Origin',(-171.,3.99999999999999,55.5));
#3001=CARTESIAN_POINT('',(-167.,3.99999999999999,52.5));
#3002=CARTESIAN_POINT('Origin',(-167.,-3.5527136788005E-14,52.5));
#3003=CARTESIAN_POINT('',(-167.,-3.5527136788005E-14,52.5));
#3004=CARTESIAN_POINT('',(-167.,3.99999999999999,52.5));
#3005=CARTESIAN_POINT('',(-167.,-3.5527136788005E-14,55.5));
#3006=CARTESIAN_POINT('',(-167.,3.99999999999999,55.5));
#3007=CARTESIAN_POINT('',(-167.,0.,26.25));
#3008=CARTESIAN_POINT('Origin',(-171.,3.99999999999999,55.5));
#3009=CARTESIAN_POINT('',(-95.5,0.,55.5));
#3010=CARTESIAN_POINT('Origin',(-171.,3.99999999999999,52.5));
#3011=CARTESIAN_POINT('',(-95.5,0.,52.5));
#3012=CARTESIAN_POINT('Origin',(-171.,-159.,46.5));
#3013=CARTESIAN_POINT('',(-169.5,-159.,52.5));
#3014=CARTESIAN_POINT('Origin',(-171.,-159.,52.5));
#3015=CARTESIAN_POINT('',(-169.5,-159.,55.5));
#3016=CARTESIAN_POINT('',(-169.5,-159.,46.5));
#3017=CARTESIAN_POINT('Origin',(-171.,-159.,55.5));
#3018=CARTESIAN_POINT('Origin',(-167.,-159.,52.5));
#3019=CARTESIAN_POINT('',(-167.,-155.,52.5));
#3020=CARTESIAN_POINT('',(-167.,-159.,52.5));
#3021=CARTESIAN_POINT('',(-167.,-155.,52.5));
#3022=CARTESIAN_POINT('',(-167.,-155.,55.5));
#3023=CARTESIAN_POINT('',(-167.,-155.,26.25));
#3024=CARTESIAN_POINT('',(-167.,-159.,55.5));
#3025=CARTESIAN_POINT('',(-167.,-155.,55.5));
#3026=CARTESIAN_POINT('',(-167.,-159.,52.5));
#3027=CARTESIAN_POINT('Origin',(-171.,-159.,52.5));
#3028=CARTESIAN_POINT('',(-175.,-159.,52.5));
#3029=CARTESIAN_POINT('Origin',(-171.,-159.,52.5));
#3030=CARTESIAN_POINT('',(-175.,-159.,55.5));
#3031=CARTESIAN_POINT('Origin',(-171.,-159.,55.5));
#3032=CARTESIAN_POINT('',(-175.,-159.,52.5));
#3033=CARTESIAN_POINT('Origin',(-175.,-155.,52.5));
#3034=CARTESIAN_POINT('',(-175.,-155.,52.5));
#3035=CARTESIAN_POINT('',(-175.,-159.,52.5));
#3036=CARTESIAN_POINT('',(-175.,-155.,55.5));
#3037=CARTESIAN_POINT('',(-175.,-159.,55.5));
#3038=CARTESIAN_POINT('',(-175.,-155.,26.25));
#3039=CARTESIAN_POINT('Origin',(-171.,-159.,55.5));
#3040=CARTESIAN_POINT('',(-198.,-155.,55.5));
#3041=CARTESIAN_POINT('Origin',(-171.,-159.,52.5));
#3042=CARTESIAN_POINT('',(-198.,-155.,52.5));
#3043=CARTESIAN_POINT('Origin',(-24.,-159.,46.5));
#3044=CARTESIAN_POINT('',(-22.5,-159.,52.5));
#3045=CARTESIAN_POINT('Origin',(-24.,-159.,52.5));
#3046=CARTESIAN_POINT('',(-22.5,-159.,55.5));
#3047=CARTESIAN_POINT('',(-22.5,-159.,46.5));
#3048=CARTESIAN_POINT('Origin',(-24.,-159.,55.5));
#3049=CARTESIAN_POINT('Origin',(-24.,-159.,52.5));
#3050=CARTESIAN_POINT('',(-28.,-159.,52.5));
#3051=CARTESIAN_POINT('',(-20.,-159.,52.5));
#3052=CARTESIAN_POINT('Origin',(-24.,-159.,52.5));
#3053=CARTESIAN_POINT('',(-20.,-159.,55.5));
#3054=CARTESIAN_POINT('',(-20.,-159.,52.5));
#3055=CARTESIAN_POINT('',(-28.,-159.,55.5));
#3056=CARTESIAN_POINT('Origin',(-24.,-159.,55.5));
#3057=CARTESIAN_POINT('',(-28.,-159.,52.5));
#3058=CARTESIAN_POINT('Origin',(-28.,-155.,52.5));
#3059=CARTESIAN_POINT('',(-28.,-155.,52.5));
#3060=CARTESIAN_POINT('',(-28.,-159.,52.5));
#3061=CARTESIAN_POINT('',(-28.,-155.,55.5));
#3062=CARTESIAN_POINT('',(-28.,-159.,55.5));
#3063=CARTESIAN_POINT('',(-28.,-155.,26.25));
#3064=CARTESIAN_POINT('Origin',(-24.,-159.,55.5));
#3065=CARTESIAN_POINT('',(-20.,-155.,55.5));
#3066=CARTESIAN_POINT('',(-20.,-155.,55.5));
#3067=CARTESIAN_POINT('',(-124.5,-155.,55.5));
#3068=CARTESIAN_POINT('Origin',(-24.,-159.,52.5));
#3069=CARTESIAN_POINT('',(-20.,-155.,52.5));
#3070=CARTESIAN_POINT('',(-124.5,-155.,52.5));
#3071=CARTESIAN_POINT('',(-20.,-155.,52.5));
#3072=CARTESIAN_POINT('Origin',(-22.5,-2.5,57.5));
#3073=CARTESIAN_POINT('',(-22.5,-2.5,57.5));
#3074=CARTESIAN_POINT('',(-22.5,-152.5,57.5));
#3075=CARTESIAN_POINT('',(-22.5,-2.5,57.5));
#3076=CARTESIAN_POINT('',(-22.5,-2.5,60.));
#3077=CARTESIAN_POINT('',(-22.5,-2.5,57.5));
#3078=CARTESIAN_POINT('',(-22.5,-152.5,60.));
#3079=CARTESIAN_POINT('',(-22.5,-40.,60.));
#3080=CARTESIAN_POINT('',(-22.5,-152.5,57.5));
#3081=CARTESIAN_POINT('Origin',(-172.5,-2.5,57.5));
#3082=CARTESIAN_POINT('',(-172.5,-2.5,57.5));
#3083=CARTESIAN_POINT('',(-172.5,-2.5,57.5));
#3084=CARTESIAN_POINT('',(-172.5,-2.5,60.));
#3085=CARTESIAN_POINT('',(-172.5,-2.5,57.5));
#3086=CARTESIAN_POINT('',(-147.5,-2.5,60.));
#3087=CARTESIAN_POINT('Origin',(-172.5,-152.5,57.5));
#3088=CARTESIAN_POINT('',(-172.5,-152.5,57.5));
#3089=CARTESIAN_POINT('',(-172.5,-152.5,57.5));
#3090=CARTESIAN_POINT('',(-172.5,-152.5,60.));
#3091=CARTESIAN_POINT('',(-172.5,-152.5,57.5));
#3092=CARTESIAN_POINT('',(-172.5,-115.,60.));
#3093=CARTESIAN_POINT('Origin',(-22.5,-152.5,57.5));
#3094=CARTESIAN_POINT('',(-22.5,-152.5,57.5));
#3095=CARTESIAN_POINT('',(-72.5,-152.5,60.));
#3096=CARTESIAN_POINT('Origin',(-97.5,-77.5,57.5));
#3097=CARTESIAN_POINT('',(-20.,-155.,57.5));
#3098=CARTESIAN_POINT('',(-225.,-155.,57.5));
#3099=CARTESIAN_POINT('',(-161.25,-155.,57.5));
#3100=CARTESIAN_POINT('',(-20.,0.,57.5));
#3101=CARTESIAN_POINT('',(-20.,-116.25,57.5));
#3102=CARTESIAN_POINT('',(-225.,0.,57.5));
#3103=CARTESIAN_POINT('',(-71.25,0.,57.5));
#3104=CARTESIAN_POINT('',(-225.,-38.75,57.5));
#3105=CARTESIAN_POINT('Origin',(-20.,0.,0.));
#3106=CARTESIAN_POINT('',(-20.,0.,0.));
#3107=CARTESIAN_POINT('',(-20.,0.,0.));
#3108=CARTESIAN_POINT('',(-20.,0.,0.));
#3109=CARTESIAN_POINT('',(-225.,0.,0.));
#3110=CARTESIAN_POINT('',(-225.,0.,0.));
#3111=CARTESIAN_POINT('',(-225.,0.,0.));
#3112=CARTESIAN_POINT('Origin',(-20.,-155.,0.));
#3113=CARTESIAN_POINT('',(-20.,-155.,0.));
#3114=CARTESIAN_POINT('',(-20.,-155.,0.));
#3115=CARTESIAN_POINT('',(-20.,-155.,0.));
#3116=CARTESIAN_POINT('',(-20.,0.,0.));
#3117=CARTESIAN_POINT('Origin',(-122.5,-77.5,60.));
#3118=CARTESIAN_POINT('',(-170.,-150.,60.));
#3119=CARTESIAN_POINT('',(-170.,-5.,60.));
#3120=CARTESIAN_POINT('',(-170.,-116.25,60.));
#3121=CARTESIAN_POINT('',(-25.,-5.,60.));
#3122=CARTESIAN_POINT('',(-71.25,-5.,60.));
#3123=CARTESIAN_POINT('',(-25.,-150.,60.));
#3124=CARTESIAN_POINT('',(-25.,-116.25,60.));
#3125=CARTESIAN_POINT('',(-173.75,-150.,60.));
#3126=CARTESIAN_POINT('Origin',(-170.,-155.,55.));
#3127=CARTESIAN_POINT('',(-170.,-150.,55.));
#3128=CARTESIAN_POINT('',(-170.,-150.,27.5));
#3129=CARTESIAN_POINT('',(-170.,-5.,55.));
#3130=CARTESIAN_POINT('',(-170.,-116.25,55.));
#3131=CARTESIAN_POINT('',(-170.,-5.,27.5));
#3132=CARTESIAN_POINT('Origin',(-200.,-77.5,55.));
#3133=CARTESIAN_POINT('',(-220.,-150.,55.));
#3134=CARTESIAN_POINT('',(-212.5,-150.,55.));
#3135=CARTESIAN_POINT('',(-220.,-5.,55.));
#3136=CARTESIAN_POINT('',(-220.,-38.75,55.));
#3137=CARTESIAN_POINT('',(-110.,-5.,55.));
#3138=CARTESIAN_POINT('Origin',(-225.,0.,0.));
#3139=CARTESIAN_POINT('',(-225.,-155.,0.));
#3140=CARTESIAN_POINT('',(-225.,-155.,0.));
#3141=CARTESIAN_POINT('',(-225.,-155.,0.));
#3142=CARTESIAN_POINT('Origin',(-20.,-5.,0.));
#3143=CARTESIAN_POINT('',(-220.,-5.,5.));
#3144=CARTESIAN_POINT('',(-220.,-5.,0.));
#3145=CARTESIAN_POINT('',(-25.,-5.,5.));
#3146=CARTESIAN_POINT('',(-71.25,-5.,5.));
#3147=CARTESIAN_POINT('',(-25.,-5.,0.));
#3148=CARTESIAN_POINT('Origin',(-220.,0.,0.));
#3149=CARTESIAN_POINT('',(-220.,-150.,5.));
#3150=CARTESIAN_POINT('',(-220.,-150.,0.));
#3151=CARTESIAN_POINT('',(-220.,-38.75,5.));
#3152=CARTESIAN_POINT('Origin',(-25.,-155.,0.));
#3153=CARTESIAN_POINT('',(-25.,-150.,5.));
#3154=CARTESIAN_POINT('',(-25.,-116.25,5.));
#3155=CARTESIAN_POINT('',(-25.,-150.,0.));
#3156=CARTESIAN_POINT('Origin',(-225.,-150.,0.));
#3157=CARTESIAN_POINT('',(-173.75,-150.,5.));
#3158=CARTESIAN_POINT('Origin',(-122.5,-77.5,5.));
#3159=CARTESIAN_POINT('Origin',(-225.,-155.,0.));
#3160=CARTESIAN_POINT('',(-20.,-155.,0.));
#3161=CARTESIAN_POINT('Origin',(-122.5,-77.5,0.));
#3162=CARTESIAN_POINT('Origin',(-59.6798821446206,-18.5338310879551,5.));
#3163=CARTESIAN_POINT('',(-61.1798821446206,-18.5338310879551,10.5));
#3164=CARTESIAN_POINT('Origin',(-59.6798821446206,-18.5338310879551,10.5));
#3165=CARTESIAN_POINT('',(-61.1798821446206,-18.5338310879551,5.));
#3166=CARTESIAN_POINT('',(-61.1798821446206,-18.5338310879551,5.));
#3167=CARTESIAN_POINT('Origin',(-59.6798821446206,-18.5338310879551,5.));
#3168=CARTESIAN_POINT('Origin',(-59.6798821446206,-18.5338310879551,10.5));
#3169=CARTESIAN_POINT('Origin',(-59.6798821446206,-18.5338310879551,5.));
#3170=CARTESIAN_POINT('Origin',(-97.6798821446206,-18.5338310879551,5.));
#3171=CARTESIAN_POINT('',(-99.1798821446206,-18.5338310879551,10.5));
#3172=CARTESIAN_POINT('Origin',(-97.6798821446206,-18.5338310879551,10.5));
#3173=CARTESIAN_POINT('',(-99.1798821446206,-18.5338310879551,5.));
#3174=CARTESIAN_POINT('',(-99.1798821446206,-18.5338310879551,5.));
#3175=CARTESIAN_POINT('Origin',(-97.6798821446206,-18.5338310879551,5.));
#3176=CARTESIAN_POINT('Origin',(-97.6798821446206,-18.5338310879551,10.5));
#3177=CARTESIAN_POINT('Origin',(-97.6798821446206,-18.5338310879551,5.));
#3178=CARTESIAN_POINT('Origin',(-24.,3.99999999999995,103.5));
#3179=CARTESIAN_POINT('',(-25.5,3.99999999999995,109.5));
#3180=CARTESIAN_POINT('Origin',(-24.,3.99999999999995,109.5));
#3181=CARTESIAN_POINT('',(-25.5,3.99999999999995,112.5));
#3182=CARTESIAN_POINT('',(-25.5,3.99999999999995,103.5));
#3183=CARTESIAN_POINT('Origin',(-24.,3.99999999999995,112.5));
#3184=CARTESIAN_POINT('Origin',(-28.,3.99999999999995,109.5));
#3185=CARTESIAN_POINT('',(-28.,-3.5527136788005E-14,109.5));
#3186=CARTESIAN_POINT('',(-28.,3.99999999999995,109.5));
#3187=CARTESIAN_POINT('',(-28.,-3.5527136788005E-14,109.5));
#3188=CARTESIAN_POINT('',(-28.,-3.5527136788005E-14,112.5));
#3189=CARTESIAN_POINT('',(-28.,-1.06581410364015E-13,108.500000000002));
#3190=CARTESIAN_POINT('',(-28.,3.99999999999995,112.5));
#3191=CARTESIAN_POINT('',(-28.,-3.5527136788005E-14,112.5));
#3192=CARTESIAN_POINT('',(-28.,3.99999999999995,109.5));
#3193=CARTESIAN_POINT('Origin',(-24.,3.99999999999995,109.5));
#3194=CARTESIAN_POINT('',(-20.,3.99999999999995,109.5));
#3195=CARTESIAN_POINT('Origin',(-24.,3.99999999999995,109.5));
#3196=CARTESIAN_POINT('',(-20.,3.99999999999995,112.5));
#3197=CARTESIAN_POINT('Origin',(-24.,3.99999999999995,112.5));
#3198=CARTESIAN_POINT('',(-20.,3.99999999999995,109.5));
#3199=CARTESIAN_POINT('Origin',(-24.,3.99999999999995,112.5));
#3200=CARTESIAN_POINT('',(-20.,-3.5527136788005E-14,112.5));
#3201=CARTESIAN_POINT('',(-20.,3.99999999999995,112.5));
#3202=CARTESIAN_POINT('',(-22.0000000000002,-1.06581410364015E-13,112.5));
#3203=CARTESIAN_POINT('Origin',(-24.,3.99999999999995,109.5));
#3204=CARTESIAN_POINT('',(-20.,-3.5527136788005E-14,109.5));
#3205=CARTESIAN_POINT('',(-20.,3.99999999999995,109.5));
#3206=CARTESIAN_POINT('',(-22.0000000000002,-1.06581410364015E-13,109.5));
#3207=CARTESIAN_POINT('Origin',(-24.,-159.,103.5));
#3208=CARTESIAN_POINT('',(-22.5,-159.,109.5));
#3209=CARTESIAN_POINT('Origin',(-24.,-159.,109.5));
#3210=CARTESIAN_POINT('',(-22.5,-159.,112.5));
#3211=CARTESIAN_POINT('',(-22.5,-159.,103.5));
#3212=CARTESIAN_POINT('Origin',(-24.,-159.,112.5));
#3213=CARTESIAN_POINT('Origin',(-24.,-159.,109.5));
#3214=CARTESIAN_POINT('',(-28.,-159.,109.5));
#3215=CARTESIAN_POINT('',(-20.,-159.,109.5));
#3216=CARTESIAN_POINT('Origin',(-24.,-159.,109.5));
#3217=CARTESIAN_POINT('',(-20.,-159.,112.5));
#3218=CARTESIAN_POINT('',(-20.,-159.,109.5));
#3219=CARTESIAN_POINT('',(-28.,-159.,112.5));
#3220=CARTESIAN_POINT('Origin',(-24.,-159.,112.5));
#3221=CARTESIAN_POINT('',(-28.,-159.,109.5));
#3222=CARTESIAN_POINT('Origin',(-28.,-155.,109.5));
#3223=CARTESIAN_POINT('',(-28.,-155.,109.5));
#3224=CARTESIAN_POINT('',(-28.,-159.,109.5));
#3225=CARTESIAN_POINT('',(-28.,-155.,112.5));
#3226=CARTESIAN_POINT('',(-28.,-159.,112.5));
#3227=CARTESIAN_POINT('',(-28.,-155.,108.500000000002));
#3228=CARTESIAN_POINT('Origin',(-24.,-159.,112.5));
#3229=CARTESIAN_POINT('',(-20.,-155.,112.5));
#3230=CARTESIAN_POINT('',(-20.,-155.,112.5));
#3231=CARTESIAN_POINT('',(-99.5000000000002,-155.,112.5));
#3232=CARTESIAN_POINT('Origin',(-24.,-159.,109.5));
#3233=CARTESIAN_POINT('',(-20.,-155.,109.5));
#3234=CARTESIAN_POINT('',(-99.5000000000002,-155.,109.5));
#3235=CARTESIAN_POINT('',(-20.,-155.,109.5));
#3236=CARTESIAN_POINT('Origin',(-171.,3.99999999999999,103.5));
#3237=CARTESIAN_POINT('',(-172.5,3.99999999999999,109.5));
#3238=CARTESIAN_POINT('Origin',(-171.,3.99999999999999,109.5));
#3239=CARTESIAN_POINT('',(-172.5,3.99999999999999,112.5));
#3240=CARTESIAN_POINT('',(-172.5,3.99999999999999,103.5));
#3241=CARTESIAN_POINT('Origin',(-171.,3.99999999999999,112.5));
#3242=CARTESIAN_POINT('Origin',(-171.,3.99999999999999,109.5));
#3243=CARTESIAN_POINT('',(-167.,3.99999999999999,109.5));
#3244=CARTESIAN_POINT('',(-175.,3.99999999999995,109.5));
#3245=CARTESIAN_POINT('Origin',(-171.,3.99999999999999,109.5));
#3246=CARTESIAN_POINT('',(-175.,3.99999999999995,112.5));
#3247=CARTESIAN_POINT('',(-175.,3.99999999999995,109.5));
#3248=CARTESIAN_POINT('',(-167.,3.99999999999999,112.5));
#3249=CARTESIAN_POINT('Origin',(-171.,3.99999999999999,112.5));
#3250=CARTESIAN_POINT('',(-167.,3.99999999999999,109.5));
#3251=CARTESIAN_POINT('Origin',(-167.,-3.5527136788005E-14,109.5));
#3252=CARTESIAN_POINT('',(-167.,-3.5527136788005E-14,109.5));
#3253=CARTESIAN_POINT('',(-167.,3.99999999999999,109.5));
#3254=CARTESIAN_POINT('',(-167.,-3.5527136788005E-14,112.5));
#3255=CARTESIAN_POINT('',(-167.,3.99999999999999,112.5));
#3256=CARTESIAN_POINT('',(-167.,-1.06581410364015E-13,108.500000000002));
#3257=CARTESIAN_POINT('Origin',(-171.,3.99999999999999,112.5));
#3258=CARTESIAN_POINT('',(-175.,-3.5527136788005E-14,112.5));
#3259=CARTESIAN_POINT('',(-175.,-3.5527136788005E-14,112.5));
#3260=CARTESIAN_POINT('',(-95.5000000000002,-1.06581410364015E-13,112.5));
#3261=CARTESIAN_POINT('Origin',(-171.,3.99999999999999,109.5));
#3262=CARTESIAN_POINT('',(-175.,-3.5527136788005E-14,109.5));
#3263=CARTESIAN_POINT('',(-95.5000000000002,-1.06581410364015E-13,109.5));
#3264=CARTESIAN_POINT('',(-175.,-3.5527136788005E-14,109.5));
#3265=CARTESIAN_POINT('Origin',(-171.,-159.,103.5));
#3266=CARTESIAN_POINT('',(-169.5,-159.,109.5));
#3267=CARTESIAN_POINT('Origin',(-171.,-159.,109.5));
#3268=CARTESIAN_POINT('',(-169.5,-159.,112.5));
#3269=CARTESIAN_POINT('',(-169.5,-159.,103.5));
#3270=CARTESIAN_POINT('Origin',(-171.,-159.,112.5));
#3271=CARTESIAN_POINT('Origin',(-167.,-159.,109.5));
#3272=CARTESIAN_POINT('',(-167.,-155.,109.5));
#3273=CARTESIAN_POINT('',(-167.,-159.,109.5));
#3274=CARTESIAN_POINT('',(-167.,-155.,109.5));
#3275=CARTESIAN_POINT('',(-167.,-155.,112.5));
#3276=CARTESIAN_POINT('',(-167.,-155.,108.500000000002));
#3277=CARTESIAN_POINT('',(-167.,-159.,112.5));
#3278=CARTESIAN_POINT('',(-167.,-155.,112.5));
#3279=CARTESIAN_POINT('',(-167.,-159.,109.5));
#3280=CARTESIAN_POINT('Origin',(-171.,-159.,109.5));
#3281=CARTESIAN_POINT('',(-175.,-159.,109.5));
#3282=CARTESIAN_POINT('Origin',(-171.,-159.,109.5));
#3283=CARTESIAN_POINT('',(-175.,-159.,112.5));
#3284=CARTESIAN_POINT('Origin',(-171.,-159.,112.5));
#3285=CARTESIAN_POINT('',(-175.,-159.,109.5));
#3286=CARTESIAN_POINT('Origin',(-171.,-159.,112.5));
#3287=CARTESIAN_POINT('',(-175.,-155.,112.5));
#3288=CARTESIAN_POINT('',(-175.,-159.,112.5));
#3289=CARTESIAN_POINT('',(-173.,-155.,112.5));
#3290=CARTESIAN_POINT('Origin',(-171.,-159.,109.5));
#3291=CARTESIAN_POINT('',(-175.,-155.,109.5));
#3292=CARTESIAN_POINT('',(-175.,-159.,109.5));
#3293=CARTESIAN_POINT('',(-173.,-155.,109.5));
#3294=CARTESIAN_POINT('Origin',(-57.5,-117.5,55.));
#3295=CARTESIAN_POINT('',(-57.5,-37.5000000000002,115.000000000002));
#3296=CARTESIAN_POINT('',(-57.5,-117.5,114.999999999998));
#3297=CARTESIAN_POINT('',(-57.5,-97.5000000000016,114.999999999999));
#3298=CARTESIAN_POINT('',(-57.5,-37.5000000000002,110.));
#3299=CARTESIAN_POINT('',(-57.5,-37.5000000000002,55.));
#3300=CARTESIAN_POINT('',(-57.5,-117.5,110.));
#3301=CARTESIAN_POINT('',(-57.5,-97.5000000000001,110.));
#3302=CARTESIAN_POINT('',(-57.5,-117.5,55.));
#3303=CARTESIAN_POINT('Origin',(-137.5,-117.5,55.));
#3304=CARTESIAN_POINT('',(-137.5,-117.5,114.999999999998));
#3305=CARTESIAN_POINT('',(-117.5,-117.5,114.999999999998));
#3306=CARTESIAN_POINT('',(-137.5,-117.5,110.));
#3307=CARTESIAN_POINT('',(-117.5,-117.5,110.));
#3308=CARTESIAN_POINT('',(-137.5,-117.5,55.));
#3309=CARTESIAN_POINT('Origin',(-137.5,-37.5000000000002,55.));
#3310=CARTESIAN_POINT('',(-137.5,-37.5000000000002,115.000000000002));
#3311=CARTESIAN_POINT('',(-137.5,-57.5000000000016,115.000000000001));
#3312=CARTESIAN_POINT('',(-137.5,-37.5000000000002,110.));
#3313=CARTESIAN_POINT('',(-137.5,-57.5000000000001,110.));
#3314=CARTESIAN_POINT('',(-137.5,-37.5000000000002,55.));
#3315=CARTESIAN_POINT('Origin',(-57.5,-37.5000000000002,55.));
#3316=CARTESIAN_POINT('',(-77.5,-37.5000000000002,115.000000000002));
#3317=CARTESIAN_POINT('',(-77.5,-37.5000000000002,110.));
#3318=CARTESIAN_POINT('Origin',(-175.,-150.,109.999999999997));
#3319=CARTESIAN_POINT('',(-170.,-150.,114.999999999997));
#3320=CARTESIAN_POINT('',(-24.9999999999995,-150.,114.999999999997));
#3321=CARTESIAN_POINT('',(-136.25,-150.,114.999999999997));
#3322=CARTESIAN_POINT('',(-170.,-150.,120.999999999968));
#3323=CARTESIAN_POINT('',(-170.,-150.,109.999999999997));
#3324=CARTESIAN_POINT('',(-24.9999999999995,-150.000000000001,120.999999999968));
#3325=CARTESIAN_POINT('',(-136.25,-150.000000000001,120.999999999968));
#3326=CARTESIAN_POINT('',(-24.9999999999995,-150.,109.999999999982));
#3327=CARTESIAN_POINT('Origin',(-170.000000000001,1.77635683940025E-13,
110.000000000004));
#3328=CARTESIAN_POINT('',(-170.000000000001,-5.00000000000004,115.000000000003));
#3329=CARTESIAN_POINT('',(-170.,-38.7500000000001,115.000000000002));
#3330=CARTESIAN_POINT('',(-170.000000000001,-5.00000000000029,120.999999999974));
#3331=CARTESIAN_POINT('',(-170.000000000001,-4.99999999999982,110.000000000003));
#3332=CARTESIAN_POINT('',(-170.,-38.7500000000004,120.999999999973));
#3333=CARTESIAN_POINT('Origin',(-20.0000000000004,-5.00000000000011,110.000000000003));
#3334=CARTESIAN_POINT('',(-25.0000000000004,-5.00000000000032,115.000000000003));
#3335=CARTESIAN_POINT('',(-58.7500000000001,-5.00000000000025,115.000000000003));
#3336=CARTESIAN_POINT('',(-25.0000000000004,-5.00000000000058,120.999999999974));
#3337=CARTESIAN_POINT('',(-25.0000000000004,-5.00000000000011,109.999999999989));
#3338=CARTESIAN_POINT('',(-58.7500000000001,-5.00000000000051,120.999999999974));
#3339=CARTESIAN_POINT('Origin',(-24.9999999999995,-155.,109.999999999968));
#3340=CARTESIAN_POINT('',(-24.9999999999997,-116.25,114.999999999998));
#3341=CARTESIAN_POINT('',(-24.9999999999997,-116.25,120.99999999997));
#3342=CARTESIAN_POINT('Origin',(-97.5,-77.5000000000002,115.));
#3343=CARTESIAN_POINT('Origin',(-97.5,-77.5000000000004,120.999999999971));
#3344=CARTESIAN_POINT('',(-19.9999999999995,-155.000000000001,120.999999999968));
#3345=CARTESIAN_POINT('',(-20.0000000000004,-5.76427794384765E-13,120.999999999975));
#3346=CARTESIAN_POINT('',(-19.9999999999997,-116.25,120.99999999997));
#3347=CARTESIAN_POINT('',(-175.000000000001,-2.92210700080725E-13,120.999999999975));
#3348=CARTESIAN_POINT('',(-58.7500000000001,-5.06261699229071E-13,120.999999999975));
#3349=CARTESIAN_POINT('',(-175.,-155.,120.999999999968));
#3350=CARTESIAN_POINT('',(-175.,-38.7500000000004,120.999999999973));
#3351=CARTESIAN_POINT('',(-136.25,-155.000000000001,120.999999999968));
#3352=CARTESIAN_POINT('Origin',(-97.5,-77.5,110.));
#3353=CARTESIAN_POINT('',(-22.4700000000004,-2.47000000000011,110.000000000003));
#3354=CARTESIAN_POINT('',(-22.4700000000004,-152.53,109.999999999997));
#3355=CARTESIAN_POINT('',(-22.4700000000004,-40.0000000000001,110.000000000002));
#3356=CARTESIAN_POINT('',(-172.53,-152.53,109.999999999997));
#3357=CARTESIAN_POINT('',(-60.0000000000002,-152.53,109.999999999997));
#3358=CARTESIAN_POINT('',(-172.53,-2.47000000000011,110.000000000003));
#3359=CARTESIAN_POINT('',(-172.53,-115.,109.999999999998));
#3360=CARTESIAN_POINT('',(-135.,-2.47000000000011,110.000000000003));
#3361=CARTESIAN_POINT('Origin',(-22.4700000000004,-2.50000000000011,107.500000000004));
#3362=CARTESIAN_POINT('',(-22.4700000000004,-2.47000000000011,107.500000000004));
#3363=CARTESIAN_POINT('',(-22.4700000000004,-152.53,107.500000000004));
#3364=CARTESIAN_POINT('',(-22.4700000000004,-40.0000000000001,107.500000000004));
#3365=CARTESIAN_POINT('',(-22.4700000000004,-152.53,107.500000000004));
#3366=CARTESIAN_POINT('',(-22.4700000000004,-2.47000000000011,107.500000000004));
#3367=CARTESIAN_POINT('Origin',(-172.5,-2.47000000000011,107.500000000004));
#3368=CARTESIAN_POINT('',(-172.53,-2.47000000000011,107.500000000004));
#3369=CARTESIAN_POINT('',(-135.,-2.47000000000011,107.500000000004));
#3370=CARTESIAN_POINT('',(-172.53,-2.47000000000011,107.500000000004));
#3371=CARTESIAN_POINT('Origin',(-172.53,-152.5,107.500000000004));
#3372=CARTESIAN_POINT('',(-172.53,-152.53,107.500000000004));
#3373=CARTESIAN_POINT('',(-172.53,-115.,107.500000000004));
#3374=CARTESIAN_POINT('',(-172.53,-152.53,107.500000000004));
#3375=CARTESIAN_POINT('Origin',(-22.5000000000004,-152.53,107.500000000004));
#3376=CARTESIAN_POINT('',(-60.0000000000004,-152.53,107.500000000004));
#3377=CARTESIAN_POINT('Origin',(-20.0000000000004,-1.06581410364015E-13,
107.500000000004));
#3378=CARTESIAN_POINT('',(-20.0000000000004,-1.06581410364015E-13,107.500000000004));
#3379=CARTESIAN_POINT('',(-20.0000000000004,-1.06581410364015E-13,107.500000000004));
#3380=CARTESIAN_POINT('',(-175.,-1.06581410364015E-13,107.500000000004));
#3381=CARTESIAN_POINT('',(-20.0000000000004,-1.06581410364015E-13,107.500000000004));
#3382=CARTESIAN_POINT('',(-175.,-1.06581410364015E-13,107.500000000004));
#3383=CARTESIAN_POINT('',(-175.,-1.06581410364015E-13,107.500000000004));
#3384=CARTESIAN_POINT('',(-20.0000000000004,-1.06581410364015E-13,107.500000000004));
#3385=CARTESIAN_POINT('Origin',(-20.0000000000004,-155.,107.500000000004));
#3386=CARTESIAN_POINT('',(-20.0000000000004,-155.,107.500000000004));
#3387=CARTESIAN_POINT('',(-20.0000000000004,-155.,107.500000000004));
#3388=CARTESIAN_POINT('',(-20.0000000000004,-155.,107.500000000004));
#3389=CARTESIAN_POINT('',(-20.0000000000004,-155.,107.500000000004));
#3390=CARTESIAN_POINT('Origin',(-175.,-155.,107.500000000004));
#3391=CARTESIAN_POINT('',(-175.,-155.,107.500000000004));
#3392=CARTESIAN_POINT('',(-175.,-155.,107.500000000004));
#3393=CARTESIAN_POINT('',(-175.,-155.,107.500000000004));
#3394=CARTESIAN_POINT('',(-175.,-155.,107.500000000004));
#3395=CARTESIAN_POINT('Origin',(-175.,-1.06581410364015E-13,107.500000000004));
#3396=CARTESIAN_POINT('',(-175.,-1.06581410364015E-13,107.500000000004));
#3397=CARTESIAN_POINT('Origin',(-97.5000000000004,-77.5000000000001,107.500000000004));
#3398=CARTESIAN_POINT('Origin',(-147.49999999504,-27.5000000070807,5.00021900242674));
#3399=CARTESIAN_POINT('',(-149.44999999504,-27.5000000070807,11.5002190024267));
#3400=CARTESIAN_POINT('Origin',(-147.49999999504,-27.5000000070807,11.5002190024267));
#3401=CARTESIAN_POINT('',(-149.44999999504,-27.5000000070807,5.00021900242674));
#3402=CARTESIAN_POINT('',(-149.44999999504,-27.5000000070807,5.00021900242674));
#3403=CARTESIAN_POINT('Origin',(-147.49999999504,-27.5000000070807,5.00021900242674));
#3404=CARTESIAN_POINT('Origin',(-147.49999999504,-27.5000000070807,5.00021900242674));
#3405=CARTESIAN_POINT('',(-151.99999999504,-27.5000000070807,11.5002190024267));
#3406=CARTESIAN_POINT('Origin',(-147.49999999504,-27.5000000070807,11.5002190024267));
#3407=CARTESIAN_POINT('',(-151.99999999504,-27.5000000070807,5.00021900242674));
#3408=CARTESIAN_POINT('',(-151.99999999504,-27.5000000070807,5.00021900242674));
#3409=CARTESIAN_POINT('Origin',(-147.49999999504,-27.5000000070807,5.00021900242674));
#3410=CARTESIAN_POINT('Origin',(-147.49999999504,-27.5000000070807,11.5002190024267));
#3411=CARTESIAN_POINT('Origin',(-147.49999999504,-27.5000000070807,5.00021900242674));
#3412=CARTESIAN_POINT('Origin',(-47.4999999950403,-127.500000007081,5.00021900242674));
#3413=CARTESIAN_POINT('',(-49.4499999950403,-127.500000007081,11.5002190024267));
#3414=CARTESIAN_POINT('Origin',(-47.4999999950403,-127.500000007081,11.5002190024267));
#3415=CARTESIAN_POINT('',(-49.4499999950403,-127.500000007081,5.00021900242674));
#3416=CARTESIAN_POINT('',(-49.4499999950403,-127.500000007081,5.00021900242674));
#3417=CARTESIAN_POINT('Origin',(-47.4999999950403,-127.500000007081,5.00021900242674));
#3418=CARTESIAN_POINT('Origin',(-47.4999999950403,-127.500000007081,5.00021900242674));
#3419=CARTESIAN_POINT('',(-51.9999999950403,-127.500000007081,11.5002190024267));
#3420=CARTESIAN_POINT('Origin',(-47.4999999950403,-127.500000007081,11.5002190024267));
#3421=CARTESIAN_POINT('',(-51.9999999950403,-127.500000007081,5.00021900242674));
#3422=CARTESIAN_POINT('',(-51.9999999950403,-127.500000007081,5.00021900242674));
#3423=CARTESIAN_POINT('Origin',(-47.4999999950403,-127.500000007081,5.00021900242674));
#3424=CARTESIAN_POINT('Origin',(-47.4999999950403,-127.500000007081,11.5002190024267));
#3425=CARTESIAN_POINT('Origin',(-47.4999999950403,-127.500000007081,5.00021900242674));
#3426=CARTESIAN_POINT('Origin',(-147.49999999504,-127.500000007081,5.00021900242674));
#3427=CARTESIAN_POINT('',(-149.44999999504,-127.500000007081,11.5002190024267));
#3428=CARTESIAN_POINT('Origin',(-147.49999999504,-127.500000007081,11.5002190024267));
#3429=CARTESIAN_POINT('',(-149.44999999504,-127.500000007081,5.00021900242674));
#3430=CARTESIAN_POINT('',(-149.44999999504,-127.500000007081,5.00021900242674));
#3431=CARTESIAN_POINT('Origin',(-147.49999999504,-127.500000007081,5.00021900242674));
#3432=CARTESIAN_POINT('Origin',(-147.49999999504,-127.500000007081,5.00021900242674));
#3433=CARTESIAN_POINT('',(-151.99999999504,-127.500000007081,11.5002190024267));
#3434=CARTESIAN_POINT('Origin',(-147.49999999504,-127.500000007081,11.5002190024267));
#3435=CARTESIAN_POINT('',(-151.99999999504,-127.500000007081,5.00021900242674));
#3436=CARTESIAN_POINT('',(-151.99999999504,-127.500000007081,5.00021900242674));
#3437=CARTESIAN_POINT('Origin',(-147.49999999504,-127.500000007081,5.00021900242674));
#3438=CARTESIAN_POINT('Origin',(-147.49999999504,-127.500000007081,11.5002190024267));
#3439=CARTESIAN_POINT('Origin',(-147.49999999504,-127.500000007081,5.00021900242674));
#3440=CARTESIAN_POINT('Origin',(-47.4999999950403,-27.5000000070807,5.00021900242674));
#3441=CARTESIAN_POINT('',(-49.4499999950403,-27.5000000070807,11.5002190024267));
#3442=CARTESIAN_POINT('Origin',(-47.4999999950403,-27.5000000070807,11.5002190024267));
#3443=CARTESIAN_POINT('',(-49.4499999950403,-27.5000000070807,5.00021900242674));
#3444=CARTESIAN_POINT('',(-49.4499999950403,-27.5000000070807,5.00021900242674));
#3445=CARTESIAN_POINT('Origin',(-47.4999999950403,-27.5000000070807,5.00021900242674));
#3446=CARTESIAN_POINT('Origin',(-47.4999999950403,-27.5000000070807,5.00021900242674));
#3447=CARTESIAN_POINT('',(-51.9999999950403,-27.5000000070807,11.5002190024267));
#3448=CARTESIAN_POINT('Origin',(-47.4999999950403,-27.5000000070807,11.5002190024267));
#3449=CARTESIAN_POINT('',(-51.9999999950403,-27.5000000070807,5.00021900242674));
#3450=CARTESIAN_POINT('',(-51.9999999950403,-27.5000000070807,5.00021900242674));
#3451=CARTESIAN_POINT('Origin',(-47.4999999950403,-27.5000000070807,5.00021900242674));
#3452=CARTESIAN_POINT('Origin',(-47.4999999950403,-27.5000000070807,11.5002190024267));
#3453=CARTESIAN_POINT('Origin',(-47.4999999950403,-27.5000000070807,5.00021900242674));
#3454=UNCERTAINTY_MEASURE_WITH_UNIT(LENGTH_MEASURE(0.01),#3458,
'DISTANCE_ACCURACY_VALUE',
'Maximum model space distance between geometric entities at asserted c
onnectivities');
#3455=UNCERTAINTY_MEASURE_WITH_UNIT(LENGTH_MEASURE(0.01),#3458,
'DISTANCE_ACCURACY_VALUE',
'Maximum model space distance between geometric entities at asserted c
onnectivities');
#3456=(
GEOMETRIC_REPRESENTATION_CONTEXT(3)
GLOBAL_UNCERTAINTY_ASSIGNED_CONTEXT((#3454))
GLOBAL_UNIT_ASSIGNED_CONTEXT((#3458,#3460,#3461))
REPRESENTATION_CONTEXT('','3D')
);
#3457=(
GEOMETRIC_REPRESENTATION_CONTEXT(3)
GLOBAL_UNCERTAINTY_ASSIGNED_CONTEXT((#3455))
GLOBAL_UNIT_ASSIGNED_CONTEXT((#3458,#3460,#3461))
REPRESENTATION_CONTEXT('','3D')
);
#3458=(
LENGTH_UNIT()
NAMED_UNIT(*)
SI_UNIT(.MILLI.,.METRE.)
);
#3459=(
LENGTH_UNIT()
NAMED_UNIT(*)
SI_UNIT($,.METRE.)
);
#3460=(
NAMED_UNIT(*)
PLANE_ANGLE_UNIT()
SI_UNIT($,.RADIAN.)
);
#3461=(
NAMED_UNIT(*)
SI_UNIT($,.STERADIAN.)
SOLID_ANGLE_UNIT()
);
#3462=SHAPE_DEFINITION_REPRESENTATION(#3463,#3464);
#3463=PRODUCT_DEFINITION_SHAPE('',$,#3466);
#3464=SHAPE_REPRESENTATION('',(#2126),#3456);
#3465=PRODUCT_DEFINITION_CONTEXT('part definition',#3470,'design');
#3466=PRODUCT_DEFINITION('2026-05-27-10-14-20-375','AgroNeck',#3467,#3465);
#3467=PRODUCT_DEFINITION_FORMATION('',$,#3472);
#3468=PRODUCT_RELATED_PRODUCT_CATEGORY('AgroNeck','AgroNeck',(#3472));
#3469=APPLICATION_PROTOCOL_DEFINITION('international standard',
'automotive_design',2009,#3470);
#3470=APPLICATION_CONTEXT(
'Core Data for Automotive Mechanical Design Process');
#3471=PRODUCT_CONTEXT('part definition',#3470,'mechanical');
#3472=PRODUCT('2026-05-27-10-14-20-375','AgroNeck',$,(#3471));
#3473=PRESENTATION_STYLE_ASSIGNMENT((#3475));
#3474=PRESENTATION_STYLE_ASSIGNMENT((#3476));
#3475=SURFACE_STYLE_USAGE(.BOTH.,#3477);
#3476=SURFACE_STYLE_USAGE(.BOTH.,#3478);
#3477=SURFACE_SIDE_STYLE('',(#3479));
#3478=SURFACE_SIDE_STYLE('',(#3480));
#3479=SURFACE_STYLE_FILL_AREA(#3481);
#3480=SURFACE_STYLE_FILL_AREA(#3482);
#3481=FILL_AREA_STYLE('Acero - Satinado',(#3483));
#3482=FILL_AREA_STYLE('Opaque(229,235,237)',(#3484));
#3483=FILL_AREA_STYLE_COLOUR('Acero - Satinado',#3485);
#3484=FILL_AREA_STYLE_COLOUR('Opaque(229,235,237)',#3486);
#3485=COLOUR_RGB('Acero - Satinado',0.627450980392157,0.627450980392157,
0.627450980392157);
#3486=COLOUR_RGB('Opaque(229,235,237)',0.898039215686275,0.92156862745098,
0.929411764705882);
ENDSEC;
END-ISO-10303-21;
